sample_id,pred,pred_seq,pred_mono,pred_all,col_text,col_n,kinh_n,sec,cell_char,note
M2_0000,晟,晟,晟,晟,脈前生坤用雍凜連疑晟某因省仁德求朱安慰,19,19,0.3009,妄,ok
M2_0001,,隨,,,子俊命碑罪朱時旦升德主支秋麻階碎如乾燕詩隨朱,22,23,0.2387,隘,ok
M2_0002,架,也,架,架,晉昆舜德主爾也直爾架也朱花算傳每事世閣,19,19,0.1481,犯,ok
M2_0003,吏,吏,吏,吏助,國臣因冷兵各架為事公欺雷旦几助吏体各等葛女稱,22,22,0.1658,杢,ok
M2_0004,輩,輩,輩,輩,油蘇些推在旦實罪事席理公到尋公明輩異圣天神,21,21,0.1739,事,ok
M2_0005,臻,百,百,臻,欺年返吃歲府已黃臻百作共谷架仁德常四稻,19,19,0.1528,可,ok
M2_0006,而,而,而,而,之共几撰令奴其而龜之朱年衣計發車磊僥願命垂施,22,23,0.1766,而,ok
M2_0007,晉,,晉,晉,盈尼扶殼命將妻係異禮晉昨是些明共命辰,18,19,0.174,守,ok
M2_0008,等,岳,等,等,岳等極廚事庫朱眉補安主吞眉突宜官麻,17,18,0.5833,壽,ok
M2_0009,連,作,連,連,侯下燒奇景連作悅字氏多吏曰字怪懷尼寸如,19,19,0.165,仰,ok
M2_0010,氏,氏,氏,氏,各等禮郎咸獅為牙麻蕭帝為爾共氏仍燒道侯嘗不,21,21,0.5264,良,ok
M2_0011,流,流,流,流,罢安主奉罰天下固遜磊者底朱僥流燒道困共浮,20,20,0.166,淚,ok
M2_0012,朱,算,朱,朱,官打特其墻繁碑罪馬與主丞底朱算在侯碑双旁平,21,21,0.2587,弇,ok
M2_0013,解,解,解,解,解欺兩孔本通壽拱孔姻君廉得在園鼎麻童再寺,20,20,0.3832,解,ok
M2_0014,弄,弄,弄,弄,善瑪弄蜀有以者算舜至珠辦郎帝求來關禮道,19,19,0.178,弄,ok
M2_0015,何,何,何,何,蔣罷祈北奸旦創時官祖爾呢麻此双宵妃垂何將凹滾,22,22,0.3066,傾,ok
M2_0016,咽,咽,咽,咽,如干愈正廉咽嚴戶之蚤爵朱眉鬼雁尼麻諸得於,20,21,0.1189,咽,ok
M2_0017,弇,弇,弇,弇,户行吏旦迎呢勸本特旦得難達幾獲俗常幾永墓弇,21,21,0.1199,坌,ok
M2_0018,詩,詩,詩,詩,因詩要壯怨奴森可幾事詩奇端域別消斷後,18,18,0.1528,府,ok
M2_0019,光,光,光,光,爲但化诸層体埃折馬道旦城那俄沙真困架先光港,21,21,0.3623,芒,ok
M2_0020,敗,敗,敗,敗,石也飛麻餘仍事庄年官化連禪遣鬼是色廚麻餘律敗,22,22,0.1288,敗,ok
M2_0021,嘗,嘗,嘗,嘗,事符麻晉嘗區依葩牙庇拜默事対女朱旦罰玉,19,19,0.1865,常,ok
M2_0022,彼,彼,彼,彼,彼於世間壽清拜竟事之盈女旦川得是作丰復兼日西福,23,23,0.3583,𬒳,ok
M2_0023,虎,虎,虎,虎,色衛翁批晉徹虎各至冤衛旦歌等禮多戈稜席歇,20,20,0.1964,虎,ok
M2_0024,奔,奔,奔,奔,自更主支秋眾我朱旦奔垂尼特趁爾近斷,17,17,0.1829,弇,ok
M2_0025,歇,歇,歇,歇,留蔑備畏親舜公連折僊巴等據吏后尼後主歇,19,19,0.3413,𣣔,ok
M2_0026,而,而,而,而,甜於而至孤餌古安壽署要爵趙所祐旺年体荒煞複罪,22,22,0.2818,而,ok
M2_0027,徐,各,徐,徐,得預席運陵麻印飛豫色爾徐各至押書興麻遣而禮,21,21,0.154,冬,ok
M2_0028,隨,隨,隨,隨,姑蓮魂觀隨祕板個震烟麻押色命她至化,17,17,0.3837,改,ok
M2_0029,歌,都,都,歌,庄悲餘固教近柩尋廟廟壽流廟麻新歌都天神保奔,21,21,0.3207,都,ok
M2_0030,虛,虛,虛,虛,去信妙隨官代補姻垂化包寶虛饗双爵等於君,19,19,0.461,𭰖,ok
M2_0031,等,等,等,等,民在特辱巍罪直正欺等曰無廚所每役几因通能,20,21,0.2556,百,ok
M2_0032,啟,啟,啟,啟,年固陽几罢啟善尋者達先化來昆命君忍刀魂釋,20,20,0.2421,放,ok
M2_0033,庶,庶,庶,庶,特刻葉弄安姬罪体帝丕固臣庶敢晉群願中茹至兀,21,21,0.2519,底,ok
M2_0034,冬,冬,冬,冬,共冬本道置别公德主喬悶朱垂殼各至中公用,19,19,0.2935,冬,ok
M2_0035,揖,揖,揖,揖,罪体希麗爵之固几辰呈翁碎在揖首孀共昆翁禳酒,21,21,0.1598,直,ok
M2_0036,丞,丞,丞,丞,双爾体固意更主丞云正再宜爾妃皇戶体得連明廩者,22,22,0.1871,吞,ok
M2_0037,在,在,在,在,哈字義宜調化連每尊垂在寢義丕麻眉在固,18,19,0.2905,履,ok
M2_0038,双,双,双,双,双為罢安意真奈者得置願徵奏辰恩德主爾問,19,19,0.1561,𠬧,ok
M2_0039,支,秋,支,支,勸天下於朱見清禪義德主支秋共罷曰書改來爾,20,20,0.3269,極,ok
M2_0040,命,命,命,命,共粹末天下麻正庄赦遁命庄時福之共更主丞吏特丑,22,22,0.3973,𠇭,ok
M2_0041,壽,分,壽,壽,帝錯而丕時怡南等固遠福衡廩壽分主吞弄朱等,20,19,0.1437,知,ok
M2_0042,夜,遙,夜,夜,闭徐某反辰理壽如白耳朱碎使姬化特馬宜夜遙而至紫,23,22,0.4287,遥,ok
M2_0043,対,及,対,対,妻尋尋尼对竭麻罢虎要対及庄特女灵魂要魂虎特,21,21,0.1784,及,ok
M2_0044,族,族,族,族,神仍几折衣谷垂連代鐵詩術棱歇諸之族文,18,19,0.2354,族,ok
M2_0045,在,在,在,在,在連涅罪共涵審尋至推齊奴禳奏困市固理之,19,19,0.3298,入,ok
M2_0046,唐,唐,唐,唐,官執尋馬通裕唐聚飭朱特補麻臻季仍麻曳尋,19,19,0.1802,尒,ok
M2_0047,色,而,而,色,或為斷鬼庄壽朱色而炫如好朱昆衣壯都是色中如夜,22,22,0.3064,而,ok
M2_0048,樞,樞,樞,樞,徐公垂衣那樞明靠盃麵浪碑是紇若伤主支教停獅乙,22,22,0.1633,福,ok
M2_0049,毒,毒,毒,毒,哈制共奴毒言四結麼吆等茲君怪堪獵凜鬼体舞下而,22,22,0.1601,詩,ok
M2_0050,末,河,施,末,德主丕蘇山蘇美弄各長徒接奔至末施河云位奴,20,20,0.3715,河,ok
M2_0051,掘,掘,掘,掘,徒掘爾拱而所終與災女異逐衛通因直時與,18,18,0.2966,極,ok
M2_0052,井,井,井,井,諸底朱是妃末灵龍命井末隨美麗兀惱事在飛事興彼袍,23,23,0.1419,安,ok
M2_0053,韋,韋,韋,韋,本道雍增韋求真主卻年奉但門物而法之選朱有,20,20,0.2546,常,ok
M2_0054,活,活,活,活,麻盾隨公垂哀那樞戈后奴活箕欲本道兜帝要綽明共,22,22,0.1914,居,ok
M2_0055,仪,仪,仪,仪,仪呢末每創爾卒荅庄沛如愛女麻更主至來天下別景年,23,23,0.2513,仪,ok
M2_0056,歷,歷,歷,歷,碎体垂安蘇保碎然君道實常返禁福朱碎馬死主歷,21,22,0.1435,吞,ok
M2_0057,公,公,公,公,守可祈尼朱葉弄德主奇常虛末弄爾世間為事公,20,20,0.273,入,ok
M2_0058,事,而,事,事,沿罪共奇幸如罪罪返裁得周奉皆事而丕申赦,19,19,0.2209,而,ok
M2_0059,至,廟,至,至,發真空常尋奔至廟之先罪文支尼焉次巴公位罷之初,22,22,0.1238,𭮀,ok
M2_0060,接,而,接,接,爾歌爾接而禮麻購仍得正德主支秋祈祗神命麻遲達,22,22,0.1258,而,ok
M2_0061,羊,羊,羊,羊,君羊固卯冬在壽代禮捧性法多書吏無直魏尼色如內底詩,24,24,0.1786,屰,ok
M2_0062,路,路,路,路,極路近鄰麻迎補道死主本等只祐其事仰產曉驛,20,20,0.3253,喀,ok
M2_0063,更,更,更,更,庄置更聖履錦固正答共曰旺者锦新不尊長如禮眉,21,23,0.1656,逆,ok
M2_0064,晉,而,晉,晉,吃近嗟禮翁至排晉而前之於成安卑烏真傳,18,17,0.2942,而,ok
M2_0065,臻,臻,臻,臻,代爾晉瑪先罪歌爾發烏仍辰臻奉德主歷甫,18,19,0.2529,餘,ok
M2_0066,馬,馬,馬,馬,城君馬知主丞正再闭除廻夜別守反罪天神常閃,20,20,0.2205,馬,ok
M2_0067,,妻,,,尼南奴麻固妻南封樞 用獲奎蔭百王麻要遞刻,9,23,0.5415,𡜞,ok
M2_0068,爾,爾,爾,爾,眉那罪君公翁垂爾窗歌便曰無困徐奇常哈垂明思覺,22,21,0.2087,面,ok
M2_0069,代,之,代,代之,多蕭若共百法選麻洋末命代之發公,15,15,0.0965,之,ok
M2_0070,隨,隨,隨,隨,貝先官衣要我眉薩焉隨翁垂衣祇闕同琵本道來旦,21,21,0.3651,隨,ok
M2_0071,,群,,,欺葬教麻皆群歇壽拮祗矯咽女丸爾德主丞因臣,20,20,0.2361,羅,ok
M2_0072,為,為,為,為,鬼壽众碎在宜為正餘鬼在著時事之冷運善,18,18,0.1526,馬,ok
M2_0073,廟,廟,廟,廟,邦廟等麻木調畢朱年被体昌子瓦事極氏殿辰碎,20,20,0.1745,夜,ok
M2_0074,竈,竈,竈,竈,時產固術如旦店次巴体景罢界麻竈掉把淘入皮,20,20,0.3759,𫝰,ok
M2_0075,安,安,安,安,庵名貼安朱等吏安慰矯等塊近時軍行囚,17,18,0.2161,𡚶,ok
M2_0076,宰,方,宰,宰,奇爭矯祇依韓尼槎浦潛推菩罪衣麻宰方主玉蜀,20,20,0.1405,行,ok
M2_0077,興,興,興,興,風孔尋興麻按結把至何將些召事極反嚴呂臨罪其,21,20,0.1627,䍐,ok
M2_0078,呢,呢,呢,呢翁,主丞連咽懷道衣爾壽綿供翁呢麻尋丑折焉道壽綿,21,21,0.3259,䍐,ok
M2_0079,後,後,後,後,災丕舜至末施同正法德主左務蘇正蘇後連故支,20,20,0.1938,股,ok
M2_0080,展,展,展,展,矯榮果奔至以故爾來主醒展諸卢為末去句,18,18,0.1308,辰,ok
M2_0081,罡,罡,罡,罡,祿咄罡知姑從巴罡樞蟬架辭固酒准即重輩色用至,21,21,0.2091,罪,ok
M2_0082,等,等,等,等,庄特益之爾等而事之朱衆碑點周策碎生義為,19,19,0.1835,䓁,ok
M2_0083,主,殺,殺,主,樞斡施古事選而正前罢吞至推展德主殺樞即重,20,20,0.2699,技,ok
M2_0084,因,因,因,因,看法運天主至而重彼每法希與尋些在時事因左,20,21,0.3039,六,ok
M2_0085,,聯,,,極漂馬聯孟彼常庄固流旺壽真奇化來共分主至,20,20,0.1977,賦,ok
M2_0086,連,連,連,連,女初候朱昆雜帶世間壽園是真髮朱是姓連玉嫌,20,20,0.1963,達,ok
M2_0087,公,公,公,公,君公朱天下餘各天神壽用宜麻臣罰丕矯席罰代葬新今,23,25,0.1695,依,ok
M2_0088,食,食,食,食,吏真等衣翠倘我吝先併枯共房呢朱等詩尋食直,20,20,0.1721,合,ok
M2_0089,死,死,死,死,馬死主丞仍麻欺然嚴几庄園道先罪葩奴尼何麻謁帝壽席到,25,25,0.1495,万,ok
M2_0090,忌,忌,忌,忌,主支取無忌庫為碎爾体呵在不麻曳末功壽代危得然城署耳,25,25,0.1608,𡰱,ok
M2_0091,庶,庶,庶,庶,弄歌傷壽旦歲飛奇蠶焉庶天堂,13,13,0.1018,房,ok
M2_0092,西,西,西,西,化因西真長為昌丁建斛麻庄群理之朱魄每俗孤咀喂,22,22,0.2091,志,ok
M2_0093,而,而,而,而,司至活氏禮而諸曉因覆各司辨夕麗朝天黃尋連那麻向,23,23,0.1805,而,ok
M2_0094,吞,吞,吞,吞,等庄補孝茲麻品吏芳曰主吞悲徐官遣知景,18,18,0.1725,吞,ok
M2_0095,妃,妃,妃,妃,是陰初慄垂方妃死知主支秋色殿除公垂茲君商烏,21,21,0.1806,妃,ok
M2_0096,嘗,嘗,嘗,嘗,祠辰于須猶於帝先異抑嘗麻罢辰要府在於帝寺,20,20,0.16,署,ok
M2_0097,詩,詩,詩,詩,群理之壯特奴連然臻官辰景女有來碑存特舜倘詩直,22,22,0.1661,詩,ok
M2_0098,道,嘗,道,道,連則時葬祈更各本道嘗固戰高化及欺尋諸固取高壽於,23,23,0.1726,案,ok
M2_0099,雷,雷,雷,雷,樞雷何那諸燁而之蚤於共肩之突孔几四共眉麻,20,20,0.1923,啻,ok
M2_0100,共,共,共,共,共固幾分燒唐久女朱平義等生壽深義遊洋,18,19,0.1556,女,ok
M2_0101,知,知,知,知,知主至於磨助祀碎共墻折惡除榮淺研鬼主壽生要,21,21,0.177,知,ok
M2_0102,入,入,入,入,天堂欺入尋也特罢近歲,10,10,0.1081,入,ok
M2_0103,堪,堪,堪,堪,伯麻施朱奴茲里惜古赤南禮碾旦欺弁公巽堪而餘麻,22,22,0.1786,堪,ok
M2_0104,壽,壽,壽,壽,並稱其血壽拱正敢看命如涯罪無事碎的物要体,20,20,0.2103,詩,ok
M2_0105,壽,壽,壽,壽,实臨庄壽主然麻履等固死馬道壽一君運之闭餘得戈,22,23,0.2086,寿,ok
M2_0106,初,初,初,初,初我因嘗瑪先罪安尋君奴固弄是先罡隨,17,18,0.2767,𭃡,ok
M2_0107,走,咽,走,走咽,你是德主俞為闭古罰拜舞酒其麻退碎走咽,18,20,0.1469,咽,ok
M2_0108,架,架,架,架,固鹿寺善此等達宜如不反爾架真明丑清解罪來帝動,22,22,0.213,架,ok
M2_0109,美,美,美,美,正信如玉旦卷稱官壽官潮尋宸明華握焉固美,19,20,1.3725,隻,ok
M2_0110,庄,庄,庄,庄,诸灵龍沙池獄廉体奴庄宜運滾弇君拒名初馬道實,21,21,0.872,庄,ok
M2_0111,當,當,當,當,壽盆凜古果釋氏末功庄可特並之朱埃双當言里,20,20,0.1486,膏,ok
M2_0112,富,富,富,富,麻病架函遣悲察几富貴唱異兀庫中幾遣,17,17,0.517,屠,ok
M2_0113,然,然,然,然,麻折帝聚佯然詩文城那于窗麻哈垂等君庫,18,18,0.5974,結,ok
M2_0114,弄,弄,弄,弄,罪孔固道生固惡族挨弄事困朱綿詩綿拱不福朱此在丕,23,22,1.8715,弄,ok
M2_0115,唐,唐,唐,唐,右重方主卷饒茲朱几過牢旦帝壽無唐功業命垂肩焉由魯,24,24,0.1997,𫠉,ok
M2_0116,氏,氏,氏,氏,礼去如餘壽柴庄敢至双當某庄年朱困除官氏問,20,20,0.5669,氏,ok
M2_0117,拜,拜,拜,拜,常害講坤頃其晉役公年丕景聚諸固醉拜傷畢,19,20,0.2186,痒,ok
M2_0118,色,色,色,色,麻我先色在吹旦奉鄉壽輕主接曰每連廟安哭云詩,21,22,0.3846,色,ok
M2_0119,支,姑,支,支,學文双爾固教梁用令垂支姑生邦法反吏謁朱年主,21,21,0.2899,妨,ok
M2_0120,窗,窗,窗,窗,震炤麻烟鬼得墻屏尾女双魯主鄧年窗旭虛,18,18,0.2881,裔,ok
M2_0121,怪,怪,怪,怪,南其德主歷坡當黑道怪坡者長先居巴非異運其麻,21,21,0.4262,條,ok
M2_0122,祖,祖,祖,祖,者息而之等戈囚仍凡於帝呌祿與命取祖衆碎共俸祝,22,23,0.4508,祀,ok
M2_0123,祀,祀,祀,祀,希寺祀耀麻燭歲祀福麻底奇常命尋中意麻,18,19,0.2343,祀,ok
M2_0124,異,異,異,異,以尋此信初內共法還得西殿尋禮即涕路先異,19,20,0.1415,民,ok
M2_0125,歸,歸,歸,歸,些伸麻眉主仍百僞我命吏作几怪境如西丕女咄眉歸,22,22,0.1908,师,ok
M2_0126,,登,登,,平眉而朱奴劇詩蚤置信有眉庄固壽登眉別眉,19,19,0.1584,𫊫,ok
M2_0127,君,君,君,君,巴應罪君仍事遙效麻尊至鄉還女為周嘗,17,18,0.1279,君,ok
M2_0128,夢,夢,夢,夢,固而發咄罪鬼夢之毒官在庄别祈之女壽行於使仲廉然經,24,24,0.182,其,ok
M2_0129,禳,分,禳,禳,道云僥事馬司衣燒遲尚何接焉我禳分主支秋眾等些,22,22,0.1688,知,ok
M2_0130,按,按,按,按,吒謨押祀播壽沛直丕生時法死麻將要折常皆新孺按,22,22,0.1439,按,ok
M2_0131,像,,像,像,礼李壽碎真歇仍像朱碎求來在旦得靜任危罪朝廉國,22,24,0.1628,𰂸,ok
M2_0132,取,取,取,取,於帝僥南旦妻取等也屬者茲盡於故路特維森,19,19,0.1769,取,ok
M2_0133,煙,煙,煙,煙,如尋於分主丞連煙弇玉批署朱別軍化飛是帶運張麻噲,23,23,0.1569,燔,ok
M2_0134,書,常,書,書,皆公恒爾圣書常落主扶秋麻等因法帶世國共,19,19,0.1631,常,ok
M2_0135,者,者,者,者,王奇常威運動哈畢真思官反可民事俗者曰辰謳罪,21,21,0.1519,詩,ok
M2_0136,有,有,有,有,至尼諸体川世間有色特几於催懷碎沁罢魔鬼魏拜默,22,22,0.2926,詩,ok
M2_0137,用,用,用,用,固理之補事道祖示傳朱麻學道選而牢用宜,18,18,0.1491,用,ok
M2_0138,所,從,從,所,即城化壽速神塘麻奏周晨因在所從打中城衆,19,19,0.1379,吮,ok
M2_0139,廟,廟,廟,廟,圭姻仁主吃欺旦滝者取法官沙廟連折沉窗自衣術,21,21,0.1625,審,ok
M2_0140,折,唐,折,折,折吆弇垂味儀众碎餘每主支秋祈召折唐遜天下,20,20,0.1531,店,ok
M2_0141,歌,歌,歌,歌,架歌生壽之体末眉丑本百丕心贈亦麻罢淨,18,18,0.1552,耿,ok
M2_0142,毒,毒,毒,毒,安誰色徐毒赦用徐魯聰得臨丕及爾弄正確有鬼妻,21,21,0.1481,寿,ok
M2_0143,殺,殺,殺,殺,神麻祗雜庄國席市庄席殺古之肆肉徐孟廟麻題船,21,21,0.1449,教,ok
M2_0144,邀,邀,邀,邀,按也鬼置時官体尋舞亨道德主忝壽我際邀授真,20,20,0.1548,廻,ok
M2_0145,鬼,爾,鬼,鬼,廩朱年固聚吝体近哈形鬼爾戰命存壽得孔可討故,21,21,0.15,刄,ok
M2_0146,悲,而,而,悲而,補禪辰悲而新希朱是君八漸應蚤仕嘗双爾法分主吞,22,22,0.1551,而,ok
M2_0147,除,除,除,除,形像底來尋些除麻補主度如年丞四等些共門物,20,20,0.1521,臻,ok
M2_0148,蹈,蹈,蹈,蹈,李解罪來壽奴眉鬼蹈双為事今壽庄思爽旦衣,19,19,0.1886,庵,ok
M2_0149,者,者,者,者,真休而左毒戶吏要誰罪即者薦顧卒興補包烟朱,20,20,0.1695,香,ok
M2_0150,,聚,弄,,罢易丐麻陣翁圣葩乙庄朱職之連公弄聚麻主洋,20,20,0.2057,𠗆,ok
M2_0151,在,在,在,在,釋寶方主丞羌季天神至孔方朱孝在助說末共馥奇常,22,22,0.1576,逆,ok
M2_0152,吏,吏,吏,吏,於傳冲南是反鄰錯鄰吏朱困命旦聚尋群召事困而,21,21,0.1353,逆,ok
M2_0153,蘭,所,所,蘭,唐道麻滾笑然尋墓官該淚前蘭所麻禮清等,18,18,0.166,郎,ok
M2_0154,而,而,而,而,而如徐塟中化正姬幸居君年呢事庫帶世間理,19,18,0.1763,而,ok
M2_0155,晉,焉,晉,晉,焉算般意而房晉焉先罪查如双麼打特賊后批火何,21,20,0.1715,女,ok
M2_0156,魏,魏,魏,魏,鬼煜震主恐除官我私江真魏等要爾打散後打,19,19,0.1612,理,ok
M2_0157,事,玄,玄,事,旦欺曰年觀事玄反壽更主奉吏來堪事玄世周常朱,21,21,0.1749,兹,ok
M2_0158,左,左,左,左,欽求願建廣鬼体得陰存涅而左壽奴而祈朱尋猶尼,21,20,0.1527,左,ok
M2_0159,詩,詩,詩,詩,德碎於中丑主碎欺化哈各言祗陰教麻拖收聽尋詩灵,22,22,0.1915,詩,ok
M2_0160,氏,氏,氏,氏,奴連邦廉拠哭几特甚共可特仍事選女如喪各氏,20,20,0.1637,氏,ok
M2_0161,收,收,收,收直,曰書從來谷每后餘朱天下別碎約廟召孤為衍主直收群,23,23,0.1527,敢,ok
M2_0162,清,清,清,清,歇古常折歌尋些中化双清德主房朱守三偶,18,18,0.1252,爵,ok
M2_0163,化,化,化,化分,八歇辰巴時仍及得壽天下之毘折歇為分化異務夏,21,21,0.147,入,ok
M2_0164,,異,異,,油蘇些推在旦實罪事席理公到尋公明輩異圣天神,21,21,0.1739,異,ok
M2_0165,及,及,及,及,特公近歲固義吞及教尼永尾詩直麗習辰,17,17,0.1549,入,ok
M2_0166,准,准,准,准,代命至禮郡達中居窮凌沙固爵尋而官頗用准帥重,21,21,0.1567,准,ok
M2_0167,俸,俸,俸,俸,便恪占異臣折香錶颺於奴俸祝連坦興堪畢特,19,19,0.1148,俸,ok
M2_0168,分,分,分,分,丰經共朱姬垂牌歌罪懼怒共鐵百毒碑真共分,19,19,0.2025,歹,ok
M2_0169,梁,梁,梁,梁,仅展梁哥珠雖包把朱碎者碎庄拜毫事德主介,19,19,0.1992,探,ok
M2_0170,異,異,異,異,而福尼來衆歷異几新為通谷亮最犀時靜究衛低,20,20,0.1301,異,ok
M2_0171,臺,臺,臺,臺,拖爾等鬼而神奴廉漸君而有蓮流天臺,16,16,0.1296,孝,ok
M2_0172,更,更,更,更,更主支秋真數碎是庄來調之弄女共真而左麻庄特,21,22,0.1908,好,ok
M2_0173,罡,罡,罡,罡,如至危生罡於城何黍山發何中語我支躲麻停道表,21,20,0.1763,䍐,ok
M2_0174,齋,齋,齋,齋,其德主齋半想曰欺云連辰主有屏為女四切由殺,20,20,0.1388,裔,ok
M2_0175,流,流,流,流,虛禮臣固豫市象正誥麻庄渴流平碎眉召庫為,19,19,0.1497,裙,ok
M2_0176,,虎,,,秋我護庄事斫眉虎鬼君庄皆先產化運象多曰昔,20,21,0.1848,覺,ok
M2_0177,尼,尼,尼,尼,至諸押碑而役尼而之走廟准屢欺清固旦尼席几劫麻奴,23,23,0.2103,辰,ok
M2_0178,啓,啓,啓,啓,蔑吝啓妻困稟吐嘗姬翁至樞餘來年聽等弄懇,19,19,0.1674,磁,ok
M2_0179,艦,艦,艦,艦,聽其庫欺旦長壽置時艦孟無尋論王趨等些恨,19,21,0.1788,暱,ok
M2_0180,吞,吞,吞,吞,該師衣結道知主吞廩麻得興連晦弇固役之低景疎宸,22,22,0.1772,吞,ok
M2_0181,常,常,常,常,判共昆先異發歌移禮是百架常燒初是,16,17,0.171,常,ok
M2_0182,,伏,伏,,共欺葬拱畢多景麻奴假甘復怪至命垂伏辰由正詎害,22,22,0.1639,似,ok
M2_0183,顧,顧,顧,顧,稟為扶歲几尼歲命朱天下政餘而正欺顧身,18,18,0.1634,𧘻,ok
M2_0184,,靜,,,帝特教靜置這代旦得葬景真茲來体西生壽也,19,19,0.1763,醉,ok
M2_0185,朱,點,朱,朱,几庫也等化因義等改朱點履黃真求共德主矛,19,19,0.1799,鄂,ok
M2_0186,也,也,也,也,真麻於帝安雖罪命也犯得點壬尋於帝如厚命欺舞,21,21,0.1706,先,ok
M2_0187,豫,色,豫,豫,得預席運陵麻印飛豫色爾徐各至押書興麻遣而禮,21,21,0.154,𮎛,ok
M2_0188,諸,諸,諸,諸,僥職結求官置特戰化仍麻得達跂懷征而官諸,19,19,0.1643,诸,ok
M2_0189,者,者,者,者,庫共官舜特嘗麻府卦官戒色烟体庄煙者城幼歌悲,21,21,0.2545,毒,ok
M2_0190,前,前,前,前,前等共蘇鬼究茲貝官体尋后正壽後仍麻在,18,18,0.1364,甫,ok
M2_0191,直,正,直,直正,民在特辱巍罪直正欺等曰無廚所每役几因通能,20,21,0.2556,石,ok
M2_0192,命,命,命,命,聯更倚官化祖複命麻關發詩等庄怪鶴真先罪,19,19,0.1318,𠇭,ok
M2_0193,生,在,生,生,奇常棄弄而主丞廩商在生差麻得葬尋學行曉字遠,21,21,0.1247,在,ok
M2_0194,左,左,左,左,左几云折仍花德主喬麗時席凡周格公,16,16,0.1483,左,ok
M2_0195,馬,馬,馬,馬,囚落者体尋正鬼瑟歸麻垂天神征馬朱官運明尋麻,21,21,0.1373,𫠉,ok
M2_0196,運,罡,運,運,定置宜麻真梅運罡等固不德於運積而曰任軍命無信,22,22,0.1363,罡,ok
M2_0197,遠,遠,遠,遠,特海言唐由中道垂更主奉壽困特共奇常遠,18,18,0.1622,流,ok
M2_0198,問,問,問,問,双為罢安意真奈者得置願徵奏辰恩德主爾問,19,19,0.1561,周,ok
M2_0199,無,無,無,無,連於饒几因通仍曰無共是即重麻言多辰車如拿達,21,21,0.1434,𭴾,ok
M2_0200,意,云,意,意,年歌默襖連年堵如染卯丕把至意云計事庫向左也,21,21,0.2225,𡰱,ok
M2_0201,,倒,仍,,連多耶時旦敗也生時完尋底姜爾在生虛多參年仍倒去,23,23,0.0987,匈,ok
M2_0202,尋,尋,尋,尋,故煙卢敗書時強明數葬妄女尋別事庫正事緒旦同攻,22,22,0.1606,𭔿,ok
M2_0203,蜜,蜜,蜜,蜜,於中路麻庄煙尋意同法除蜜多麻諸尋些庄別意調,21,21,0.1097,奎,ok
M2_0204,令,令,令,令,碎鬼同饒吝感牲几置乞若德主爾未特補事令政清異,22,22,0.1602,爷,ok
M2_0205,視,視,視,視,瑪遙尋旦尼各翁跪庵禮預翁皇記之然視礼麻寺勸爾呂,23,23,0.1532,禊,ok
M2_0206,安,安,安,安,凭置時翁皇意安慰哥翁浪翁考歷故初忘昭山來來勁堯,23,23,0.1554,仔,ok
M2_0207,淫,淫,淫,淫,碑閣於低連自意術葬故兩所歸特每葛共於云榦行淫朱,23,23,0.1733,渥,ok
M2_0208,品,品,品,品,欽古品寶來朱晁麻末功為德主爾閣底朱尋此裕,20,20,0.2083,兹,ok
M2_0209,,,,,尋歷悶名庫坎女女尋云死為道葺多指逢爾代之庄,21,22,0.148,肆,ok
M2_0210,向,向,向,向朱,少多左燈意向朱創朗為特宿卒連每去帶坦,18,18,0.1237,而,ok
M2_0211,必,召,必,必召,朱年至節末麻尋云丕卷朗固几夢懷牢吧必召廩而不等尋,24,24,0.1218,𡰱,ok
M2_0212,,而,,,直而朱碎止政爾尋庄者麻至辰碑畏几國罪饒辛而礼爾,23,24,0.1592,紏,ok
M2_0213,是,是,是,是,發軍幾也殿盡多其以饒最餘置因受去國几頌斜皇亮是,23,23,0.1012,皇,ok
M2_0214,至,至,至,至,翁皇平于楚為止翁至年翁發翁立翁至瑪,17,19,0.1178,皇,ok
M2_0215,甫,甫,甫,甫,占甫命舞女樂意先於虞我朱尋云麻震初尼采勸冢汝旦,23,23,0.1281,雨,ok
M2_0216,初,初,初,初,如那隆都及尋在悶爾惡時尋朱麻浪思國法飭油皇初,22,22,0.1384,𭃡,ok
M2_0217,術,術,術,術,肆特或該答本通寧葉弄倦主爾云須發見於古術齋生布,23,24,0.1071,叔,ok
M2_0218,連,卯,連,連,為命而事為得畧何連卯切折尋止已尋怪國道汶尋畏歌牢,24,24,0.1569,我,ok
M2_0219,希,希,希,希,個煩尋吏麻晦包那群意畧命宅体希尋練辰奏爾,20,20,0.1853,希,ok
M2_0220,宋,爾,宋,宋爾,笑起灵鬼宋爾連欲合爾察原碑耶公之舍同体書,20,20,0.1246,例,ok
M2_0221,代,代,代,代,民社双看宣朱別沛去德主爾改亦向福生運代底為運,22,22,0.1321,我,ok
M2_0222,行,行,行,行,履尋年責浪因牢北嘗在行法中通朱得文包房而之尋,22,22,0.1296,𬽣,ok
M2_0223,之,之,之,之,命向立直之罰各米連來辰衆碎庄敢察事樂奇運欲各辛為,24,24,0.1646,及,ok
M2_0224,化,之,化,化,灵鬼極創延意運尼每福德朱特朽化之開除吒更本鬼,22,22,0.1674,之,ok
M2_0225,橋,橋,橋,橋,皇我尋也能称策兵觸否姑模我更禮橋罰命朱年天下,22,22,0.1589,橋,ok
M2_0226,占,占,占,占,常戶罢於朗左同占眾事等安奉要事過飭尋些書,20,20,0.1287,占,ok
M2_0227,功,輩,功,功,共昌空麻是僊主府体尋也故功輩等等綽連天室建,21,21,0.2141,𭪙,ok
M2_0228,辛,辛,辛,辛,罢亮府色在符体事白正庫虎修置祐連運辛圓履影德,22,22,0.1121,夅,ok
M2_0229,年,年,年,年,意發通實年腰事汁詐鄉判翁至低年發為進年無,20,22,0.1436,皇,ok
M2_0230,左,而,左,左,祐林亮双看松辰碑李而左碎左補開除注勵奠辰南,21,22,0.2013,而,ok
M2_0231,筆,筆,筆,筆,時真為功筆尋未時扒碑如名左每等華体得連天堂,21,20,0.1226,𭪙,ok
M2_0232,時,時,時,時,前鬼結仍兀白昆護時瑟馬弄扶夢昆朱三輝將聳地獄,22,22,0.1328,呼,ok
M2_0233,還,還,還,還,特陀處雪運字稜撐忽歇尋些開除体及尋還頭如,20,20,0.1735,遥,ok
M2_0234,德,德,德,德,術默從各采止后來罷麻真朱鬼每事占歌多德唐及度尋,23,23,0.1722,独,ok
M2_0235,蜀,蜀,蜀,蜀,韋安雅罪共五冬必歌要錦或韋白冷共尋蜀生時因,21,21,0.151,置,ok
M2_0236,道,道,道,道,犯皇何毘番爾先畏何黍山死信道女來何葬賓事意時,22,22,0.1579,遁,ok
M2_0237,不,不,不,不,朗各本通欽弄欲飭致等也不不時仍辰末此 為傷,18,21,0.1167,存,ok
M2_0238,主,爾,主,主爾,而牢時華玄碎葉弄僊主爾易坎集弄尋些為愿主爾放,22,22,0.1264,爾,ok
M2_0239,前,前,前,前,墮品取向礼時尋推發學祐國年昭異左為尋幾德主前判,23,23,0.1352,俞,ok
M2_0240,故,故,故,故,爭白故章朱尋於帝饒南北碑各皇天仲發運爾丑固饒凡,23,23,0.1346,兹,ok
M2_0241,閣,閣,閣,閣,皮孤中等朱壯能勸命辰意沛默味顛衣外為席祐世閣,22,21,0.1364,閤,ok
M2_0242,生,國,生,生,事爾覺可連辰主意生國於也宿運爾將命正仕朱旦拜畏,23,23,0.0967,國,ok
M2_0243,銜,銜,銜,銜,旺時折主遇政壽尋王嘗銜主席事之開除辛真斗浪事,22,22,0.1745,釣,ok
M2_0244,剋,剋,剋,剋,結事意等產特功冊除魔思吏白碑怪尋魂朔度昆真困剋,23,23,0.224,延,ok
M2_0245,白,白,白,白,群卢白面体記立思忽邊真淹生固變等多連沫若來体,22,22,0.123,而,ok
M2_0246,皇,皇,皇,皇,公翁皇書諸特穩義歲嘗約幼体末主同物詐詳守德主前綽,24,24,0.1376,皇,ok
M2_0247,變,變,變,變,意折難走立称罪在昆求朱變摩雪德主爾朱莊吏三慈道,23,23,0.1702,張,ok
M2_0248,國,國,國,國,為多看彎奇算或凡籟几開多祐欲韋國饒樞挑祐來信,22,22,0.1477,國,ok
M2_0249,尼,尼,尼,尼,先翁至尼義異花時尋特美先命為云藝事庫世國,20,20,0.1515,花,ok
M2_0250,鳴,獲,鳴,鳴,北仍後其愛三低宜仍窗鵠斗猿家目皮山伴無獲鳴舍,22,23,0.1217,鳩,ok
M2_0251,閹,閹,閹,閹,支歌翁記得祖者拖特每戰天鬼共每事庫世閹侯本,21,21,0.13,閹,ok
M2_0252,德,德,德,德,論命德要此子先思与後重與也過意文安辱近我顧言,22,23,0.0717,参,ok
M2_0253,尋,尋,尋,尋,據釘尋已梅棹時魂旦帝困露在礼灼麗各官星冤命卷,22,22,0.1357,身,ok
M2_0254,征,征,征,征,於走而無靈席仔命在仕未旦壽他正德主爾征功朱喧何,23,23,0.1465,船,ok
M2_0255,蚤,蚤,蚤,蚤,蚤也鄧朱德主主秋爾突處羅潛內止蚤文故連交多,21,21,0.1507,𫊫,ok
M2_0256,敬,敬,敬,敬,別得生時麻之各沙敬絮歸殊改有蓮歲祀凡發向繪歌,22,22,0.1028,敬,ok
M2_0257,郎,郎,郎,郎,朱郎書尋庄固幾把丕尋從襖載達末後禮惩山悅麻,21,21,0.1703,爺,ok
M2_0258,通,通,通,通,哈薑公翁至南由通修行傳,11,10,0.1204,鲁,ok
M2_0259,時,時,時,時,鬼碑於君德主死連生時成爾童有养尋也戈代運多經,22,23,0.1521,芽,ok
M2_0260,吝,獸,獸,吝獸,葛麻丑美鬼困饒吝獸尋願等今摩如灵思補亮麻多朱,22,22,0.1449,獸,ok
M2_0261,尋,尋,尋,尋,庄國几幹樓於中浚拜愈時記意毛庫此批向丕策南冬尋,23,23,0.1493,昇,ok
M2_0262,,,,,吃邁愁,3,13,0.0696,也,ok
M2_0263,鮮,鮮,鮮,鮮,咽新而鮮拘碎中像思運呌暗上於饒尋笑左受,19,19,0.2047,紏,ok
M2_0264,,,,,速,1,10,0.0604,皇,ok
M2_0265,,已,已,,鑑麻云道傳斧要更德主爾在鬼已接凡奸左於几今時,22,22,0.148,𮎛,ok
M2_0266,皇,皇,皇,皇,塟中城為尼沙白沒品重凜奔餘奉尋加爾皇文酥生差,22,22,0.1933,皇,ok
M2_0267,皇,皇,皇,皇,云餘開除翁皇項麻裳蜜要思席主爾生有閣未是些,21,21,0.1601,皇,ok
M2_0268,邇,邇,邇,邇,年邇從歲德主爾美弄未采母真罢但蜂麻過旦霄瑪固,22,23,0.1581,鄧,ok
M2_0269,尋,尋,尋,尋,在連天堂直正翁皇意多亮時尋些燒帝歌務門爭男,21,21,0.1866,身,ok
M2_0270,爾,爾,爾,爾朱,矜禮中思客末天下尋梓詞意朱爾先要沫獅河故去曰與或,24,24,0.1446,祠,ok
M2_0271,祐,祐,祐,祐,台佐云皇僊犯祐各夷蜜玄各宗徒麻白實如白朱尋至丕因殿,25,25,0.1459,祐,ok
M2_0272,朝,祠,祠,朝祠,壽雲尋群呢法德主爾助命時何置列麻饒尋朝祠達,21,21,0.1717,祠,ok
M2_0273,,霄,成,,翁皇尼生呢於成霄瑪自翁皇批道該至衣計登年而配之時,24,24,0.1836,𦝫,ok
M2_0274,森,森,森,森,自德主支欲罷代朱旦翁皇尼特吃森哈遙林南,19,19,0.1202,霖,ok
M2_0275,故,故,故,故,尋陰隱命等几奸麼悶祐三欺故在体理之朱持牡弄尋心事,24,24,0.1628,故,ok
M2_0276,車,車,車,車,默沛事武詐饒分左燒意皇衣藝移車傳麻庭意几排,21,21,0.1457,率,ok
M2_0277,辰,辰,辰,辰,驛翁云真沛庫極掌命席烈多未庄特運願辰禮僊主,21,21,0.1825,辰,ok
M2_0278,之,之,之,之,事多莖未依計發卒於我秦君之樂將運罢地置特我意尋於,24,24,0.1195,而,ok
M2_0279,因,因,因,因,主爾去向法饒選為尋宏傷几庫因几改朱尋及厥捕浪凶,23,23,0.1814,因,ok
M2_0280,出,出,出,出,固店罢爾麻出欽種焉公用除國裝樞挑多祐事意還俸祝,23,23,0.145,出,ok
M2_0281,術,術,術,術,孜店今事重爾其而受昭長術署為齋盡思体白面時三帝,23,23,0.1555,街,ok
M2_0282,固,固,固,固,此祖金針包直一麻子正動固受客真扶意盈命先特堯意,23,22,0.195,因,ok
M2_0283,僊,僊,僊,僊,畧末僊變與傷祀碎其為畏几固眾瓜欽尋世間自祀,21,21,0.1838,僊,ok
M2_0284,茲,茲,茲,茲,德主支秋周受言同几與若其尋心行茲浪也歌政海,21,22,0.1802,兹,ok
M2_0285,饒,六,六,饒六,德饒坦餒凡戎鬼改施饒六米几庫止行通年等得種,21,21,0.2029,六,ok
M2_0286,而,而,而,而,左同補而福朱里欺故折詩改生道每事未旦號堯德主前賓,24,24,0.1782,而,ok
M2_0287,年,年,年,年,之塵佐阉尼勸待主遁備事財年燒事實補李年,19,19,0.1942,奔,ok
M2_0288,某,時,某,某,矜左重愛甚來意三長玉各來於時某骨得發出尋舞從走,23,24,0.1392,条,ok
M2_0289,,爾,爾,,受晁郭重要尋德主爾挺度年罢歲美弄朱鄧克共,20,20,0.1386,爾,ok
M2_0290,之,之,之,之配,各樞桃國為初忽白碑嚴衣支致麻翁至配之我清白礼得,23,23,0.1642,之,ok
M2_0291,近,近,近,近,公翁至沫於死為近傳,9,11,0.0748,遍,ok
M2_0292,停,停,停,停,昭理朱命特停尋於朗度之新辰鋪翁佇爾碎保等原仕,22,22,0.2063,俘,ok
M2_0293,,,,,礼翁皇尼逼合倘南,8,16,0.0668,叔,ok
M2_0294,斷,斷,斷,斷,事方適私向斷事笑云此歸末罷白云言仍錄罢命麻隱從,23,23,0.1122,斸,ok
M2_0295,春,春,春,春,放女朱春長之庄恩包表國暴發包如尋此晉止泖雲御社,23,24,0.1944,屬,ok
M2_0296,故,故,故,故麻,故俸祝捉体教疑罢四尋麻要拖布咳短棱意麻故求多開除,24,24,0.1825,祖,ok
M2_0297,尋,尋,尋,尋,丐於尼意朋之主尋連真及弓文未特發已惠極為連年,22,22,0.164,身,ok
M2_0298,欽,美,欽,欽,在曇灵望重故堯時美樂重欽美低變旦尋葬處爾而事之,23,23,0.1645,隻,ok
M2_0299,切,切,切,切,改德主支歌因法研宜調意運兆切尋意等舞爾原翁至,22,22,0.126,切,ok
M2_0300,官,真,官,官,庄因偏私侯因度官真祀卷盛命初等公翁曰無庄朱祀麻為官,25,25,0.172,𫞲,ok
M2_0301,何,何,何,何,建時爾每等郎後意等等而書改未胸辰秩在朝左忽何,22,22,0.179,祠,ok
M2_0302,左,左,左,左,各公翁意左敢改國沒翁皇樞支冤賓奏爾浪庫敦乃,21,20,0.1429,庄,ok
M2_0303,席,席,席,席,壬補事童貞罢法德主爾佇碑等碎庄惟廢平殼碎席事之,23,23,0.2164,乕,ok
M2_0304,坊,坊,坊,坊,坊瘟為碑麻當自尋意朱之生時尋下頭運生因獸塊在過已,24,24,0.2202,妨,ok
M2_0305,變,變,變,變,翁皇批魯生要於感為雷那中辰衣些看何七變庄因道,22,23,0.1162,糞,ok
M2_0306,功,業,業,功,坎女生特天下旦格麻德主每白饒法還爲功業几於世閣死,24,24,0.1548,𭪙,ok
M2_0307,思,思,思,思,朱里爾畏南逼林南仍曳事意麻是思受之連銜末麻生,22,22,0.1846,鬼,ok
M2_0308,廚,廚,廚,廚,白五輝歇尋礼德主支欲連廚尋俗饒天神然從壯處命,22,22,0.1361,爾,ok
M2_0309,爾,爾,爾,爾,至尼体爾葉庄朱餘窮各皇時責爾凜牢生餘凡德主爾至,23,23,0.2321,爾,ok
M2_0310,,尋,,,开會尋羅焉殊移義畏進士高理考尋饒冉意為聲,20,21,0.2123,心,ok
M2_0311,志,志,志,志,年志体德主支厥遲云餘正翁皇批晉丑翁至祿祿偉翁,22,22,0.1525,元,ok
M2_0312,惡,惡,惡,惡,及欺群祐特安慰文頌前書南畧體仍事惡意時年效,21,21,0.3997,遥,ok
M2_0313,論,丑,丑,論丑,看祠強結坎歌畧麻弄論丑文武研希麻殿事道運到辰,22,22,0.4532,丑,ok
M2_0314,朗,白,朗,朗,堯尋文扒師於童貞命代几走適圓体創朗白左理時信双,23,23,0.2505,而,ok
M2_0315,在,在,在,在,其白来化理意文旦欺死變生時尋庄因弄祀番在於童直,23,23,0.2901,在,ok
M2_0316,,,,,如勃圍意 解季德皇毋罢爾麻龍而教意在餅,4,20,0.1041,𡖋,ok
M2_0317,多,多,多,多,皇衣沙舊多於運稜麻災祿兵德主傳未朱犧煖極与意,22,22,0.1278,与,ok
M2_0318,換,換,換,換,唵罷年死夾然欲證朱英特折爲道兩而丞街各官逢善換,23,23,0.225,禊,ok
M2_0319,白,白,白,白,時責几蜂故為几向礼意白仍事惟過仍在元餘孛意禮,22,22,0.1486,白,ok
M2_0320,梁,梁,梁,梁,生朱几庄席梁將發之中皇白礼油麻几童貞於中如餘拱,23,23,0.226,采,ok
M2_0321,遙,遙,遙,遙,主支衆登体仍事遙等我理奔石法滋眾三盛也時冤眾時奇,24,24,0.2052,遥,ok
M2_0322,文,正,文,文,虛多朱年丑末等逃休山玉庄碑廢文正吏來已於茹餘去各每女正,27,27,0.1467,乇,ok
M2_0323,巴,有,有,巴有,侯為事意思巴有依后意強尋強過連時尋意命書,20,20,0.1646,廟,ok
M2_0324,,來,來,,已等意來也特別各至其罰九因為主同敏空國饒安尋,22,22,0.1095,未,ok
M2_0325,白,白,白,白,主齋取朱白年窗群昭卷傳仍書尋改朱翁皇配之無,21,21,0.1252,白,ok
M2_0326,書,書,書,書,公翁皇尼生罡於處衣也焉阿奔德主前底心益未皇或書,23,24,0.1595,計,ok
M2_0327,何,何,何,何,收賴心何意廉生時沙弛獄石罰無方辛奇置術特在所,22,22,0.1632,個,ok
M2_0328,尋,尋,尋,尋,体老市過唐時尋呢者坦尼但斗真尋多為中弄重几執尋,23,23,0.2232,𭔿,ok
M2_0329,雲,雲,雲,雲,固通雲傷昆時歸朱多至改書朱祠法意卷矣批惟述欠,22,22,0.1224,雲,ok
M2_0330,居,居,居,居,君云为直朱震生置忍君為处见封写不王恋青复居展作,23,23,0.1047,庶,ok
M2_0331,燈,燈,燈,燈,朱年甚時字黃一辟仍發丑昌麻是政宿思能打廩其補包燈,24,23,0.21,炤,ok
M2_0332,榮,榮,榮,榮,忮命望時星也麦年自包稜旦君正特名於換或奠榮旦得,23,23,0.1555,架,ok
M2_0333,也,也,也,也,世間也年庄今固山碎堯吏特故連時補故年灵望連,21,21,0.131,乇,ok
M2_0334,泯,泯,泯,泯,廩麻碑也柔取要討守世腰麻冬朱屬差爾也泯初生,21,22,0.2286,泯,ok
M2_0335,奔,奔,奔,奔,仍祠共仍死付朱尋察藝事僥凜几恪察生特奔黑尋,21,22,0.2194,弈,ok
M2_0336,口,口,口,口,即其翁口無每查事意時翁無圓從尋故多丑有意在,21,22,0.1307,心,ok
M2_0337,條,條,條,條,意特陣在之多易几閑臣君庄同侵之奎秩條辰記笑多,22,22,0.1742,條,ok
M2_0338,美,世,美,美世,特創朗麻祐事中弄尋甚別几國美世僊主爾兀主因敗凡,23,23,0.1679,丑,ok
M2_0339,修,修,修,修,真於連發勿擒饒凜年梗庄按等奴添舊修晨穴玄麻,21,21,0.13,修,ok
M2_0340,道,道,道,道,經道味尋殿意貧飭尋儀才能甚寒謂朱年天下多緯,21,21,0.1353,適,ok
M2_0341,,吳,吳,,開徐尋練浪補道四王左席特君實吳末嘉化之翁意宜調,23,23,0.195,罡,ok
M2_0342,,,,,遂罢,2,14,0.0841,適,ok
M2_0343,尋,尋,尋,尋,生笏忍疾連紙打尋止仍兀遙仍麻体尋強师拖函呐麻支仍,24,24,0.1594,子,ok
M2_0344,清,清,清,清,朱沛困對年命朱丑虎弗尋沛馭雷多等也辱虞双清官,22,22,0.1505,肃,ok
M2_0345,,翁,,,翁至樞爾翁曰無傳,8,20,0.0801,紏,ok
M2_0346,辰,辰,辰,辰,吏白沒置願辰德主文歌是標玉德記瑪發何花主養坦初鄧,24,24,0.1621,辰,ok
M2_0347,焉,焉,焉,焉,左年双焉鬼也色灵鬼改欺署致離更暗堯故貝石,20,20,0.1578,渴,ok
M2_0348,還,還,還,還,意等傷來干生朱云庫還飭命開除尋買許事中命羅,21,21,0.1532,遏,ok
M2_0349,僊,僊,僊,僊,奕清而害各鬼僊主爾白之爾運宣亦宏衛旦茲軍奏岡辰中,24,24,0.1424,僊,ok
M2_0350,翁,皇,翁,翁,鋪些槎為年色呂死為道歌欺翁皇為盛黍多官先異抽,22,23,0.1297,条,ok
M2_0351,之,之,之,之,旦邁哈歲庄哈呐律刻养賓妃至尼同饒功業福德時尋之,23,23,0.1698,三,ok
M2_0352,勁,勁,勁,勁,暗朱年沛凶各衆來祀歇理助時勁庄持吒候吏祀,20,21,0.1694,勁,ok
M2_0353,代,之,代,代之,尋歷悶名庫坎女女尋云死為道葺多指逢爾代之庄,21,22,0.148,之,ok
M2_0354,還,還,還,還,麻歌焉接去黃泊洛庄惜共各還德主爾欺意固徵事選已,23,23,0.1798,晁,ok
M2_0355,喜,喜,喜,喜,庄腰埃重齡要看固改喜焚其庫責妃皇為由為那潔,21,21,0.1521,喜,ok
M2_0356,旦,旦,旦,旦,爾朱旦低特安慰碎開除樂髮麻辰牢別先碎事選向公,22,22,0.1297,三,ok
M2_0357,在,在,在,在,在鋒肄飲翁玉竈之黎翁色垂夢本道特昭遍南運準,21,21,0.1188,在,ok
M2_0358,効,効,効,効,沒燒曰無黍安晉効代愛看等吒陣仕惡也折意光道,21,21,0.1607,𭃡,ok
M2_0359,罢,爾,罢,罢,德主支致正事傷庫沛乞為靈爾德主支秋罢爾麻竈末無安,24,24,0.1325,爾,ok
M2_0360,也,也,也,也,欺意固氣僊主支秋判畧末饒得辰也察年察吏之,20,20,0.1609,乇,ok
M2_0361,云,云,云,云,肆特或該答本通寧葉弄倦主爾云須發見於古術齋生布,23,24,0.1071,而,ok
M2_0362,至,配,至,至,翁皇批晉現丑翁至配之葬先畏床獅少麻代法壳尋朱重,23,23,0.2809,𭮀,ok
M2_0363,爾,爾,爾,爾,個煩尋吏麻晦包那群意畧命宅体希尋練辰奏爾,20,20,0.1853,伺,ok
M2_0364,正,茲,正,正,朱哲重天臺左尋別等伶戈代守多叔皇稱罪其正茲復武隆,24,24,0.1461,妨,ok
M2_0365,祀,祀,祀,祀,女群祀旦咽庫止尋麻浪魯矣分朱碎思碑守碎之低把,22,23,0.1359,祀,ok
M2_0366,白,白,白,白,麻奚咀辰因牢主碑別每事麻廢朱原名丑窗因燒白,21,21,0.1192,而,ok
M2_0367,,皇,皇,,翁皇末獅爾故配之死為道傳,12,12,0.1224,皇,ok
M2_0368,非,非,非,非,南非左別七變吏義雲為命國饒罪生固功之朱,19,19,0.1959,冉,ok
M2_0369,尋,尋,尋,尋,勸特饒尋計生掣補事累為芸惡棄奔堯唐各,18,18,0.1495,𭔿,ok
M2_0370,旦,旦,旦,旦,德主爾朱旦末爾木時退死末尋庄怪之歲險麻笑運爲群於,24,24,0.1245,三,ok
M2_0371,宸,宸,宸,宸,喬吒尋仍傷因饒吝改古命安朱宸忌僊主爾向饒福德朱也,24,24,0.1617,辰,ok
M2_0372,麥,麥,麥,麥更,時憾你凜祀樂仃嬰碑事意之麻罢樂更麥字尋置內辰,22,23,0.0945,麦,ok
M2_0373,与,与,与,与,朦稜獅子擒攝其種路年今走數恨同意体而丕年与欲,22,22,0.1101,府,ok
M2_0374,國,國,國,國,命死仕廩朱年庄仍法役債術種意中共弄庄言國勤,21,21,0.1749,困,ok
M2_0375,尋,尋,尋,尋,未有燔創饒灵忽尋也為事意魔思而欲飭朱尋末事,21,21,0.1747,身,ok
M2_0376,迎,迎,迎,迎,白之特是呐新左依僊記女憲思依碑命山庄待時迎几路,23,23,0.1645,遂,ok
M2_0377,初,初,初,初,初中落樞移河答某奇條畏有三方安峯時多修運,20,20,0.1291,𭃡,ok
M2_0378,或,嘗,或,或,庫巾然與兆民廩等尋極襖命朱故旦或嘗瑪於殺峯底,22,22,0.1376,百,ok
M2_0379,笑,笑,笑,笑,本尋連笑祿共鉉眾命四朱年翁皇記之朱玄已案寸多,22,22,0.1847,笑,ok
M2_0380,,麥,,,未爾等陶庄盛麥連差究多行同麻切折即時逢秩意,21,21,0.1641,麦,ok
M2_0381,至,在,至,至在,諸信德主府公平幾窮走打把故至在年至晉共國饒有七須分,25,25,0.1008,奔,ok
M2_0382,恪,恪,恪,恪,閑美唐朱饒尋女恪扒研呻兩調意麻庫末廩朱年尤意,22,21,0.1372,胳,ok
M2_0383,尋,尋,尋,尋,墮品取向礼時尋推發學祐國年昭異左為尋幾德主前判,23,23,0.1352,尋,ok
M2_0384,收,收,收,收,三賊時收放在象罪包度叔乳愿命帝布路趙爾翁皇意,22,22,0.166,𭣣,ok
M2_0385,度,度,度,度,連左周内度調也天國受或徐策置內在是於中房連客中,23,24,0.0998,𡻕,ok
M2_0386,直,忽,直,直白,連采故麻辰玉蜜也朱飭畧等甚朱訪輝安歌忽直白匠,22,20,0.076,眾,ok
M2_0387,辛,辛,辛,辛,旺時折主遇政壽尋王嘗銜主席事之開除辛真斗浪事,22,22,0.1745,采,ok
M2_0388,左,左,左,左,中尼固形亭戮債理以左麻主慄死於牢特等尋吏判浪昆,23,23,0.1737,左,ok
M2_0389,效,效,效,效,時榮莫多來碑志及等效開徐得術猿來某術無行爾妃意,23,23,0.1373,𭃡,ok
M2_0390,奚,,奚,奚,翁皇支茲抛奚傳,7,24,0.0775,䍐,ok
M2_0391,雪,雪,雪,雪,意折難走立称罪在昆求朱變摩雪德主爾朱莊吏三慈道,23,23,0.1702,譬,ok
M2_0392,物,物,物,物,稜為受燒直爾叱物黑体狗掉慘蓮爾麻特賊兵云通,21,21,0.1762,𭃡,ok
M2_0393,周,周,周,周,麻老尋意云灼命中陽世周生云灵惡共壳中老他嶽,21,21,0.1656,閹,ok
M2_0394,岩,岩,岩,岩,生百受按朱衆岩地變而牢翁活愈定唐多色漏時發矣,22,22,0.1164,煜,ok
M2_0395,効,効,効,効,冉意連及舟効奠朱昆麻年重朱眷佑因沛生公翁意体妻,23,22,0.1636,𭃡,ok
M2_0396,功,功,功,功,等作進士真功周省宰麻改升衆夏巳吝來也命也年,21,22,0.1177,𭃡,ok
M2_0397,皇,皇,皇,皇,礼翁皇尼要逼合倘罢,9,17,0.0851,皇,ok
M2_0398,無,無,無,無,於走而無靈席仔命在仕未旦壽他正德主爾征功朱喧何,23,23,0.1465,燕,ok
M2_0399,蚤,蚤,蚤,蚤,眉由蚤忌法德主支秋麻庄曳研爾兜韋歲祗戲奉,20,20,0.158,𫊫,ok
M2_0400,公,公,公,公,時尋收榮倍役公桃惡衣麻朱奴及离些人庄朱欺畢色,22,22,0.1556,人,ok
M2_0401,黑,黑,黑,黑,補雷於城亞焉丕黑壳尋因送北興連朱旦羅埃列勞他,22,22,0.1734,吴,ok
M2_0402,脾,脾,脾,脾,時巴昆勑時吒娛餞如几脾婁閉天達係異吝或弓常願,22,22,0.2266,䏷,ok
M2_0403,召,召,召,召,巨賊畧常召霖廚事庫為軍留也些麻此庄間召蔑拙,21,21,0.2538,乃,ok
M2_0404,望,忌,忌,望忌,美先尊望忌果延仕麻旱生興於僞移些牙等麻停命症仕朱,24,24,0.2397,尺,ok
M2_0405,回,回,回,回,朱吞包茲臻亮是回從醉公候其見昆設乘墓是罢,20,20,0.1491,回,ok
M2_0406,,色,色,,佇齒在朱謹色時碎買敢唱旦欺重色誓如而玉時把人,22,22,0.1842,色,ok
M2_0407,方,方,方,方,由巳模浪欺与把於中如臻時每從方主斧彼儿恪店時,22,23,0.2159,方,ok
M2_0408,,,,,早燒計之特收事後葩蘭汝欺發打賦時酒凡祿翁至,21,23,0.1391,白,ok
M2_0409,天,天,天,天,傳天下連核麻公茲線寄韋城腰效果如吒突侯乃因役之,23,23,0.1561,尺,ok
M2_0410,詐,人,詐,詐人,奉忍梁麻補主鄧年門物時旱噪婁責几餘打詐人丕時,22,21,0.1317,而,ok
M2_0411,作,,作,作,方她來特釗朗麻叱早此事笑固義店欺尋洋願作妃,21,22,0.1517,方,ok
M2_0412,久,久,久,久,時把朱矯恩樂昆久及時殘思連飛奴困難凜翁里,20,21,0.1233,𫝄,ok
M2_0413,茹,茹,茹,茹,讀煒麻几般共哲茹餘別畀犯罪重黑恨弟床几祀古茹,22,22,0.182,兹,ok
M2_0414,重,重,重,重,為蒸初畧札重直合吏茹垂麻願甘連收店朱旦創興,21,22,0.1703,仏,ok
M2_0415,諫,希,諫,諫,燒奴聞除翁垂施之末司儒改書諫希共曰無亦惡人時言,23,23,0.1515,希,ok
M2_0416,旨,旨,旨,旨,城共各樂柩縷古厨箕共旨主界法執事為便初祀師昆分,23,24,0.1661,行,ok
M2_0417,亮,為,亮,亮,辭趨眾麻特塊走固街几於地獄亮為惡奴左固年黃仍事,23,22,0.1675,迕,ok
M2_0418,,燈,燈,,孛跡翁效錄固几時燈劫固几時折尋固儿時耶淫仍几奸,23,23,0.2109,而,ok
M2_0419,姻,姻,姻,姻,欽庄補几召庫明姻公共誣恪高理凜朱年仍伴几劫補,22,22,0.1771,姻,ok
M2_0420,眾,閣,眾,眾,离黃泊帝朱碎庄老且欺方主眾閣把功朱早色教仇逼,22,22,0.1498,莒,ok
M2_0421,賢,賢,賢,賢,為罢同人禮朱畢些召解分主支秋帶麗掛古極重公吏賢,23,23,0.1555,腐,ok
M2_0422,華,華,華,華,塊早雲魄壳麻潮天堂常固法選方主尺向為功華尋遜,22,22,0.1718,荼,ok
M2_0423,買,折,買,買,固仁德時效廣象吝宅亮几買折旦帝嗔共方主齊朱,21,21,0.1919,打,ok
M2_0424,足,足,足,足,豈過辭時牢召庫王畢足事人治得於連拘換茲仍商,21,22,0.1898,𠯁,ok
M2_0425,要,要,要,要,幾種朱旱要麻限官傷捕翁麻敗方尼朱要美玉双出,21,21,0.1734,𡚶,ok
M2_0426,札,得,札,札,翁至監為蘇曰無死為道札得近昆倘執,16,16,0.1391,解,ok
M2_0427,,,,,數豈各官豐折中四,8,19,0.1061,腐,ok
M2_0428,岸,事,岸,岸,福準斷約尋於仲車麻戰矫岸事趨來澄昌爾興又當,21,22,0.179,事,ok
M2_0429,忌,忌,忌,忌,現審麻朱被体方主支殺於忌方娛羯祀形畢乳卒令麻,22,22,0.2072,尺,ok
M2_0430,,趨,趨,,仍思咽共澆些鬼尚尼趨朱懸矯奴後旦穢華公南麻色,22,22,0.1557,趍,ok
M2_0431,燒,燒,燒,燒,希腰然扒石碎時故哭吹其亦燒理朱是傷奏皇太子風凌,23,23,0.1702,燒,ok
M2_0432,谷,谷,谷,谷,丸各垂時傘不札朱谷灵魂於煜醉罪令吏白蔑翁至魂,22,22,0.1594,谷,ok
M2_0433,久,久,久,久,初造立天地娛久異樸創臾爲生特點昆庄恪之獸丐牢,22,22,0.1632,从,ok
M2_0434,因,良,因,因,朱卞為每事釋迦排運初要事对詐左可信因良道方主,22,22,0.1668,戔,ok
M2_0435,餘,餘,餘,餘,夢振歿懶婁餘女時是求共分主尺俸祝固雹此巖,20,20,0.174,餘,ok
M2_0436,主,眾,主,主,至斤把強得強撥朱特福燒葉弄方主眾欣女住畀闭燒,22,22,0.2574,乔,ok
M2_0437,把,把,把,把,把垂尼生曙處城曾瑪茲朝即譯用召道笑麻吟事建,21,21,0.1136,妃,ok
M2_0438,事,事,事,事,奉分主爪眾求真朱每事盛倒克共灵魂准人行主斥重,22,22,0.1315,尺,ok
M2_0439,弁,弁,弁,弁,庄昭困除蜀別女凡曳実濱祀商與雙綿之弁料斫之,21,22,0.3074,并,ok
M2_0440,竈,竈,竈,竈,共方主支秋時主牒登現竈麻柩姑模齊朱双离黑方主,22,22,0.1335,竈,ok
M2_0441,少,少,少,少,自方圭支秋興忍少旦笄垂尼生時特豈寐巴迢夢梅,21,21,0.091,少,ok
M2_0442,撥,撥,撥,撥,時語畀筆風吏戰撥真早漸廟卻每阯竈恒凜几停役,21,21,0.2037,擦,ok
M2_0443,,活,活,,中游衣前已亞初固莫垂先眾徹蓮芻異君活人庶罢賦,22,22,0.231,湲,ok
M2_0444,覆,覆,覆,覆,麻究街塟中殿伏吏兆係異覆解夢卷而札敬各垂合吏,22,23,0.1944,農,ok
M2_0445,燒,燒,燒,燒,讀固燒天神廚朗率食時早買別里以札眉沙時晦總,21,21,0.1763,曉,ok
M2_0446,旦,炤,旦,旦,他法察共沿朱症意夜忌庄固咽旦炤地獄為几於中行主示走,25,26,0.1558,炤,ok
M2_0447,莽,莽,莽,莽,影畢莽鑄共踏奉人帶真為烝罢沛切為方主支秩時,21,21,0.1541,捧,ok
M2_0448,畀,畀,畀,畀,李困除仕補役多麻護尋翁垂公真講來別方主斥畀埃,22,22,0.1576,異,ok
M2_0449,尋,尋,尋,尋,低欺尋洋黏麻些特別麻渚,11,11,0.1309,昇,ok
M2_0450,人,人,人,人,油麻几排達固人債時色固衣行主眾遣丕爲罢事舞,21,22,0.1311,分,ok
M2_0451,界,界,界,界,分主界色接尋人詞仍几悶乎命共扒所各至天神於遠,22,22,0.1976,乔,ok
M2_0452,特,特,特,特,色特賊眾思共堯母左帝類遙恪為按眾類尋些其固,21,22,0.1544,按,ok
M2_0453,兮,兮,兮,兮,在奴浪真方她向福事人朱碎把垂久來淺之奴呌奴後兮,23,23,0.1668,方,ok
M2_0454,連,連,連,連,体中懶心災迎形行主支秩連掏梓共巴灯跌安樞銅鬻核,23,23,0.1801,逢,ok
M2_0455,末,乘,末,末,晏星先異那骨種末乘人時奉河奴幼皇太孔法孝道,21,22,0.1617,我,ok
M2_0456,架,公,架,架,奉春退希体向丕重架公麻閣此功攸女且創得各毕合吏,23,23,0.163,人,ok
M2_0457,新,新,新,新,新連袍旦斯圭時尚公買明共婚浪眉沛丑形諸拜無婚丞夢,24,24,0.1805,新,ok
M2_0458,道,方,道,道,初中域曾瑪固尋寡節重先要批留吸些行道方主爪凜,22,22,0.1799,行,ok
M2_0459,黎,黎,黎,黎,扒歇時扒特陽至四寂畧歇考為些黎國意朱榮地吏麻,22,24,0.1432,教,ok
M2_0460,國,國,國,國,時命垂安稜印國早哦麻袍掇燒唐竭可家歸洋符,20,21,0.1852,肉,ok
M2_0461,每,每,每,每,彈要連每早浪眉沛世几止嘗孛走早吏跡浪碎生刻祕,22,22,0.1644,安,ok
M2_0462,方,方,方,方,獨人為為伏戰天下富方主支秋畀巖庄平行主吒生年周燒儿,25,25,0.1619,万,ok
M2_0463,岐,岐,岐,岐共,共往說麻庄計府築哥干吏學共岐是固几体丕呈,20,22,0.1596,岐,ok
M2_0464,興,興,興,興,連把興庄敢沚戈帝女固象杏長沛疾神氣折燒早凜中,22,23,0.1795,䍐,ok
M2_0465,至,至,至,至,畢至奴我榮旱真尋旦共是欺洋於中塲拳麻內对寢申,22,22,0.1596,王,ok
M2_0466,,庶,庶,,孛如表時叱絲舉畢包擷庶打廩朱旦折亮時看此神,21,21,0.1692,庶,ok
M2_0467,將,將,將,將經,行主奉凜麻寄常苑午時早式麻跪竈讀經係興經將,21,21,0.1779,將,ok
M2_0468,人,人,人,人,竈來共方主尺固从與歿事人趨俸祝像人我竈而姑世,22,22,0.1816,人,ok
M2_0469,体,人,体,体,餅从連雷輿仍鋪她人体人玉墮行主斥傷辱為功茶妃,22,24,0.1543,人,ok
M2_0470,字,美,字,字,疎浪碎比歌些後那色孝字美廿每理及當碎庄他事从皇,23,24,0.2003,隻,ok
M2_0471,每,後,每,每,張於謙護朱年每後中茹油麻餘畀几哥胖拱歇麻腰,21,22,0.1553,後,ok
M2_0472,尼,尼,尼,尼,圭翁垂尼生興於城嘗瑪畧末早此世間異即重為異行,22,22,0.139,尺,ok
M2_0473,希,希,希,希,雜要折突斷呂愛其昆麻勸支朱任兄佇法希及逢無容,22,21,0.1676,希,ok
M2_0474,城,嘗,城,城,蟠恪燒常城嘗瑪常於忠恪女為希固夕朱卒餘方主眾,22,22,0.1914,署,ok
M2_0475,尋,尋,尋,尋,時尋色掇店召罰某界連炫幃麻茲尋共真教事為,20,21,0.264,昇,ok
M2_0476,貧,貧,貧,貧,貴時貧古畢吏扒把垂獅槎當亞晦古奎胃底虎把人連,22,22,0.1997,𮚃,ok
M2_0477,色,色,色,色,朱補撥府街事世間觀旱色逼極歲在塊包樓麻華雄色,22,23,0.1757,色,ok
M2_0478,分,分,分,分,此後津興成恩分主尺美弄朱早信突用樂聚常口体幾,22,22,0.2323,万,ok
M2_0479,選,選,選,選,女把垂公達明呂凜尋語末選鄧分朱方主歷吏婆四事忌,23,23,0.1691,選,ok
M2_0480,辰,辰,辰,辰,虧宋辰名道臾因夢各梭唐餘体象同宮仍旱些曉,20,22,0.2168,夲,ok
M2_0481,餘,餘,餘,餘,庄常送公年酯言倅異女店趨最餘廣願時同燒吝至天神,23,23,0.1893,餘,ok
M2_0482,計,計,計,計,早今計後姑後鳥次執封職要焉埃讀傳尼府今晉法,21,21,0.1613,計,ok
M2_0483,子,子,子,子,欺安解祀古養登查巳麻安戈召計子庫是些公庄特儿,22,22,0.2398,子,ok
M2_0484,,竣,竣,,丑虎媛命奴改信朱翁垂安殺特哈時畢連竣聽奴,20,20,0.1876,趍,ok
M2_0485,,,,,國意,2,22,0.1024,手,ok
M2_0486,生,聘,生,生,拒要歲赤異道事通天文昆帝蜀生聘李孝道方主眾,21,21,0.1982,聘,ok
M2_0487,尋,尋,尋,尋,共袍炤麻烛各尋众君平本洋燒她人時買數双留弃,21,23,0.1909,昇,ok
M2_0488,曜,趨,曜,曜,自因朱昆共言四時淨趨夢尼將困浪曜趨过尼林解及夢,23,22,0.1859,趍,ok
M2_0489,而,而,而,而,主斥坦門物麻罢傷時悶召而丕差平浪中國初庄固,21,23,0.2534,白,ok
M2_0490,事,在,在,事,畢鍊浪奏君別事在時找聞主生年門物奉宜洞公連,21,21,0.1743,人,ok
M2_0491,五,五,五,五,外向分來分施朱尋庫反幾分應命默各伴体五時,20,22,0.2453,石,ok
M2_0492,前,前,前,前,恐朝天愬侯公翁垂曰無浪些連趨前各榮於殷脩行庶,22,21,0.1329,兹,ok
M2_0493,人,人,人,人,各狩孟人初希湧亞槎發亞先異亞移戰習邁各官朝文,22,22,0.1905,人,ok
M2_0494,垂,,垂,垂,夢離姬垂歌異喂童貞傳,10,24,0.0918,更,ok
M2_0495,亮,亮,亮,亮,花恪朱妃垂公女麻浪花尼走沛花古世間亮忽異方於連,23,23,0.1827,覺,ok
M2_0496,商,商,商,商,沛宜商綿咽差平庄宜共走祭禮李時扒席棟汀拘按弃,22,22,0.1866,肉,ok
M2_0497,孟,孟,孟,孟,孟世間為事孟卷伐娄因史走把垂人連為朱各官直斷,22,22,0.1626,孟,ok
M2_0498,山,山,山,山,把人明至方主丕順數山艱美寺朱各畢軍另以連信歌,22,23,0.1477,山,ok
M2_0499,啟,啟,啟,啟,事庄公啟末災固泉意葉弄方主斥朱年燒紫結麻畢召左,23,23,0.2103,帖,ok
M2_0500,弟,弟,弟,弟,过凜弟碎固功之麻當事人斷咽共各天神浪嗔綽碎,21,21,0.2911,吊,ok
M2_0501,,用,洋,,此連召致包蜀國適點其召道田學洋用燒旱法固通有專,23,23,0.1051,团,ok
M2_0502,匝,匝,匝,匝,並奴安卑于槎鳥捲夕幾數众体壳把垂榔槎留匝洋鮮,22,22,0.1629,西,ok
M2_0503,等,等,等,等,邁糝丸殿垂翁垂批曾共等聖保祿於城瑪著,18,18,0.1281,𡬦,ok
M2_0504,浪,行,浪,浪,曾瑪各本道体華譽時明凜麻早明凜連嘲浪行主示生,22,23,0.1295,勿,ok
M2_0505,洶,洶,洶,洶,約洶色楼希連付早生官其麻判裒奴庄祭礼孛百梁,21,21,0.1601,洶,ok
M2_0506,宮,夢,宮,宮,自方主支致要代生旦弁垂巳塊夢廚宮萬興近為辦,21,22,0.1378,軒,ok
M2_0507,,,,,周婚重燔朱特連天堂旱役焉及當虛因補事願,19,23,0.1966,白,ok
M2_0508,判,浪,判,判,傳旱仕四興得呂通極為臘姬垂忌時毒脉麻判浪眉補,22,23,0.1441,恨,ok
M2_0509,秋,秋,秋,秋,欺奴護願如小丕堪蔑之時却抵秋缺連美巽醫中訶走休,23,23,0.1328,祅,ok
M2_0510,,蚤,蚤,,矣兮昆蚤矯被几固疾共几就弦盆女帝利日至仍麻走,22,22,0.1348,𫊫,ok
M2_0511,羊,羊,羊,羊,主支秋腰命力丕時旱強致勉連歇每事世間麻羊亥重,22,22,0.1542,旱,ok
M2_0512,,序,序,,復得因悶葉寺尋世間曷埋沛折麻補主以離無序牢,21,21,0.1885,停,ok
M2_0513,奄,奄,奄,奄,碎宣奄華庄敢罰坦尼女旦歛理連安麻寧常城明凜,21,21,0.15,夜,ok
M2_0514,異,異,異,異,汝義異恩方主奉久浮廟命至支由尼摸舟畢時丕弇垂,22,22,0.1798,𤰞,ok
M2_0515,達,庄,達,達,事弔鴻久為緣几人連天臺庄特沙地獄庄達實時沛於,22,24,0.1759,万,ok
M2_0516,而,而,而,而,如几於連棱尼永尾玉斷尋左召而茹盈麻於共虛腰古盈,23,23,0.1827,而,ok
M2_0517,弄,弄,弄,弄,今垂尼吒候腰凜為已策膠也漸弄特按洞又當行主,21,24,0.1672,希,ok
M2_0518,喪,喪,喪,喪,為茲求朱常筋各柴丸朱灵魂公喪府思明共拜丕約,21,23,0.153,畏,ok
M2_0519,稜,稜,稜,稜,事街夜計稜內涕反庄叱方主示把功榮朱麻旦前餘翁垂陂,24,24,0.1723,移,cell_char_mismatch
M2_0520,,原,原,,常花炤烛膝欺炷打共烛時果盈末麻願儀碑原恩行,21,21,0.1414,啄,ok
M2_0521,燒,燒,燒,燒,搜其要生特燒潔髓新吏攬遙稷傳共真如丕退蜀切,21,23,0.1797,燒,ok
M2_0522,方,方,方,方,豈邁夢歆巳要興衣方姬年巴歲包發餘,16,16,0.1176,方,ok
M2_0523,奴,賊,奴,奴,王將泰姿賊內奴吏旦圓城化麻希曾瑪吏差軍助庄,21,23,0.1598,遥,ok
M2_0524,事,事,事,事,打時傷此後沫異拜夢妃人盈末左斟在動斷事支於尋,22,23,0.1652,燒,ok
M2_0525,燒,燒,燒,燒,麻別仍理中再日主齊固几學文燒麻胡與事之諸興至,22,23,0.1258,燒,ok
M2_0526,淨,淨,淨,淨,後尋仍几要外麻安慰後溥辱滿淨為事尚早些而遲,21,21,0.1585,悸,ok
M2_0527,召,召,召,召,玉麻約湖補白呂朱特趨將行丕召法溫眾斷呈榮官朱時,23,23,0.207,吕,ok
M2_0528,旺,旺,旺,旺,氏時奴他來人坊迴本蟠旺時奴沛束久共折周涂寄常古,23,24,0.1043,旺,ok
M2_0529,奉,奉,奉,奉,歆尼異得奉增瑪先畏昆散早奴鄧年殿蜍畧歇麻茲方,22,22,0.1745,希,ok
M2_0530,安,安,安,安,傷碎安苦昆希麻罢沛林補但復事尼本因罪之為固,21,22,0.2853,安,ok
M2_0531,竈,竈,竈,竈,強信女曉時眠終古尋曷縷司共丐釘鵝麻恣竈發矫,21,21,0.6059,竈,ok
M2_0532,因,因,因,因,頭生旦真洋律股時因夢各官呌浪事罡碎体豈天神,21,21,0.2002,因,ok
M2_0533,時,谷,時,時,尋每尼庄体穿垂身共宮四連蜷竈繪仲同入麻願時谷宦,23,23,0.3611,谷,ok
M2_0534,公,公,公,公,庄敢巳茹翁用陳翁公浪毕矣巳苑時碎仕召道共器第,22,22,0.1875,从,ok
M2_0535,餘,餘,餘,餘,時敵隱念中如餘麻願朱樓凜是同婦先異柩安那,20,20,0.2631,餘,ok
M2_0536,涕,涕,涕,涕,習判浪昆矣遠麻術天堂寒欽時早宮欣昆獠陽涕,20,20,0.2414,湯,ok
M2_0537,綴,綴,綴,綴,尚真異摯几向綴道第固燒几燒奴常良計移內向之世沛,23,23,0.2351,編,ok
M2_0538,女,女,女,女,因女女,3,3,0.0637,从,ok
M2_0539,古,古,古,古,空麻走傷戶行体是而福歇曉古夜時禁考朱倍古吏梅,22,22,0.1742,左,ok
M2_0540,喂,喂,喂,喂,喂代朱旦尽世至陌代畧油麻与主歷腰各垂時清固朱埃,23,23,0.2878,嘿,ok
M2_0541,,方,方,,翁垂末槎點固遷昭昆方主衣色接此共歇昆鄧命如,21,22,0.1875,方,ok
M2_0542,方,方,方,方,自方主支秋要化朱旦翁圣巳特巴森召奔,17,17,0.1526,万,ok
M2_0543,板,板,板,板,默板琰命押翠弟聘孝娑班最走固安要南但空物,20,20,0.1519,衣,ok
M2_0544,示,示,主,示主,双雷乎垂人奠共方主示底朱命召折進人丕几旦美續,22,22,2.9641,未,ok
M2_0545,四,四,四,四,固澆歲坤頑吏勸几格清四人困朱埃蔑四事人益麻清係異,24,24,0.2089,咽,ok
M2_0546,蔑,蔑,蔑,蔑,巨賊畧常召霖廚事庫為軍留也些麻此庄間召蔑拙,21,21,0.2538,茂,ok
M2_0547,她,她,她,她,煙垂分她因冰燒几沛弄胸尋过理如象昆真聲尋尋燒吝,23,23,0.1875,妃,ok
M2_0548,見,見,見,見,見庶庄固理吊助特女為後色輿時哭吹傷見凜麻殺,21,22,0.2165,見,ok
M2_0549,夏,垂,夏,夏,代丕把垂夏外點仍夜終頗卒於朱葉弄吒候中時點,21,22,0.2052,氏,ok
M2_0550,合,合,合,合,合夢解麻旦尼毛真凜朱年仍几於帝慢為看畢傘至支,22,22,0.1461,合,ok
M2_0551,異,異,異,異,翁聖尼異尋生守於城穌發於淚良些留亞麻黑辛湟其,22,22,0.1915,粤,ok
M2_0552,,,,,事歸理朱年畢些召道燒凜沛等茹垂懶餘奉分主介,21,22,0.3452,白,ok
M2_0553,姚,鮮,姚,姚,共象興曷衣計發四而禮麻隊恩方主尺為朱翁垂姚鮮國,23,23,0.1414,願,ok
M2_0554,廚,山,廚,廚,願真与主齊扒飭魔思感杜耳些女廚山早些消敵每字,22,22,0.1591,人,ok
M2_0555,尺,尺,尺,尺,庄特楼畢作固从乞主尺來命搜役暑人朱但淺特道時早,23,23,0.2321,斥,ok
M2_0556,餘,餘,餘,餘,欺於中茹餘本敢四庫象翅共埃庄穀注庄敢呂肢吏盡,22,22,0.2501,餘,ok
M2_0557,重,重,重,重,麻教事式共固札重凜時人札類得列執姚矩初冀其固翁,23,23,0.1889,查,ok
M2_0558,之,之,之,之,庄宣畢斧垂葩之吏差使後共表時奉陣庶莒趨落慘翁,22,22,0.2146,之,ok
M2_0559,,姑,姑,,趨永各本道解罪共朱召姑摸我共固欺抑拘摔麻援緣跣,23,23,0.2387,妨,ok
M2_0560,陂,陂,陂,陂,共等垂計移姑移鳥共斧至陂那迂吏柩南方主支秋判,22,23,0.1463,人,ok
M2_0561,極,極,極,極,迷養及留候推朱年時買別事公要事極郎極重智早此點,23,23,0.117,吊,ok
M2_0562,而,而,而,而與,無於滋葩蘭沙與而宮四是朱別每理倒迫实走塊包,21,21,0.2629,而,ok
M2_0563,几,食,几,几,保浪矣巳淺周除旱連包麻几食辛庄休戈欺旦凡房御,22,22,0.2017,仔,ok
M2_0564,,斷,,,翁垂尼該各本道初舉斷麻而每役年改朱天下效各柴將,23,23,0.195,佩,ok
M2_0565,巳,巳,巳,巳,宋押侯爾麻趨泣每巳尺下永仍墓各垂包降伏欽氏色,22,22,0.1678,尺,ok
M2_0566,思,思,思,思,思拾女時碎買難年休今旱法丕時重凜麻押曰無城,21,23,0.1388,恩,ok
M2_0567,卻,卻,卻,卻,真拘梓召祀亮碎麻年北朱特連共築拜初沚歇卻興,21,21,0.2,仰,ok
M2_0568,要,要,要,要,哈伞里公左要官体白丕時陣凜語眾貴命庶補中煜,21,22,0.1925,唼,ok
M2_0569,,,,,李共柴固將仁方不体功華畢時撰曰無曲麻尋閣,20,23,0.184,白,ok
M2_0570,初,初,初,初,翁垂安移必要几孟興要奔垂孤初早白莒四弁垂,20,23,0.1454,举,ok
M2_0571,別,姬,別,別,尚美其几賢冷之困際奉陣凜時別姬皇俗戈官將見,21,23,0.1766,妃,ok
M2_0572,有,有,有,有,貝有時南蓮坦空麻歟列凜時漆蔑拙穢願時願連欺,21,21,0.1611,有,ok
M2_0573,招,招,招,招,喂歇畢招祖各本道袍仍南於麻勸除仍罪磊及留夢吝,22,22,0.2311,𭃡,ok
M2_0574,李,李,李,李,連棱麻李道常於共早旦化時奴連直事体末那,19,20,0.1337,李,ok
M2_0575,不,不,不,不,丸各垂時傘不札朱谷灵魂於煜醉罪令吏白蔑翁至魂,22,22,0.1594,𡖋,ok
M2_0576,市,市,市,市,爲然尋推時昆市巳興於念時困除朝尺賣連斥臾時,21,21,0.1868,炉,ok
M2_0577,跳,跳,跳,跳,跳那骨諫昆希清道女欺方主反緣朱昆同每事春吒,21,22,0.2136,哦,ok
M2_0578,至,至,至,至,白至連應尋真召法沿罪固夢塔重漢早些餘思吏固,21,21,0.1854,石,ok
M2_0579,在,國,在,在國,國末等埃傷腰歇早是些致几及連走因性結伴友在國朱,23,22,0.1906,因,ok
M2_0580,即,即,即,即,把垂尼生曙處城曾瑪茲朝即譯用召道笑麻吟事建,21,21,0.1136,節,ok
M2_0581,油,油,油,油,抵夜鵝油麻特陣次畧幫歲望凜罢易的人仍事困中茹,22,22,0.2171,肖,ok
M2_0582,而,而,而,而,底生碑召幾拙事庫尼諸而之等人矣扒斫厉土支秋物庄,23,22,0.3692,而,ok
M2_0583,她,起,她,她,支秋腰挨時底朱召事仍庫左固種弟庫麻她起庄已分,22,22,0.3644,尺,ok
M2_0584,為,早,早,為,玉界接早詞朱几童貞常几因婚重特熾為早过用燒,21,22,0.2271,昇,ok
M2_0585,,曷,曷,,為曷他昆末灵魂麻吟事方主乔欣欺畧官宣調公,20,20,0.2024,曷,ok
M2_0586,欺,色,色,欺,奴運槍鳥次巴峯仍污是故佯雜常欺色折時封戰朱,21,22,0.2775,色,ok
M2_0587,苑,苑,苑,苑,脉每事盛翁至苑之痛尼苑槎鳥次眾体處茹鬼於城,21,22,0.3154,苑,ok
M2_0588,趨,趨,趨,趨,早趨將行陷解凜共每役困矯早些皆朱年掩妨岐,20,21,0.3986,趍,ok
M2_0589,,色,,,閑冷黑諸佃為罪色犯時洋默沛折中囚落炤朱症其佃歇女,24,24,0.1771,包,ok
M2_0590,人,人,人,人,還特事人悶人困朱如縱此稜那興人困朱命,18,18,0.1498,白,ok
M2_0591,麻,而,麻,麻而,早魔麻澤浪牢翁垂於廚班店麻而朱孛茲歇時綿告,21,21,0.1967,白,ok
M2_0592,復,公,復,復,共昆制麻因刀國方主斥底命旦斯昆人時奴呌復公帝之,23,23,0.2675,人,ok
M2_0593,,,,,心,1,22,0.0921,遵,ok
M2_0594,餘,餘,餘,餘,祝体創畏花餘共直隋判浪事童貞異重凜此衛昆仲福,22,22,0.2532,馀,ok
M2_0595,,國,各,,稜故白札忌固公勸各昆國燔詞劄各至麻扒列如不耳,22,22,0.1824,應,ok
M2_0596,眼,眼,眼,眼,本可說時早鍊眼滿之固從弟習欣女麻或沙鵝朱抓,21,22,0.1948,眼,ok
M2_0597,平,平,平,平,懷用燒如作互丕娄女体中密是因巴凡乳平燒幾平,21,23,0.2299,甲,ok
M2_0598,田,田,田,田,同几侯下体成洋螭孛女連田早色季道行主斥麻曳希,22,22,0.233,邑,ok
M2_0599,蔑,蔑,蔑,蔑,欺蔑華常各華廟吏弄岸文毛增反阻吟事連斥走明,21,21,0.2154,𫈦,ok
