sample_id,pred,pred_seq,pred_all,col_text,col_n,kinh_n,sec,cell_char,note
M2_0000,,更,,旅生坤用难更延因省仁德求朱安慰,15,19,0.3081,妄,ok
M2_0001,,,,于俊命特旦开德主麻,9,23,0.2231,隘,ok
M2_0002,,,,行昆奔德主直创花德每事世阁,13,19,0.1931,犯,ok
M2_0003,取,吏,取,庄国各禁为事旦几取吏体各女,13,22,0.2429,杢,ok
M2_0004,,,,由推事师理寻圣天,8,21,0.2588,事,ok
M2_0005,,,,期平辽岁已百安尽仁德公,11,19,0.1653,可,ok
M2_0006,,,,2共几我取算其朱年計我車,1,23,0.2788,而,ok
M2_0007,,,,养尼技教命妻保要些明命,11,19,0.1932,守,ok
M2_0008,养,,养,养旋新事库看安主眉发宜麻,12,18,0.2824,壽,ok
M2_0009,建,建,建,侯下有导建民字多吏日字尼,12,19,0.2559,仰,ok
M2_0010,民,,民,各礼郎城师為文麻帝為女民乃通鲁不,16,21,0.4343,良,ok
M2_0011,流,流,流,罢主奉天下固底朱流烧道因共厅,14,20,0.2734,淚,ok
M2_0012,来,来,来,自特共毛底来不,7,21,0.2358,弇,ok
M2_0013,,,,本通我姻国麻,6,20,0.235,解,ok
M2_0014,弄,弄,弄,鲁弄有珠郎,5,19,0.1669,弄,ok
M2_0015,,,,特旦前玩双,5,22,0.3429,傾,ok
M2_0016,,,,千麻之蚕有雁麻,7,21,0.2781,咽,ok
M2_0017,,永,,户行吏永,4,21,0.2971,坌,ok
M2_0018,奇,,奇,用奇委社麻事常协副新派,11,18,0.1846,府,ok
M2_0019,光,光,光,但诸属体新道城那真国架先光隆,14,21,0.2449,芒,ok
M2_0020,,除,,在在麻除事庄平官连遣导厨麻除,14,22,0.2732,敗,ok
M2_0021,,,,事村麻骨依开底洋事衬女朱旦影,14,19,0.2132,常,ok
M2_0022,被,被,被,被於世间诸拜事之盈女旦得丰旅日福,16,23,0.2275,𬒳,ok
M2_0023,虎,虎,虎,臣前普虎玉旦等礼多戈,10,20,0.2431,虎,ok
M2_0024,,,,有更主支秋要朱特,8,17,0.2177,弇,ok
M2_0025,,,,茂灵连折想巴等交求,9,19,0.2036,𣣔,ok
M2_0026,,,,我能至安体视,6,22,0.2679,而,ok
M2_0027,徐,冬,徐,寻师连陵麻印形像色团徐冬押麻遣礼,16,21,0.2841,冬,ok
M2_0028,改,改,改,莲改飛板奴麻押色地,9,17,0.3112,改,ok
M2_0029,歌,新,歌,庄除固教导游歌新天神保,11,21,0.2554,都,ok
M2_0030,,,,信官好双,4,19,0.2249,𭰖,ok
M2_0031,,,,民在特得道日每几通,9,21,0.1504,百,ok
M2_0032,,,,年固南几美寻静先来命在力现,13,20,0.2453,放,ok
M2_0033,店,店,店,特别票养体市在国店取骨願中,13,21,0.2078,底,ok
M2_0034,冬,冬,冬,共冬本通置别认德同来谷至中八用,15,19,0.2948,冬,ok
M2_0035,,,,体希之固呈有端共县翁,10,21,0.2566,直,ok
M2_0036,,,,双通体固意主有宜体导更明漂,13,22,0.3118,吞,ok
M2_0037,在,,在,收直调更海在在麻眉在固,11,19,0.342,履,ok
M2_0038,双,,双,双罢意其者顾奏德主,9,19,0.2989,𠬧,ok
M2_0039,支,,支,天下来德主支教女書改来,11,20,0.2423,極,ok
M2_0040,命,命,命,共群末天下麻在赦命庄特福之安天主吏特,18,22,0.3825,𠇭,ok
M2_0041,奇,奇,奇,帝还背收南国福伤漂奇主,11,19,0.2258,知,ok
M2_0042,,,,团徐柴理奇耳朱便高宜退不,12,22,0.3286,遥,ok
M2_0043,对,及,对,麻罢要对及庄特女灵魂特,11,21,0.2258,及,ok
M2_0044,族,族,族,解佰几斯夜谷垂连青断棱歌满之族文,16,19,0.3522,族,ok
M2_0045,,,,連共抛奴展奏用市固理之,11,19,0.3654,入,ok
M2_0046,麻,,麻,道麻特補麻除季席,8,19,0.2284,尒,ok
M2_0047,,,,我庄来朱导中数,7,22,0.2259,而,ok
M2_0048,,,,徐那明主支师,6,22,0.2347,福,ok
M2_0049,,,,制共麻在思体,6,22,0.2017,詩,ok
M2_0050,,河,,德主日美弄各接奔施河,10,20,0.2551,河,ok
M2_0051,据,,据,技据按西可女逐通因底时,11,18,0.1979,極,ok
M2_0052,,,,诸底朱是不灵超命随灵几事依事,14,23,0.2006,安,ok
M2_0053,常,常,常,本道常有主都平基坦门物法之来,14,20,0.2065,常,ok
M2_0054,,,,麻那式奴茶本道帝,8,22,0.2557,居,ok
M2_0055,,,,喂末每雨卒庄夜女麻主圣来天下,14,23,0.2712,仪,ok
M2_0056,,,,碎体垂保碎舞召道常还福朱碎主,14,22,0.259,吞,ok
M2_0057,,事,,等百新尼未弄德主主末弄世随為事,15,20,0.2134,入,ok
M2_0058,事,,事,罪共奇教举通教等事不电赦,12,19,0.2377,而,ok
M2_0059,,,,真寻先界支次,6,22,0.2106,𭮀,ok
M2_0060,接,不,接,敬接不禮麻德主支麻,9,22,0.1898,而,ok
M2_0061,年,在,年,在年国冬寿多友真社,9,24,0.2227,屰,ok
M2_0062,,,,相道麻迎通主举&事,7,20,0.2261,喀,ok
M2_0063,及,,及,庄道及固共日锦不礼,9,23,0.2142,逆,ok
M2_0064,,,,通哈礼至批施城安果与并,11,17,0.2044,而,ok
M2_0065,球,球,球,代通著瑪先果歌与几球奉德主章,14,19,0.1819,餘,ok
M2_0066,高,高,高,城若高知主泰接团除姻别景天神常明,16,20,0.4414,馬,ok
M2_0067,,固,,在南奴麻固南封重王麻要,11,23,0.278,𡜞,ok
M2_0068,,,,眉那教团徐,5,21,0.3135,面,ok
M2_0069,代,,代,多法選麻末命代,7,15,0.1324,之,ok
M2_0070,,,,来官衣眉翁被稠团本道,10,21,0.2376,隨,ok
M2_0071,群,,群,欺舞赫麻群招女德王固,10,20,0.2018,羅,ok
M2_0072,有,有,有,鬼毒众在宜有几除思在善特事之,14,18,0.2051,馬,ok
M2_0073,前,前,前,邦前子麻未年社体昌民事,11,20,0.2235,夜,ok
M2_0074,毫,毫,毫,将產固街和旦店大巴体导罢麻毫挥把闯,17,20,0.2318,𫝰,ok
M2_0075,安,安,安,服安朱等慰通收軍存区,10,18,0.2284,𡚶,ok
M2_0076,,行,,争体在通推行主,7,20,0.1882,行,ok
M2_0077,,,,麻些及事,4,20,0.1863,䍐,ok
M2_0078,,,,年蚕建四道麻道,7,21,0.2131,䍐,ok
M2_0079,设,设,设,不末法主左正设建教支,10,20,0.1952,股,ok
M2_0080,,,,婚荣果至入改未主理卢為未古,13,18,0.245,辰,ok
M2_0081,,,,禄知巴框柴固雅即重,9,21,0.2901,罪,ok
M2_0082,善,文,善,在特益文善事朱默同,9,19,0.2156,䓁,ok
M2_0083,主,技,主,雁斡施古事退而正罢谷至推良德主技枢即重,19,20,0.2413,技,ok
M2_0084,,,,者法選主重被法市在事,10,21,0.2129,六,ok
M2_0085,百,廉,百,極廉百孟常庄固旺青其奇求主,13,20,0.1913,賦,ok
M2_0086,建,,建,女初朱昆鞋带世间毒晶算娱朱鞋建,15,20,0.288,達,ok
M2_0087,,,,天下各天神毒用麻民王代,11,25,0.3158,依,ok
M2_0088,,寿,,使真各女寿道,6,20,0.2664,合,ok
M2_0089,天,天,天,馬天主麻庄国道光奴,9,25,0.2375,万,ok
M2_0090,,,,平库体麻城暑,6,25,0.2207,𡰱,ok
M2_0091,,,,弄最伤旦奇天堂,7,13,0.124,房,ok
M2_0092,南,南,南,固南其要昌门建麻生群理之,12,22,0.2399,志,ok
M2_0093,,,,司至礼诸因各朝天黄,9,23,0.2458,而,ok
M2_0094,圣,,圣,庄福孝麻品吏共圣遣,9,18,0.2033,吞,ok
M2_0095,,,,毛秋殿,3,21,0.2016,妃,ok
M2_0096,,,,国于须道席先麻要,8,20,0.2277,署,ok
M2_0097,,有,,群理之特奴建球女有商,10,22,0.2203,詩,ok
M2_0098,道,,道,建到时葬到各本道固期导诸固高,14,23,0.1967,案,ok
M2_0099,顺,,顺,顺日满定蛋放共有机四共庭,12,20,0.2428,啻,ok
M2_0100,共,,共,共国分烧唐安来平生道,10,19,0.2205,女,ok
M2_0101,知,知,知,知主奉於磨取礼碎共恶除柴矿思庄寿庄,17,21,0.247,知,ok
M2_0102,认,,认导,天堂欺认导特罢近歲,9,10,0.1448,入,ok
M2_0103,,,,日麻施朱风惜古毒礼碾期麻,12,22,0.2228,堪,ok
M2_0104,者,,者,共取者者命事的,7,20,0.2034,詩,ok
M2_0105,爵,爵,爵,更庄爵庄麻展国死馬道寺一语之团除导,17,23,0.2108,寿,ok
M2_0106,放,,放,放我瑪先果安双固先情,10,18,0.1921,𭃡,ok
M2_0107,,古,,县团古足,4,20,0.2216,咽,ok
M2_0108,,,,国能美建,4,22,0.2095,架,ok
M2_0109,,,,信在春毒潮景明華与固,10,20,0.2135,隻,ok
M2_0110,在,在,在,诸灵地狱麻体双在宜更在初通,13,21,0.2368,庄,ok
M2_0111,,,,毒盆果衣功庄百特豆之朱双,12,20,0.2548,膏,ok
M2_0112,,,,麻遣悲几果几库中,8,17,0.2251,屠,ok
M2_0113,然,,然,麻打席取洋然城那于麻台库,12,18,0.2138,結,ok
M2_0114,弄,弄,弄,固道固弄事团拱福,8,22,0.2417,弄,ok
M2_0115,,,,重法库旦帝業得,7,24,0.2246,𫠉,ok
M2_0116,,,,礼古赢除前庄敢至双禁庄年朱团除間,16,20,0.2348,氏,ok
M2_0117,,,,害講坤年服固,6,20,0.2292,痒,ok
M2_0118,色,色,色,麻代老色城车旦举挪毒轻庄接每更厢安天,18,22,0.2356,色,ok
M2_0119,支,,支,学文双国教调垂支庄那法年主,13,21,0.2609,妨,ok
M2_0120,,王,,麻烟导尾女王部平,8,18,0.1762,裔,ok
M2_0121,,,,西其德主报通先非,8,21,0.1713,條,ok
M2_0122,,,,诸息之根共祝,6,23,0.2542,祀,ok
M2_0123,衫,毒,衫,希料毒衫麻燃飞猛麻底奇常命导中意麻,17,19,0.1945,祀,ok
M2_0124,,,,导信初其法退随导礼即活先,12,20,0.2211,民,ok
M2_0125,,,,些麻眉庄百开命几路区女眉,12,22,0.2362,师,ok
M2_0126,,蚕,,平眉朱奴奇蚕置信有有庄固毒蚕耳别眉,17,19,0.2105,𫊫,ok
M2_0127,后,后,后,巴春开后乃事进效府算里女,12,18,0.2146,君,ok
M2_0128,,,,回不之妻在庄新之女者代使中麻,14,24,0.251,其,ok
M2_0129,,,,道民事高调面何焉代主支果,12,22,0.2251,知,ok
M2_0130,,,,提押礼直生麻新,7,22,0.2287,按,ok
M2_0131,像,,像,礼青真教像来旦,7,24,0.2495,𰂸,ok
M2_0132,,,,帝南毒等暴毒教苏特,9,19,0.2353,取,ok
M2_0133,,,,寻批别軍,4,23,0.2381,燔,ok
M2_0134,,,,公圣王技教麻等,7,19,0.2483,常,ok
M2_0135,,,,不奇常真官事呼展,8,21,0.2259,詩,ok
M2_0136,,間,,垂龙诸体川世間色特几维碎心罢魔,15,22,0.2627,詩,ok
M2_0137,用,用,用,固理之确事道祖宗停朱麻道遥用直,15,18,0.2804,用,ok
M2_0138,,用,,即城奇塘麻奏用庄中泉,10,19,0.1935,吮,ok
M2_0139,,江,,主旭在庄淹者取法江连新沉目衣街,15,21,0.2415,審,ok
M2_0140,,初,,新收球浪众碑原主支秋初品天下,14,20,0.2273,店,ok
M2_0141,歌,歌,歌,杂歌生体末车百不事麻,10,18,0.2132,耿,ok
M2_0142,,,,难包除数除鲁聘随弄有,10,21,0.2985,寿,ok
M2_0143,教,教,教,祖庄国庄教之团徐孟麻,10,21,0.4121,教,ok
M2_0144,邀,代,邀,按在想置得官体子道德主代僚邀,14,20,0.2905,廻,ok
M2_0145,,,,康东年国各体班存时,9,21,0.2416,刄,ok
M2_0146,悲,而,悲而,神惮浪悲而市是君任双法主,12,22,0.1767,而,ok
M2_0147,,,,形像底麻年门,6,20,0.2034,臻,ok
M2_0148,,地,,学解罪来有地双事寿庄思旦礼,13,19,0.2614,庵,ok
M2_0149,者,,者,其体吏安雅即者祖卒要已,11,20,0.2545,香,ok
M2_0150,,,,罢易麻陣圣苑来之连&弄麻洋,9,20,0.2859,𠗆,ok
M2_0151,,,,王美天神奇,5,22,0.2421,逆,ok
M2_0152,使,建,使,辣冲南建帮使未因命歌群事团,13,21,0.2228,逆,ok
M2_0153,,严,,高道麻浪笑尋壕作蘭严麻社清子,14,18,0.2368,郎,ok
M2_0154,,,,徐中在华后事庙世间,9,18,0.216,而,ok
M2_0155,,,,先加城,3,20,0.1999,女,ok
M2_0156,,,,地真导,3,19,0.1996,理,ok
M2_0157,事,事,事,日年事毒主举事世,8,21,0.2822,兹,ok
M2_0158,左,左,左,求願建魔体得左未导辅,10,20,0.2248,左,ok
M2_0159,,导,,中主碑各祖教麻据雕导灵,11,22,0.2186,詩,ok
M2_0160,,,,建邦要几特共可特仍事女如,12,20,0.2124,氏,ok
M2_0161,,,,日来谷每后朱天下别的及主群,13,23,0.253,敢,ok
M2_0162,,,,歇古常折歌等些中德王,10,18,0.148,爵,ok
M2_0163,,,,歌巴寿天下歌為及,8,21,0.201,入,ok
M2_0164,,寻,,由推事师理寻圣天,8,21,0.2588,異,ok
M2_0165,,茂,,特公近固茂教尼承尾直,10,17,0.2169,入,ok
M2_0166,准,准,准,代算至随中陵固导言顺准重,12,21,0.2401,准,ok
M2_0167,体,,体,便要折殿体视连要,8,19,0.1704,俸,ok
M2_0168,,,,车辉女朱甲歌果调数共与共,12,19,0.2373,歹,ok
M2_0169,,仅,,仅良珠聯把朱碎碎庄年毫事德主养,15,19,0.2209,探,ok
M2_0170,,来,,福君来几通今壳最守舞街,11,20,0.1614,異,ok
M2_0171,,,,据谢流天,4,16,0.1834,孝,ok
M2_0172,,,,主支秋数景庄陈調之女共真麻左,14,22,0.2286,好,ok
M2_0173,,,,妃至生中道,5,20,0.4004,䍐,ok
M2_0174,,,,德王来建展主本女由移,10,20,0.2634,裔,ok
M2_0175,,,,固市麻庄平眉召库,8,19,0.2167,裙,ok
M2_0176,,,,秋護庄思庄先更家多,9,21,0.2417,覺,ok
M2_0177,,,,不诸押之要回旦几劫麻,10,23,0.2929,辰,ok
M2_0178,度,春,度,蔑春度困起来弄,7,19,0.2186,磁,ok
M2_0179,,,,其库旦特孟寻左等些,9,21,0.2363,暱,ok
M2_0180,,,,械结道行主康麻导要连固行之导殊,15,22,0.3015,吞,ok
M2_0181,常,常,常,判昆先果发散发每礼导杂常烧刻导,15,17,0.2073,常,ok
M2_0182,,,,共题共平麻风假至由,9,22,0.213,似,ok
M2_0183,商,商,商,夜為扶几命来天下除不欺商期,13,18,0.2545,𧘻,ok
M2_0184,,,,帝特教有过代旦得其来体生,12,19,0.278,醉,ok
M2_0185,朱,,朱,几库版等改因朱展求共德手,12,19,0.2384,鄂,ok
M2_0186,,,,其麻安难命席如命欺,9,21,0.2687,先,ok
M2_0187,像,色,像,寻师连陵麻印形像色团徐冬押麻遣礼,16,21,0.2841,𮎛,ok
M2_0188,,信,,取求置特取仪旅信,8,19,0.2519,诸,ok
M2_0189,者,,者,共官舞背麻都色体主者散恶,12,21,0.5504,毒,ok
M2_0190,前,前,前,前等共思信体导后寿校麻庄,12,18,0.2782,甫,ok
M2_0191,道,,道,民在特得道日每几通,9,21,0.1504,石,ok
M2_0192,今,今,今,更所夜今麻左赐其先,9,19,0.1936,𠇭,ok
M2_0193,,依,,奇依差麻行,5,21,0.2316,在,ok
M2_0194,左,左,左,左几名仍花德主时师艮周格,12,16,0.2352,左,ok
M2_0195,耳,,耳,四落者体寻正最麻天神耳官运麻,14,21,0.2473,𫠉,ok
M2_0196,建,建,建,支置直麻真海建导固不德持日軍命信,16,22,0.2253,罡,ok
M2_0197,,紫,,特海用中道年好主举寿用特共奇紫,15,18,0.2193,流,ok
M2_0198,,,,双罢意其者顾奏德主,9,19,0.2989,周,ok
M2_0199,無,無,無,走儿国通日無共导即重麻多车加,14,21,0.2591,𭴾,ok
M2_0200,意,,意,年歌然视年杂把至意计事库,12,21,0.3364,𡰱,ok
M2_0201,,,,建多即委年,5,23,0.2328,匈,ok
M2_0202,,,,放强卢收葬委女事库事同,11,22,0.3465,𭔿,ok
M2_0203,,,,中路意法寻意,6,21,0.2939,奎,ok
M2_0204,爷,爷,爷,是固齐感社儿置气德主未特事爷,14,22,0.277,爷,ok
M2_0205,视,视,视,马逢异旦各翁呈配然视礼动,12,23,0.2222,禊,ok
M2_0206,安,,安,凭置安浪青故动来来,9,23,0.3659,仔,ok
M2_0207,行,,行,平阁吏自意特每行,8,23,0.2573,渥,ok
M2_0208,和,,和,欲古和来昆末功德主阁底朱寻卷,14,20,0.1965,兹,ok
M2_0209,,文,,寻阁名文女寻死道,8,22,0.3607,肆,ok
M2_0210,朱,,朱,少多意朱創特卒,7,18,0.1692,而,ok
M2_0211,,,,朱年至来麻导几展,8,24,0.1601,𡰱,ok
M2_0212,,真,,真朱寻庄麻几国罪礼眉,10,24,0.3426,紏,ok
M2_0213,,色,,维氧色,3,23,0.23,皇,ok
M2_0214,,,,平与翁至翁,5,19,0.2905,皇,ok
M2_0215,,当,,当命辉女意模寻麻初,9,23,0.2328,雨,ok
M2_0216,初,初,初,那隆都及麻浪国法由初,10,22,0.232,𭃡,ok
M2_0217,,通,,薛時各通弄主生,7,24,0.1524,叔,ok
M2_0218,更,,更,专命得更初寻巴寻图通导,11,24,0.2545,我,ok
M2_0219,希,希,希,何寻吏麻包那群意体希寻良奏,13,20,0.2404,希,ok
M2_0220,朱,,朱,笑灵思朱建欲会察之体書,11,20,0.1616,例,ok
M2_0221,,更,,民社风朱布主改麻白福庄更底,13,22,0.2091,我,ok
M2_0222,在,行,在,麻浪因北在行法中进朱寻文房,13,22,0.2612,𬽣,ok
M2_0223,,,,命其罚各更来展庄敢察事奇备来,14,24,0.2676,及,ok
M2_0224,代,,代,灵思极创正意更福愿朱特代開体,14,22,0.2129,之,ok
M2_0225,礼,更,礼,皇寻称模更礼命朱年天下,11,22,0.2424,橋,ok
M2_0226,,,,常朗国事事导些,7,20,0.2876,占,ok
M2_0227,功,,功,共名空麻是德主体导故功业等天建,15,21,0.2792,𭪙,ok
M2_0228,,年,,罢党府包将体事平置更年固影,13,22,0.1779,夅,ok
M2_0229,年,与,年,意通事至与年,6,22,0.1463,皇,ok
M2_0230,,,,被本双为展碑李碎左通開全注融乘,15,22,0.2657,而,ok
M2_0231,,,,特未左写体更天,7,20,0.2346,𭪙,ok
M2_0232,,卷,,前卷结几弄扶昆狱,8,22,0.2146,呼,ok
M2_0233,,送,,特写更宁援摩思歇导些開除体寻送题如,17,20,0.2602,遥,ok
M2_0234,,独,,断默视各后来在真每事与歌多独及导,16,23,0.2998,独,ok
M2_0235,道,道,道,安雅各歌道生年,7,21,0.2886,置,ok
M2_0236,通,通,通,里先阿黎山信通女有事意,11,22,0.2545,遁,ok
M2_0237,,,,朗各本道来,5,21,0.1564,存,ok
M2_0238,主,,主,年文平弄德主多集弄寻主,11,22,0.2792,爾,ok
M2_0239,主,,主,道民我礼等推摩国年导主判,12,23,0.2176,俞,ok
M2_0240,,,,单朱帝有天神更,7,23,0.1824,兹,ok
M2_0241,阁,阁,阁世,皮中能命意师然未颠世阁,11,21,0.1601,閤,ok
M2_0242,庄,,庄,事有浪主庄建好命,8,23,0.2702,國,ok
M2_0243,,,,折庄思寻王庄事之開除老其年事,14,22,0.3498,釣,ok
M2_0244,,国,,结事意等特动用除意吏寻朔发国,14,23,0.3123,延,ok
M2_0245,的,卢,的,群卢的体县淹固疫多体,10,22,0.2291,而,ok
M2_0246,呈,,呈,公呈特约体末主门物许洋守德主,14,24,0.2838,皇,ok
M2_0247,,,,意左立称求恶主朱史道,10,23,0.2143,張,ok
M2_0248,固,固,固,寺城儿固镜樞挑信,8,22,0.3628,國,ok
M2_0249,,,,先翁美花寻特美先命事庫世阁,13,20,0.2398,花,ok
M2_0250,,直,,北仍直德山,5,23,0.1599,鳩,ok
M2_0251,世,,世,支记将社拖天事世体,9,21,0.1927,閹,ok
M2_0252,,,,命子也意将,5,23,0.1042,参,ok
M2_0253,寻,,寻,寻已样希各官命,7,22,0.1905,身,ok
M2_0254,,,,史山命在仕未主未,8,23,0.223,船,ok
M2_0255,圣,,圣,圣色朱主支内文吏,8,21,0.1872,𫊫,ok
M2_0256,,,,别得生時麻各有礼歌,9,22,0.265,敬,ok
M2_0257,即,,即,朱即寻庄国把寻末悦,9,21,0.246,爺,ok
M2_0258,,,,哈有由行,4,10,0.1448,鲁,ok
M2_0259,等,,等,鬼碎思德主更生等成有童有寻建多,15,23,0.2331,芽,ok
M2_0260,齐,,齐歌,麻丑交因能齐歌等领摩灵思補壳,14,22,0.252,獸,ok
M2_0261,,,,庄国几中愈守意南,8,23,0.28,昇,ok
M2_0262,,,,哈道藏,3,13,0.1127,也,ok
M2_0263,,,,新中像思连斗寻左,8,19,0.2279,紏,ok
M2_0264,,,,哈,1,10,0.1486,皇,ok
M2_0265,,已,,绥麻道爷更德王在思已接儿开庄儿寺,16,22,0.3291,𮎛,ok
M2_0266,呈,通,呈,垂中级為发原奉等和通呈文庄差,14,22,0.3012,皇,ok
M2_0267,至,至,至,徐蘭除至项麻浪思主庄有未,12,21,0.1984,皇,ok
M2_0268,通,,通,年通德主灵弄未麻,8,23,0.1429,鄧,ok
M2_0269,寻,寻,寻,在天堂直翁皇意寻些席歌,11,21,0.2358,身,ok
M2_0270,,,,礼中末天下等意先师河改日,12,24,0.2647,祠,ok
M2_0271,,,,台在至把各来安未至因,10,25,0.2173,祐,ok
M2_0272,朝,,朝,导法主助命等置列喜朝走,11,21,0.2583,祠,ok
M2_0273,,,,翁至生於自至至計配,9,24,0.1979,𦝫,ok
M2_0274,,,,自愿主支教代朱翁至特通南,12,19,0.2031,霖,ok
M2_0275,,强,,寻隐命等几强底体理之持壮弄导事,15,24,0.2951,故,ok
M2_0276,车,车,车,然市事非方左意夜车傳麻庭意几排,15,21,0.2816,率,ok
M2_0277,辰,辰,辰,省师庫极命及多庄将更领辰主,13,21,0.2024,辰,ok
M2_0278,,,,事少来依更置持,7,24,0.1514,而,ok
M2_0279,,因,,主通共白法寻几库因几改未浪,13,23,0.1985,因,ok
M2_0280,,,,固罢着白除固事意是,9,23,0.1537,出,ok
M2_0281,,更,,改店事更署体,6,23,0.1754,街,ok
M2_0282,固,,固,北礼金针包直麻等在固真意盈命特意,16,22,0.2897,因,ok
M2_0283,德,,德,器末德礼几固导世间自,10,21,0.1937,僊,ok
M2_0284,,,,德主支歌用同儿其等,9,22,0.2376,兹,ok
M2_0285,,,,德坦几戊改施几牵停通年等得,13,21,0.2242,六,ok
M2_0286,,有,,庄同有福未其特通每事朱德主,13,24,0.2101,而,ok
M2_0287,,,,之庙佐阁待主庭事时事,10,19,0.3041,奔,ok
M2_0288,,,,於更,2,24,0.1299,条,ok
M2_0289,,,,是重哥德主度年美弄朱党,11,20,0.1798,爾,ok
M2_0290,,,,各柜桃明动的衣支翁至礼,11,23,0.2192,之,ok
M2_0291,道,道,道,道傳,2,11,0.1081,遍,ok
M2_0292,停,,停,哈理朱命特停哥朗之铺,10,22,0.2104,俘,ok
M2_0293,,,,礼育皇通合商南,7,16,0.1501,叔,ok
M2_0294,,历,,事历事未言罢命麻,8,23,0.2128,斸,ok
M2_0295,,,,放女未长走思麦固包正,10,24,0.2434,屬,ok
M2_0296,麻,,麻,举体教罢亚等麻意麻開,10,24,0.2625,祖,ok
M2_0297,寻,,寻,走寻更未特酸已高更年,10,22,0.2438,身,ok
M2_0298,,,,在罢灵重美重美寻事之,10,23,0.2068,隻,ok
M2_0299,切,切,切,愿主支教目法直調意通切导意等,14,22,0.1927,切,ok
M2_0300,官,,官,庄国师私日官其社命为等無压朱礼,15,25,0.2926,𫞲,ok
M2_0301,,,,建与意寻書改,6,22,0.2769,祠,ok
M2_0302,正,,正,各意正国支奏浪款,8,20,0.2143,庄,ok
M2_0303,,鼓,,事童罢法愿主厨行库等庄平鼓事之,15,23,0.2353,乕,ok
M2_0304,病,,病,病麻自等意朱生须固左员,11,24,0.4157,妨,ok
M2_0305,,中,,至批生那中衣看道,8,23,0.1957,糞,ok
M2_0306,功,,功,彼女庄特天下旦麻愿主的法功几世阁,16,24,0.2721,𭪙,ok
M2_0307,思,思,思,朱思有通林有事意麻思发之生,13,22,0.2059,鬼,ok
M2_0308,,,,正等礼德主支寻天神命,10,22,0.1663,爾,ok
M2_0309,,,,呈尼体禁庄徐影青何生儿愿主,13,23,0.2056,爾,ok
M2_0310,,,,开哥羅马是进士高理考寻意高,13,21,0.2269,心,ok
M2_0311,成,成,成,年成体主批翁标录草翁,10,22,0.1935,元,ok
M2_0312,是,是,是,及群特女慰文南体事是意,11,21,0.1998,遥,ok
M2_0313,命,命,命,有相器养命文武市麻事道更展,13,22,0.2107,丑,ok
M2_0314,朗,,朗,装导文重贞代在通体创朗白理,13,23,0.2025,而,ok
M2_0315,,礼,,共来理意女旦死生等等庄因弄礼奋童点,17,23,0.255,在,ok
M2_0316,,,,因意至麻,4,20,0.1279,𡖋,ok
M2_0317,与,与,与,在与接麻禄女主求朱,9,22,0.1976,与,ok
M2_0318,,建,,喧天夹长英官建,7,23,0.2282,禊,ok
M2_0319,,,,几几白礼意事意礼,8,22,0.1586,白,ok
M2_0320,,,,在朱几在市中的礼油几童直中和,14,23,0.2007,采,ok
M2_0321,是,,是,主支体事是我理法思,9,24,0.2138,遥,ok
M2_0322,文,,文,虚多来年文史已,7,27,0.1607,乇,ok
M2_0323,有,有,有巴,族事意思巴有体意强得遇连等寻命,15,20,0.2292,廟,ok
M2_0324,,,,飞导意持会至国同空,9,22,0.1481,未,ok
M2_0325,的,的,的,主朱的年群昭乃寻至,9,21,0.1762,白,ok
M2_0326,或,或,或,翁皇生后衣此德主底益或,11,24,0.2201,計,ok
M2_0327,同,同,同,收同意生等地狱到方置特所,12,22,0.2286,個,ok
M2_0328,寻,,寻,体来市遇唐等寻但年真寻中弄重儿导,16,23,0.2375,𭔿,ok
M2_0329,,,,国通福是未改朱意准,9,22,0.1823,雲,ok
M2_0330,,,,发真朱等感者浪馆,8,23,0.157,庶,ok
M2_0331,,,,朱年越宇备麻是思能打其包,12,23,0.2433,炤,ok
M2_0332,,,,收命自包特,5,23,0.1694,架,ok
M2_0333,,,,世間年庄国吏将灵,8,21,0.1742,乇,ok
M2_0334,混,,混,原麻平茶双要麻朱差混动,11,22,0.2429,泯,ok
M2_0335,,,,仍词其仍死朱等秦事健儿秦庄特,14,22,0.1994,弈,ok
M2_0336,,,,即事意意,4,22,0.1911,心,ok
M2_0337,保,,保,意味庄庄同之重保展记多,11,22,0.2245,條,ok
M2_0338,美,美,美,李得民麻事中弄导些创几团美愿主元庄因,18,23,0.1891,丑,ok
M2_0339,,,,其勿庄,3,21,0.1818,修,ok
M2_0340,道,,道,道味意寻才害朱年天下,10,21,0.1616,適,ok
M2_0341,,,,開除寻殊浪補王左特翁意宜調,13,23,0.2375,罡,ok
M2_0342,,,,蕙罢,2,14,0.111,適,ok
M2_0343,导,,导,庄忍建打导乃体师内,9,24,0.2647,子,ok
M2_0344,青,青,青,朱布困命朱虎寻布取等辱青官,13,22,0.2761,肃,ok
M2_0345,,,,翁雁毒翁曰無傳,7,20,0.1105,紏,ok
M2_0346,晨,晨,晨,史置晨德主德记主,8,24,0.279,辰,ok
M2_0347,海,,海,左年海灵,4,20,0.1408,渴,ok
M2_0348,道,库,道,意干生库道命開寻许事中命,12,21,0.2939,遏,ok
M2_0349,,是,,吏各是主之更直军奏中,10,24,0.3241,僊,ok
M2_0350,,,,铺些与道聚官先抛,8,23,0.2071,条,ok
M2_0351,,导,,逼庄津养省呈是国功业德导,12,23,0.2231,三,ok
M2_0352,助,,助,贴暗未年园各来歌理助在持美吏礼,15,21,0.2048,勁,ok
M2_0353,,,,寻阁名文女寻死道,8,22,0.3607,之,ok
M2_0354,灵,灵,灵,杂旅为接共的庄情各灵德主欺意固事,16,23,0.2091,晁,ok
M2_0355,,者,,左腰重者国其起至中,9,21,0.1853,喜,ok
M2_0356,,,,朱低特安慰平開除辰光事,11,22,0.1912,三,ok
M2_0357,麻,,麻,麻肆翁起本道南更,8,21,0.1778,在,ok
M2_0358,,,,没日無黎女壮思折意通,10,21,0.2019,𭃡,ok
M2_0359,,,,愿主支事库市愿主麻,9,24,0.1724,爾,ok
M2_0360,,展,,意固影愿主支判器术能寻展察年吏之,16,20,0.1986,乇,ok
M2_0361,,,,薛時各通弄主生,7,24,0.1524,而,ok
M2_0362,,,,翁至北现翁床党寻重,9,23,0.1785,𭮀,ok
M2_0363,,,,何寻吏麻包那群意体希寻良奏,13,20,0.2404,伺,ok
M2_0364,,,,未来天堂,4,24,0.1498,妨,ok
M2_0365,社,社,社,女群社旦朱低把,7,23,0.171,祀,ok
M2_0366,,团,,美辰国主事麻朱省团,9,21,0.1737,而,ok
M2_0367,,至,,至末师奴死死道傳,8,12,0.137,皇,ok
M2_0368,井,井,井,南井左别吏命因庄固之,10,19,0.1794,冉,ok
M2_0369,寻,,寻,勤待饒寻计補事会,8,18,0.1657,𭔿,ok
M2_0370,,,,德主朱未等退未寻庄将之群,12,24,0.2263,三,ok
M2_0371,,,,为寻齐改古命安总愿主饶福愿朱,14,24,0.325,辰,ok
M2_0372,,,,李国标原礼事意之罢,9,23,0.1775,麦,ok
M2_0373,与,年,与,檬棱御子理路年主数同意本年与,14,22,0.1743,府,ok
M2_0374,团,,团,命业任朱年在法债種意中共弄团,14,21,0.2187,困,ok
M2_0375,,,,未剑灵寻事意事,7,21,0.2039,身,ok
M2_0376,,特,,白之特是新庄女体命庄特几,12,23,0.1993,遂,ok
M2_0377,初,初,初,初中雁谷兴有务安条多,10,20,0.1837,𭃡,ok
M2_0378,或,,或,库中然死原哥命朱旦或,10,22,0.1855,百,ok
M2_0379,,,,本导连命年第呈配朱,9,22,0.2626,笑,ok
M2_0380,,麦,,未等树庄底麦連差光多称同切折即味教意,18,21,0.1955,麦,ok
M2_0381,至,至,至,诸信愿主公平招至年至有,11,25,0.1441,奔,ok
M2_0382,,,,阎美唐未寻文調意庫末来年意,13,21,0.1584,胳,ok
M2_0383,导,,导,道民我礼等推摩国年导主判,12,23,0.2176,尋,ok
M2_0384,收,贼,收,三贼收在和孔命帝市翁至意,12,22,0.1871,𭣣,ok
M2_0385,,,,速在国内中中,6,24,0.1446,𡻕,ok
M2_0386,,,,更来辰主朱,5,20,0.1596,眾,ok
M2_0387,老,老,老,折庄思寻王庄事之開除老其年事,14,22,0.3498,采,ok
M2_0388,左,左,左,中尼固形债理的左主標中特等寻吏浪,16,23,0.2307,左,ok
M2_0389,效,,效,時等效開徐等,6,23,0.2384,𭃡,ok
M2_0390,兴,,兴,翁皇文抛兴傳,6,24,0.1057,䍐,ok
M2_0391,,,,意左立称求恶主朱史道,10,23,0.2143,譬,ok
M2_0392,动,动,动,移多直化动罢体连麻将通,11,21,0.1985,𭃡,ok
M2_0393,世,,世固,麻老寻意名命中世固在灵共中地,14,21,0.1922,閹,ok
M2_0394,,,,东石朱地唐,5,22,0.2462,煜,ok
M2_0395,动,,动,意更女动麻重特国庄意体,11,22,0.2348,𭃡,ok
M2_0396,初,初,初,哥年建县初国省命,8,22,0.1076,𭃡,ok
M2_0397,皇,皇,皇,礼育皇兴通合罢,7,17,0.094,皇,ok
M2_0398,,,,史山命在仕未主未,8,23,0.223,燕,ok
M2_0399,圣,圣,圣,眉由圣总法主支在庄党掌教社威举,15,20,0.1707,𫊫,ok
M2_0400,人,人,人,韩导代人牙麻朱奴离,9,22,0.2535,人,ok
M2_0401,吴,吴,吴,浦出太城亚不吴因送朱且列劳,13,22,0.2057,吴,ok
M2_0402,得,,得,特巴昆時如几得妻天,9,22,0.1935,䏷,ok
M2_0403,日,庄,日,区賊界常森事庫為軍些麻些庄間日,15,21,0.1912,乃,ok
M2_0404,,,,美先果仕麻早生要些才麻死仕,13,24,0.2052,尺,ok
M2_0405,回,回,回,朱已回解娱其承早,8,20,0.251,回,ok
M2_0406,,,,中色时碎買敢旦里如地,10,22,0.1785,色,ok
M2_0407,行,行,行,由尽提浪与把中如特行主儿恪,13,23,0.1863,方,ok
M2_0408,,,,早《计之特菌以欺打眼特海,1,23,0.2381,白,ok
M2_0409,,,,建城腰景如实乃国设之,10,23,0.2022,尺,ok
M2_0410,,早,,奉思染麻土門物早儿時,10,21,0.1667,而,ok
M2_0411,,数,,与地未特创明麻早些事实固店数导,15,22,0.2113,方,ok
M2_0412,,,,特把末梁及思康奴困翁,10,21,0.2014,𫝄,ok
M2_0413,放,放,放,靖烽麻几共放蝶别要犯罪重果根市麻几礼古,19,22,0.249,兹,ok
M2_0414,重,重,重,為桑初零礼重首合吏茹麻速收店来且創得,18,22,0.2955,仏,ok
M2_0415,,希,,烧奴降翁末可改書希共日無,12,23,0.2222,希,ok
M2_0416,,,,城共各柴桃补古共主尽執事初祀总,15,24,0.2309,行,ok
M2_0417,洗,自,洗,解超麻特地固街几地欲洗自蒸奴座固年黄仍事,20,22,0.2302,迕,ok
M2_0418,,却,,李翁数躲固儿時避却固几時折旱固儿特的耶遥仍几奸,23,23,0.2548,而,ok
M2_0419,钢,明,钢,教庄神几召库明钢共钢略高理朱年仍伴几却体,20,22,0.2031,姻,ok
M2_0420,尽,碎,尽,离黄泊希碎庄旦主尽把功朱早追,14,22,0.2642,莒,ok
M2_0421,,吏,,為罢国礼朱早些王秋常君極事吏,14,23,0.2034,腐,ok
M2_0422,,,,相早党麻天堂常固法与主功早,13,22,0.2155,荼,ok
M2_0423,買,打,買,固仁德時各亮几買打帝共行主,13,21,0.1906,打,ok
M2_0424,,早,,治時中库王早事台放仍,10,22,0.2571,𠯁,ok
M2_0425,安,安,安,早安麻眼官傷麻朱,8,21,0.2881,𡚶,ok
M2_0426,礼,,礼,至监為疑日無死為道礼廷,11,16,0.167,解,ok
M2_0427,,,,数各官常中,5,19,0.1561,腐,ok
M2_0428,,,,面津平麻矫車昌,7,22,0.2699,事,ok
M2_0429,,,,現麻朱体与主支秋与娱形早乳卒全麻,16,22,0.199,尺,ok
M2_0430,,,,仍思咽共些尚热骤矮奴旦华有麻色,15,22,0.3022,趍,ok
M2_0431,烧,,烧,希腰些不碎吹烧理早傷皇子,12,23,0.3224,燒,ok
M2_0432,谷,谷,谷,丸各至时不朱谷灵魂烂醉合更,13,22,0.2524,谷,ok
M2_0433,,,,初造立天地娱创史生特昆庄之,13,22,0.2003,从,ok
M2_0434,国,国,国,朱卡為每事释排连初事对作可信国道行,17,22,0.2086,戔,ok
M2_0435,,安,,弟振酸懒安女时来安行王乔体机固,15,20,0.1909,餘,ok
M2_0436,主,,主,王厅把强得强接朱特福烧葉弄主欣女仅团烧,19,22,0.2736,乔,ok
M2_0437,把,把,把,把走已生城朝即及事,9,21,0.1188,妃,ok
M2_0438,事,奉,事,奉行主求朱每事盛天魂主,11,22,0.1665,尺,ok
M2_0439,,,,庄团除别步儿实游视商与绵白之料研之,17,22,0.2624,并,ok
M2_0440,,现,,共与主支秋时主煤现麻齐朱与,13,22,0.1944,竈,ok
M2_0441,,,,自万主支要生时巴,8,21,0.1591,少,ok
M2_0442,楼,楼,楼,時話更楼真早邀成即每地几,12,21,0.2055,擦,ok
M2_0443,,,,中游衣亚的国先罗禄運果罢,12,22,0.2153,湲,ok
M2_0444,,,,麻街基中殿更礼数各吏,10,23,0.251,農,ok
M2_0445,烧,烧,烧,讀固烧天神剧朗平特旱買别黑礼時,15,21,0.2439,曉,ok
M2_0446,旦,,旦,社法察共没朱症意在固唱旦地几於中主,17,26,0.2366,炤,ok
M2_0447,,,,影早共奉事真為与主支秋時,12,21,0.2018,捧,ok
M2_0448,,,,李团仕设麻寻真生别主,10,22,0.2031,異,ok
M2_0449,早,早,早,依嫂早烊胜麻些特别麻液,11,11,0.146,昇,ok
M2_0450,,,,油麻几排连固時固行主遣事,12,22,0.178,分,ok
M2_0451,尽,尽,尽,行主尽色接导仍几新各至天神,13,22,0.2227,乔,ok
M2_0452,特,特,特,色特思共壳在市為按果早些共固,14,22,0.2539,按,ok
M2_0453,,,,庄奴地福事醉把主来之奴奴,12,23,0.2314,方,ok
M2_0454,建,建,建,体中懒心迎形行主支秋建抱择共巴灯跌女钢校,20,23,0.2278,逢,ok
M2_0455,末,,末,安早先要那骨末华時奉奴皇法孝道,15,22,0.2004,我,ok
M2_0456,,人,,奉廉退希体重人麻此功女且创得各,15,23,0.1946,人,ok
M2_0457,前,,前,前连主尚買明共师形称,10,24,0.2153,新,ok
M2_0458,道,与,道,初中城曾国导赛重先要些道与主,14,22,0.2819,行,ok
M2_0459,,,,歇時扒特重四些国朱地,10,24,0.1712,教,ok
M2_0460,,,,特安移那早麻袍烧,8,21,0.2134,肉,ok
M2_0461,每,每,每,弹要连每早浪儿止早吏浪,11,22,0.212,安,ok
M2_0462,万,万,万,烟人為哦天万主支界行主年,12,25,0.2385,万,ok
M2_0463,共,,共,共往洗麻吏梁共国几体呈,11,22,0.2054,岐,ok
M2_0464,要,要,要,連把要庄敢帝女固神打早中,12,23,0.2266,䍐,ok
M2_0465,在,,在,早在我早共中麻对浪中,10,22,0.2111,王,ok
M2_0466,,席,,李加最早国概席打朱旦折党特奉神,15,21,0.2953,庶,ok
M2_0467,,经,,主麻午特早式麻经,8,21,0.2275,將,ok
M2_0468,,,,笔来共行主国事体祝做,10,22,0.1776,人,ok
M2_0469,体,,体,研人建雷仍铺把人体主天為功茶,14,24,0.2313,人,ok
M2_0470,字,,字,陈浪碎些那色季字美每理双醉庄礼事,16,24,0.2456,隻,ok
M2_0471,每,,每,弥朱每中油麻儿歌麻腰,10,22,0.1689,後,ok
M2_0472,总,总,总,主翁至总生要末早世間要即重行,14,22,0.1996,尺,ok
M2_0473,希,希,希,雅学新吕共昆麻支法希建,11,21,0.2052,希,ok
M2_0474,城,,城,恪烧常城常将女希固来方主,12,22,0.2098,署,ok
M2_0475,导,导,导,特导色店连麻导教事,9,21,0.1748,昇,ok
M2_0476,食,食,食,贵食古早吏把柳亚古重得底旭连,14,22,0.2589,𮚃,ok
M2_0477,,,,朱技麻街事世間早通椒成庄已楼麻华雄色,18,23,0.2253,色,ok
M2_0478,与,与,与,暖法要球是与主美平朱早信用常体,15,22,0.2743,万,ok
M2_0479,,,,女把建明吕末朱主吏巴事,11,23,0.1699,選,ok
M2_0480,,,,来通史固专除体同仍此,10,22,0.2024,夲,ok
M2_0481,,,,本年言女店确国烧冬至天神,12,23,0.2134,餘,ok
M2_0482,計,計,計,早谷計後姑火封要讀傳法,11,21,0.1698,計,ok
M2_0483,,,,安礼已麻安及库些特,9,22,0.2478,子,ok
M2_0484,,设,,丑虎命权改信朱至安教特险時与連设取奴,18,20,0.2123,趍,ok
M2_0485,,,,,0,22,0.1088,手,ok
M2_0486,生,,生,拒要麻罢道事通天文见希生道行主,15,21,0.2397,聘,ok
M2_0487,早,,早,共视麻各早平本把人特教双,12,23,0.2139,昇,ok
M2_0488,,将,,国朱昆四将过,6,22,0.2202,趍,ok
M2_0489,,,,主地物麻罢差平浪初庄固,11,23,0.2923,白,ok
M2_0490,事,,事,辣浪奉事時找主生年門奉洞连,13,21,0.2216,人,ok
M2_0491,,,,以分来分施味库合命默各件体時,14,22,0.3467,石,ok
M2_0492,前,前,前,現朝天翁至日無些连前各柴行,13,21,0.178,兹,ok
M2_0493,,,,各将孟杨亚槎发亚光兴亚移遇各朝文,16,22,0.2711,人,ok
M2_0494,,,,爱童,2,24,0.1157,更,ok
M2_0495,亮,,亮,花朱把人女麻浪花走市花古世間亮要方,17,23,0.219,覺,ok
M2_0496,商,商,商,沛直商绵四美平宜共本祭礼学特执排灯拘弃,19,22,0.2731,肉,ok
M2_0497,盈,,盈,孟世間自事盈娄国史走至建各,13,22,0.1857,孟,ok
M2_0498,山,山,山,地入明在主不顺山美各軍連信,13,23,0.3507,山,ok
M2_0499,,,,事庄固意弄行主朱年禁早,11,23,0.3057,帖,ok
M2_0500,市,市,市,过市碎固功之麻赏事人数明共各天神浪填綽,19,21,0.2319,吊,ok
M2_0501,,,,些速B联通团早,2,23,0.1336,团,ok
M2_0502,亚,亚,亚,亚奴女早于楼招夕体壳至亚洋鲜,14,22,0.2456,西,ok
M2_0503,,,,通殿至翁至批共至保禄,10,18,0.1646,𡬦,ok
M2_0504,浪,,浪,曾各本通体時早明连浪主,11,23,0.1985,勿,ok
M2_0505,,,,約包楼连付早牛官其麻判,11,21,0.2287,洶,ok
M2_0506,,,,自主支要代已员老,8,22,0.196,軒,ok
M2_0507,,,,同婚重楼朱特趣天堂早没岁庄固事,15,23,0.2713,白,ok
M2_0508,判,,判,体早任四要时奉球麻判,10,23,0.1767,恨,ok
M2_0509,,,,欺仅王之中体,6,23,0.1398,祅,ok
M2_0510,,,,关昆蚕礼几固疾共几强盆到,12,22,0.2126,𫊫,ok
M2_0511,,,,主支秋腰時早强教歇每事世間麻,14,22,0.1978,旱,ok
M2_0512,,,,国集世局埋斯麻辅主,9,21,0.2172,停,ok
M2_0513,有,有,有,碎宜有华走收罚坦女旦敏理连麻平常城明,18,21,0.1764,夜,ok
M2_0514,果,决,果,决美果主要至支由尼奇旱特,12,22,0.2441,𤰞,ok
M2_0515,建,地,建,事人為几人天堂走特次地狱庄建特烂,16,24,0.2219,万,ok
M2_0516,,,,如几旅建尼永尾导盈麻放共腰友,14,23,0.2127,而,ok
M2_0517,,来,,今吧腰已得来特按洞双主,11,24,0.2515,希,ok
M2_0518,,,,為求朱常各柴礼朱灵思明共,12,23,0.2203,畏,ok
M2_0519,後,,後,事渐衣計後加与主把功麻旦至,13,24,0.2457,移,cell_char_mismatch
M2_0520,,,,常礼妈陵楚烂打时早盈末麻朝候,14,21,0.2451,啄,ok
M2_0521,,,,搜共要中特新史盘债安真如退,13,23,0.239,燒,ok
M2_0522,与,与,与,遇款明与把年巴包,8,16,0.1837,方,ok
M2_0523,奴,时,奴,王得春妻时内奴吏旦图城麻希吏差军庄,17,23,0.2307,遥,ok
M2_0524,,,,打時左,3,23,0.2829,燒,ok
M2_0525,,儿,,麻别仍理中丹主乔团儿麻胡事之,14,23,0.1861,燒,ok
M2_0526,停,停,停,争几要麻安慰满停為事早些,12,21,0.2122,悸,ok
M2_0527,日,日,日,正麻的湖辅内朱特技行在日法数呈荣官朱特,19,23,0.2338,吕,ok
M2_0528,旺,旺,旺,氏時奴西来人本旺共,9,24,0.2238,旺,ok
M2_0529,奉,奉,奉,教忌得奉曾玛先要昆散早奴都年殿界歇废数,19,22,0.2417,希,ok
M2_0530,,,,傷碎昆希麻罢但事本目罪之,12,22,0.1788,安,ok
M2_0531,,,,强信女古早区共麻,8,21,0.3175,竈,ok
M2_0532,国,,国,頭朱旦真样律時国冬官浪事逻碎体学天神,18,21,0.2217,因,ok
M2_0533,,,,导母在体至共四连同,9,23,0.2439,谷,ok
M2_0534,,,,庄敢已苑翁天,6,22,0.2058,从,ok
M2_0535,徐,徐,徐,時隐中徐麻朱楼早同师先框安,13,20,0.2224,餘,ok
M2_0536,,唱,,省到关速麻天堂時早快昆療唱,13,20,0.257,湯,ok
M2_0537,,儿,,尚真要儿道常固几燒常交计移,13,23,0.3281,編,ok
M2_0538,,因,,因女,2,3,0.1641,从,ok
M2_0539,方,,方,空麻商户行体导的福歇在特禁专朱方更,17,22,0.2644,左,ok
M2_0540,喂,喂,喂,喂代朱旦尽世至代油麻与主腰各至满固未,18,23,0.2166,嘿,ok
M2_0541,,方,,俞至末背遇方主色接共歇昆如,13,22,0.2194,方,ok
M2_0542,,,,自主支教要代朱且翁圣特巴,12,17,0.197,万,ok
M2_0543,秋,默,秋,默秋命得教最安空,8,20,0.2122,衣,ok
M2_0544,主,,主,双离至人共厅主底朱命折建不几旦,15,22,0.2222,未,ok
M2_0545,,民,,固坤吏几格满困朱埃民事益麻,13,24,0.2517,咽,ok
M2_0546,,間,,区賊界常森事庫為軍些麻些庄間日,15,21,0.1912,茂,ok
M2_0547,把,把,把,垂分把固冰烧几手导过理如昆其,14,23,0.2687,妃,ok
M2_0548,现,现,现,现磨庄国理助特女為色時哭以修見麻,16,22,0.2788,見,ok
M2_0549,夏,,夏,代不旭至夏中時殿,8,22,0.2088,氏,ok
M2_0550,,,,母麻毛朱平几,6,22,0.1803,合,ok
M2_0551,要,要,要,翁至要导生要城发良些多亚黑,13,22,0.2665,粤,ok
M2_0552,,,,事障理朱年早道烧市等至懒举主,14,22,0.2379,白,ok
M2_0553,,,,共得计礼麻恩行主翁,9,23,0.2166,願,ok
M2_0554,麻,麻,麻,颈真行主尽魔感社女麻早些酒,13,22,0.213,人,ok
M2_0555,主,,主,走特楼早固主来特送,9,23,0.2287,斥,ok
M2_0556,,,,中茹敢四库敢,6,22,0.2029,餘,ok
M2_0557,重,,重,麻敬事式共固礼重礼得动固,12,23,0.2408,查,ok
M2_0558,,,,庄宜早吏差使共時奉教翁,11,22,0.2306,之,ok
M2_0559,,,,超永各本道解罪共朱模我共固欺拘棒麻技,18,23,0.2481,妨,ok
M2_0560,,共,,共华亚計島共那连吏厅判,11,23,0.1961,人,ok
M2_0561,,,,迷春及推朱年時别事《平事即起重皆早些,9,23,0.2056,吊,ok
M2_0562,真,以,真,無滋菌以真四早朱别每理街迫实庄包,16,21,0.2323,而,ok
M2_0563,几,,几,保早连包几体且寿,8,22,0.1813,仔,ok
M2_0564,,尼,,翁至尼冬本道初麻每设年改朱天效各,16,23,0.2386,佩,ok
M2_0565,见,见,见,朱押区麻泣每见天下永仍墓各铁包,15,22,0.2417,尺,ok
M2_0566,思,,思,思女買体早法重麻押口,10,23,0.1984,恩,ok
M2_0567,,,,真树摔及礼壳碎麻年北朱特进共初歇要,17,21,0.243,仰,ok
M2_0568,安,安,安,哈里志安官体内不時陣語果最中,14,22,0.2915,唼,ok
M2_0569,,,,李共柴固情方体功華早時接日無麻寻,16,23,0.248,白,ok
M2_0570,初,,初,翁至安界儿孟要要初早的四,12,23,0.2112,举,ok
M2_0571,别,别,别,为夷几之团奉時别皇,9,23,0.2287,妃,ok
M2_0572,有,有,有,见有将有连坦空麻列像强,11,21,0.211,有,ok
M2_0573,,要,,要歌冬本道把仍南麻面仍嘉,12,22,0.2062,𭃡,ok
M2_0574,李,李,李,建棱麻李道常共早且化特权連直奉体来那,18,20,0.1803,李,ok
M2_0575,不,时,不,丸各至时不朱谷灵魂烂醉合更,13,22,0.2524,𡖋,ok
M2_0576,,,,為早難特昆包时团除朝天更時,13,21,0.2356,炉,ok
M2_0577,,,,那骨昆希清道女欺主朱昆每事,13,22,0.25,哦,ok
M2_0578,在,,在,在连视真法罪同塔重早些固,12,21,0.2308,石,ok
M2_0579,在,件,在,国来手埃股跟导些儿及建因性结件在,16,22,0.1941,因,ok
M2_0580,即,,即,把走已生城朝即及事,9,21,0.1188,節,ok
M2_0581,油,,油,排夜油麻特望罢事因中,10,22,0.2389,肖,ok
M2_0582,,诸,,底牛召蔑鹅事库诸之矣厅土支,13,22,0.2646,而,ok
M2_0583,把,,把,支秋腰時底朱事库庄国理库麻把应,15,22,0.2556,尺,ok
M2_0584,,早,,主尽我导朱几童常几国婚重特早过,15,22,0.2048,昇,ok
M2_0585,属,属,属,為属地见末天麻哈事行主乔政取官宜調,17,20,0.2409,曷,ok
M2_0586,数,色,数,奴连鸟巴举仍早放教常数色时封取,15,22,0.2098,色,ok
M2_0587,,,,脉每事盛苑烟尼槎烏火体苑思城,14,22,0.271,苑,ok
M2_0588,数,数,数,月数将行随每役困早些牛年妈歧,14,21,0.2294,趍,ok
M2_0589,,,,明果罪把默沛中日落共,10,24,0.173,包,ok
M2_0590,,,,特奉人困歌些那困朱命,10,18,0.1883,白,ok
M2_0591,麻,,麻,早麻举浪年翁厨班店麻朱学歌告,14,21,0.2302,白,ok
M2_0592,,,,共昆制麻因力行主尽底旦断昆人時奴帝之,18,23,0.201,人,ok
M2_0593,,,,2,1,22,0.0993,遵,ok
M2_0594,,要,,祝体创要共直情浪事具停福,12,22,0.2474,馀,ok
M2_0595,,固,,酸加礼固各昆剧各至麻扒如事,13,22,0.2317,應,ok
M2_0596,,,,本可時早来之固市欢女麻朱,12,22,0.2281,眼,ok
M2_0597,,,,团如你互压女体中巴凡乳平,12,23,0.1828,甲,ok
M2_0598,别,别,别,同儿使下体学女连别早色李道行麻电,16,22,0.4544,邑,ok
M2_0599,蔑,,蔑,欺蔑各华朝吏希史毛阻事建明,13,21,0.3078,𫈦,ok
