book,syl,M,L,nB,look,knn,hog,v
stt11,a,亜,亞,9,False,0.5,0.5,MOT
stt11,a,亜,稼,10,False,0.91,0.76,HAI
stt11,biết,别,別,41,True,0.53,0.43,MOT
stt11,bỏ,補,𥙷,19,False,0.42,0.39,MOT
stt11,chăng,庒,庄,65,True,0.49,0.5,MOT
stt11,chưng,烝,蒸,8,False,0.5,0.47,MOT
stt11,chẳng,庒,庄,14,True,0.52,0.48,MOT
stt11,cùng,共,其,23,True,0.5,0.5,MOT
stt11,cùng,共,穷,19,False,0.92,0.74,HAI
stt11,cũng,共,拱,17,True,0.98,0.64,HAI
stt11,cả,竒,哿,11,False,0.57,0.46,MOT
stt11,hề,兮,係,11,False,1.0,0.68,HAI
stt11,hồn,魂,塊,10,True,0.48,0.45,MOT
stt11,linh,灵,㚑,20,False,0.5,0.53,MOT
stt11,lấy,礼,𢬦,22,False,0.5,0.41,MOT
stt11,lần,吝,各,9,True,0.5,0.54,MOT
stt11,ma,嗎,魔,10,False,0.99,0.84,HAI
stt11,mình,命,𠇮,12,True,0.79,0.5,HAI
stt11,một,更,蔑,10,False,0.58,0.5,MOT
stt11,ngày,時,𣈜,13,False,0.49,0.44,MOT
stt11,nhà,茹,茄,9,True,0.5,0.5,MOT
stt11,thì,時,寺,14,False,0.5,0.54,MOT
stt11,thật,实,實,10,False,1.0,0.64,HAI
stt11,thật,实,実,11,True,0.5,0.49,MOT
stt11,ti,𤰞,司,8,False,1.0,0.78,HAI
stt11,trong,中,盅,9,False,1.0,0.72,HAI
stt11,tử,死,子,13,False,1.0,0.78,HAI
stt11,xin,真,嗔,25,True,0.6,0.56,MOT
stt11,được,特,時,9,True,0.5,0.5,MOT
stt11,đến,旦,且,15,True,0.5,0.5,MOT
stt11,ấy,衣,乙,11,False,0.76,0.62,HAI
stt11,ấy,衣,𧘇,12,True,0.53,0.58,MOT
stt11,ấy,衣,帝,8,False,0.94,0.76,HAI
stt2,ai,埃,唉,9,True,0.46,0.44,MOT
stt2,bấy,悲,闭,10,False,1.0,0.71,HAI
stt2,bỏ,補,𥙷,36,False,0.49,0.59,MOT
stt2,chăng,庄,庒,14,True,0.5,0.5,MOT
stt2,chăng,庄,生,38,False,0.6,0.52,mo
stt2,càng,强,強,14,True,0.62,0.48,mo
stt2,cùng,共,其,58,True,0.52,0.5,MOT
stt2,cùng,共,穷,14,False,0.93,0.64,HAI
stt2,cũng,共,拱,19,True,0.9,0.66,HAI
stt2,cả,奇,哿,13,False,0.96,0.54,HAI
stt2,giê,支,枝,8,True,0.75,0.56,HAI
stt2,giờ,除,徐,22,True,0.53,0.45,MOT
stt2,giữ,佇,抒,9,False,0.9,0.54,HAI
stt2,khăn,中,巾,8,True,0.57,0.5,MOT
stt2,liền,連,蓮,12,True,0.5,0.5,MOT
stt2,lắm,廪,凜,26,False,0.54,0.41,MOT
stt2,lắm,廪,凛,8,True,0.59,0.55,MOT
stt2,ma,嗎,魔,8,False,0.94,0.61,HAI
stt2,ma,嗎,麻,11,False,1.0,0.85,HAI
stt2,mọi,每,毎,8,True,0.56,0.48,MOT
stt2,một,没,蔑,34,False,0.44,0.47,MOT
stt2,ngày,時,𣈜,44,False,0.7,0.53,mo
stt2,nhà,茹,如,17,False,0.62,0.46,mo
stt2,nói,呐,内,19,True,0.56,0.52,MOT
stt2,phải,沛,伂,11,False,0.49,0.49,MOT
stt2,sự,事,亊,25,True,0.56,0.53,MOT
stt2,thánh,垩,堊,13,False,0.54,0.5,MOT
stt2,thánh,垩,聖,16,False,0.75,0.53,HAI
stt2,thánh,垩,圣,63,False,0.8,0.56,HAI
stt2,thì,寺,時,17,False,0.88,0.55,HAI
stt2,thật,實,实,13,False,0.88,0.78,HAI
stt2,thờ,除,蜍,10,True,0.66,0.44,mo
stt2,trên,連,蓮,12,True,0.61,0.5,mo
stt2,tử,死,子,9,False,0.9,0.67,HAI
stt2,vì,為,爲,15,False,0.86,0.6,HAI
stt2,vì,為,位,11,False,1.0,0.64,HAI
stt2,về,𧗱,衛,8,False,0.5,0.5,MOT
stt2,xin,嗔,真,39,True,0.63,0.47,mo
stt2,đoạn,段,断,18,True,0.94,0.65,HAI
stt2,đã,㐌,也,12,True,0.48,0.53,MOT
stt2,được,特,持,10,True,0.5,0.5,MOT
stt2,được,特,時,17,True,0.53,0.5,MOT
stt2,để,底,㡳,11,False,0.66,0.59,mo
stt2,đức,徳,德,31,True,0.56,0.48,MOT
stt2,ấy,衣,意,14,False,0.79,0.82,HAI
stt2,ấy,衣,𧘇,26,True,0.52,0.5,MOT
stt4,a,阿,亜,9,False,1.0,0.61,HAI
stt4,biết,别,別,38,True,0.65,0.47,mo
stt4,chi,之,支,9,False,1.0,0.61,HAI
stt4,chăng,庄,生,99,False,0.57,0.5,MOT
stt4,con,昆,晜,34,False,0.6,0.45,MOT
stt4,cùng,共,穷,14,False,0.96,0.57,HAI
stt4,cùng,共,其,77,True,0.48,0.52,MOT
stt4,cũng,拱,共,18,True,0.87,0.6,HAI
stt4,gian,間,奸,10,False,1.0,0.75,HAI
stt4,kẻo,喬,矯,9,True,0.94,0.37,HAI
stt4,liền,連,蓮,18,True,0.53,0.5,MOT
stt4,lắm,廪,廩,39,True,0.57,0.49,MOT
stt4,lắm,廪,凜,25,False,0.44,0.53,MOT
stt4,một,没,沒,18,True,0.52,0.49,MOT
stt4,một,没,殁,8,True,0.5,0.5,MOT
stt4,một,没,殳,31,True,0.54,0.48,MOT
stt4,nghe,宜,宐,14,False,0.45,0.45,MOT
stt4,như,如,茄,19,False,0.51,0.46,MOT
stt4,nó,奴,呶,13,False,0.52,0.48,MOT
stt4,năng,䏻,能,8,False,0.94,0.63,HAI
stt4,phải,伂,沛,20,False,0.39,0.39,MOT
stt4,si,蹉,篩,15,False,1.0,0.83,HAI
stt4,thì,時,寺,136,False,0.58,0.51,MOT
stt4,tốt,卒,窣,11,False,0.61,0.3,mo
stt4,vì,爲,為,33,False,0.51,0.49,MOT
stt4,xin,真,嗔,10,True,0.5,0.48,MOT
stt4,xin,真,填,20,True,0.61,0.47,mo
stt4,đoạn,断,段,10,True,0.93,0.75,HAI
stt4,đã,㐌,也,8,True,0.5,0.5,MOT
stt4,được,特,時,13,True,0.5,0.5,MOT
stt4,được,特,持,10,True,0.5,0.5,MOT
stt4,đến,旦,但,8,True,0.5,0.5,MOT
stt4,đức,徳,德,127,True,0.5,0.49,MOT
