sample_id,book,page,column,tier,rule,K,syllable,label,R_size,P,P_y,P_all,G,G_op,P6c,P5c,PVL,Gf,K_inR
M1_0000,stt2,page_0252,4,GOLD,s1_inter_s2_direct,欣,hơn,欣,9,,,,,del,源,,福,,True
M1_0001,stt2,page_0308,4,GOLD,s1_inter_s2_direct,欺,khi,欺,31,欺,欺,欺,欺,eq,欺,取,欺,人,True
M1_0002,stt2,page_0132,3,GOLD,s1_inter_s2_direct,朱,cho,朱,12,朱,朱,朱,朱,eq,来,朱,朱,一,True
M1_0003,stt2,page_0072,9,GOLD,s1_inter_s2_direct,主,chúa,主,2,主,主,主,主,eq,八,主,王,主,True
M1_0004,stt2,page_0140,8,GOLD,s1_inter_s2_direct,吒,cha,吒,25,吒,吒,吒,吒,eq,而,,吨,,True
M1_0005,stt2,page_0066,9,GOLD,s1_inter_s2_direct,困,khốn,困,6,困,困,困,困,eq,事,朱,等,闲,True
M1_0006,stt2,page_0036,7,GOLD,s1_inter_s2_direct,主,chúa,主,2,衡,衡,衡,主,eq,工,物,忿,主,True
M1_0007,stt2,page_0078,3,GOLD,s1_inter_s2_direct,呐,nói,呐,14,可,可,可,呐,eq,也,时,,,True
M1_0008,stt2,page_0114,1,GOLD,s1_inter_s2_direct,衣,ấy,衣,32,道,道,道,道,sub,道,道,道,,True
M1_0009,stt2,page_0170,3,GOLD,s1_inter_s2_direct,折,giết,折,21,折,折,折,折,eq,成,浙,,峪,True
M1_0010,stt2,page_0052,3,GOLD,s1_inter_s2_direct,渚,chưa,渚,29,诸,诸,诸,诸,sub,诸,诸,诸,境,True
M1_0011,stt2,page_0166,9,GOLD,s1_inter_s2_direct,官,quan,官,80,官,官,官,,del,官,官,情,,True
M1_0012,stt2,page_0328,2,GOLD,s1_inter_s2_direct,麻,mà,麻,21,啞,啞,啞,麻,eq,迎,咖,喫,麻,True
M1_0013,stt2,page_0174,2,GOLD,s1_inter_s2_direct,别,biết,别,30,則,則,則,別,sub,别,别,别,例,True
M1_0014,stt2,page_0092,3,GOLD,s1_inter_s2_direct,眉,mày,眉,24,眉,眉,眉,拎,sub,眉,肩,眉,,True
M1_0015,stt2,page_0084,6,GOLD,s1_inter_s2_direct,㝵,người,㝵,20,正,正,正,寻,sub,正,主,正,,True
M1_0016,stt2,page_0236,3,GOLD,s1_inter_s2_direct,時,thì,時,56,時,時,時,時,eq,時,时,時,,True
M1_0017,stt2,page_0322,4,GOLD,s1_inter_s2_direct,行,hành,行,27,修,修,修,行,eq,修,修,修,答,True
M1_0018,stt2,page_0276,2,GOLD,s1_inter_s2_direct,察,xét,察,7,察,察,察,容,sub,摩,察,廢,,True
M1_0019,stt2,page_0284,6,GOLD,s1_inter_s2_direct,改,gởi,改,9,改,改,改,吏,sub,义,文,又,,True
M1_0020,stt2,page_0246,6,GOLD,s1_inter_s2_direct,德,đức,德,21,德,德,德,德,eq,德,德,由,國,True
M1_0021,stt2,page_0016,9,GOLD,s1_inter_s2_direct,㝵,người,㝵,20,等,等,等,寻,sub,是,学,等,,True
M1_0022,stt2,page_0110,9,GOLD,s1_inter_s2_direct,赦,tha,赦,47,數,數,數,赦,eq,数,苏,趙,,True
M1_0023,stt2,page_0176,1,GOLD,s1_inter_s2_direct,浪,rằng,浪,12,判,判,判,筱,sub,判,邦,判,谊,True
M1_0024,stt2,page_0306,5,GOLD,s1_inter_s2_direct,朱,cho,朱,12,朱,朱,朱,朱,eq,来,朱,朱,峨,True
M1_0025,stt2,page_0146,3,GOLD,s1_inter_s2_direct,㝵,người,㝵,20,得,得,得,,del,是,寻,等,,True
M1_0026,stt2,page_0316,4,GOLD,s1_inter_s2_direct,堂,đàng,堂,8,堂,堂,堂,,del,堂,堂,堂,峦,True
M1_0027,stt2,page_0020,4,GOLD,s1_inter_s2_direct,庄,chăng,庄,26,庄,庄,庄,,del,庄,本,,庄,True
M1_0028,stt2,page_0106,7,GOLD,s1_inter_s2_direct,命,mình,命,12,恐,恐,恐,命,eq,天,茶,态,峦,True
M1_0029,stt2,page_0314,2,GOLD,s1_inter_s2_direct,矣,hãy,矣,23,矣,展,展,关,sub,根,限,畏,,True
M1_0030,stt2,page_0152,7,GOLD,s1_inter_s2_direct,㝵,người,㝵,20,尋,尋,尋,,del,学,,等,,True
M1_0031,stt2,page_0178,2,GOLD,s1_inter_s2_direct,除,giờ,除,14,徐,徐,徐,卷,sub,竹,徐,徐,徐,True
M1_0032,stt2,page_0074,3,GOLD,s1_inter_s2_direct,歳,tuổi,歳,19,歲,歲,歲,歳,eq,歲,歲,崇,,True
M1_0033,stt2,page_0018,1,GOLD,s1_inter_s2_direct,矯,kẻo,矯,12,矯,,,鐳,sub,外,稀,水,鎬,True
M1_0034,stt2,page_0238,3,GOLD,s1_inter_s2_direct,㝵,người,㝵,20,等,等,等,等,sub,等,寻,寺,,True
M1_0035,stt2,page_0142,7,GOLD,s1_inter_s2_direct,木,móc,木,16,木,木,木,木,eq,天,术,本,峨,True
M1_0036,stt2,page_0056,9,GOLD,s1_inter_s2_direct,丕,vậy,丕,8,丕,丕,丕,五,sub,丕,不,左,,True
M1_0037,stt2,page_0302,6,GOLD,s1_inter_s2_direct,麻,mà,麻,21,為,為,為,麻,eq,厥,烟,灼,,True
M1_0038,stt2,page_0122,6,GOLD,s1_inter_s2_direct,麻,mà,麻,21,麻,麻,麻,麻,eq,七,麻,西,,True
M1_0039,stt2,page_0028,1,GOLD,s1_inter_s2_direct,群,còn,群,15,群,群,群,群,eq,群,群,群,群,True
M1_0040,stt2,page_0260,2,GOLD,s1_inter_s2_direct,樞,su,樞,11,樞,樞,樞,强,sub,收,福,以,,True
M1_0041,stt2,page_0030,8,GOLD,s1_inter_s2_direct,主,chúa,主,2,分,分,分主,主,eq,为,至,灯,主,True
M1_0042,stt2,page_0240,4,GOLD,s1_inter_s2_direct,麻,mà,麻,21,麻,麻,麻,,del,麻,麻,森,,True
M1_0043,stt2,page_0278,3,GOLD,s1_inter_s2_direct,施,thí,施,41,施,施,施,施,eq,施,施,施,一,True
M1_0044,stt2,page_0228,2,GOLD,s1_inter_s2_direct,正,giêng,正,21,正,正,正,正,eq,平,正,下,,True
M1_0045,stt2,page_0192,7,GOLD,s1_inter_s2_direct,弹,đàn,弹,42,彈,,,弹,eq,寸,,寸,,True
M1_0046,stt2,page_0296,4,GOLD,s1_inter_s2_direct,亊,sự,亊,16,事,事,事,事,sub,事,事,等,答,True
M1_0047,stt2,page_0158,2,GOLD,s1_inter_s2_direct,㝵,người,㝵,20,尋,尋,尋,寻,sub,手,等,等,,True
M1_0048,stt2,page_0206,6,GOLD,s1_inter_s2_direct,奇,cả,奇,11,奇,奇,奇,奇,eq,我,等,私,,True
M1_0049,stt2,page_0012,8,GOLD,s1_inter_s2_direct,弄,lòng,弄,23,爾,爾,爾,弄,eq,中,中,中,平,True
M1_0050,stt2,page_0208,4,GOLD,s1_inter_s2_direct,秋,su,秋,11,秋,秋,秋支,秋,eq,秋,苏,春,,True
M1_0051,stt2,page_0320,3,GOLD,s1_inter_s2_direct,断,đoạn,断,35,斷,斷,斷,断,eq,,新,斷,,True
M1_0052,stt2,page_0274,5,GOLD,s1_inter_s2_direct,之,gì,之,16,之,之,之,之,eq,之,之,之,,True
M1_0053,stt2,page_0210,5,GOLD,s1_inter_s2_direct,逹,đặt,逹,33,達,達,達,達,sub,達,達,遠,,True
M1_0054,stt2,page_0286,8,GOLD,s1_inter_s2_direct,庫,khó,庫,13,庫,庫,庫,庫,eq,庫,庫,库,,True
M1_0055,stt2,page_0136,5,GOLD,s1_inter_s2_direct,空,không,空,18,空,空,空,,del,空,空,空,,True
M1_0056,stt2,page_0198,9,GOLD,s1_inter_s2_direct,吏,lại,吏,55,在,在,在,走,sub,,金,笠,,True
M1_0057,stt2,page_0188,3,GOLD,s1_inter_s2_direct,寺,thì,寺,56,毒,毒,毒,肃,sub,者,青,者,,True
M1_0058,stt2,page_0070,2,GOLD,s1_inter_s2_direct,馭,ngựa,馭,8,取,取,取,驭,sub,驭,聚,取,二,True
M1_0059,stt2,page_0224,4,GOLD,s1_inter_s2_direct,最,tối,最,31,最,最,最,,del,最,最,最,,True
M1_0060,stt2,page_0288,1,GOLD,s1_inter_s2_direct,垩,thánh,垩,33,奔,奔,奔,至,sub,斧,奔,伞,,True
M1_0061,stt2,page_0024,7,GOLD,s1_inter_s2_direct,衣,ấy,衣,32,氏,氏,氏,公,sub,代,农,,,True
M1_0062,stt2,page_0116,8,GOLD,s1_inter_s2_direct,其,kia,其,25,其,其,其,其,eq,其,身,其,答,True
M1_0063,stt2,page_0194,6,GOLD,s1_inter_s2_direct,事,sự,事,16,事,事,事,事,eq,事,事,李,,True
M1_0064,stt2,page_0154,6,GOLD,s1_inter_s2_direct,事,sự,事,16,事,事,事,事,eq,我,,母,峨,True
M1_0065,stt2,page_0230,7,GOLD,s1_inter_s2_direct,多,đi,多,10,多,多,多,,del,多,多,多,多,True
M1_0066,stt2,page_0298,9,GOLD,s1_inter_s2_direct,庄,chăng,庄,26,庄,,,庄,eq,初,办,,,True
M1_0067,stt2,page_0118,9,GOLD,s1_inter_s2_direct,苓,lành,苓,23,云,云,云,毒,sub,武,,筆,峨,True
M1_0068,stt2,page_0040,4,GOLD,s1_inter_s2_direct,法,phép,法,11,忘,忘,忘,法,eq,忌,忌,忌,读,True
M1_0069,stt2,page_0134,1,GOLD,s1_inter_s2_direct,奴,nô,奴,9,奴,奴,奴,奴,eq,孜,,,,True
M1_0070,stt2,page_0026,6,GOLD,s1_inter_s2_direct,几,kẻ,几,19,几,几,几,几,eq,立,元,江,,True
M1_0071,stt2,page_0098,6,GOLD,s1_inter_s2_direct,欣,hơn,欣,9,彼,彼,彼,欲,sub,侯,次,贺,,True
M1_0072,stt2,page_0292,3,GOLD,s1_inter_s2_direct,真,xin,真,8,真,真,真,真,eq,真,真,箕,,True
M1_0073,stt2,page_0038,5,GOLD,s1_inter_s2_direct,獅,sư,獅,38,欽,,,狮,sub,弘,,人,衔,True
M1_0074,stt2,page_0142_p0132,8,GOLD,s1_inter_s2_direct,麻,mà,麻,21,冷,冷,冷,麻,eq,命,学,印,,True
M1_0075,stt2,page_0254,4,GOLD,s1_inter_s2_direct,㓛,công,㓛,30,功,功,功,,del,动,双,刘,,True
M1_0076,stt2,page_0054,3,GOLD,s1_inter_s2_direct,㝵,người,㝵,20,尋,尋,尋,号,sub,,,等,,True
M1_0077,stt2,page_0182,5,GOLD,s1_inter_s2_direct,仍,nhưng,仍,12,仍,仍,仍,,del,但,低,佰,,True
M1_0078,stt2,page_0088,6,GOLD,s1_inter_s2_direct,每,mọi,每,11,每,每,每,每,eq,每,每,每,双,True
M1_0079,stt2,page_0248,3,GOLD,s1_inter_s2_direct,逐,giục,逐,12,逐,共,共,迹,sub,共,燕,其,英,True
M1_0080,stt2,page_0102,1,GOLD,s1_inter_s2_direct,差,sai,差,30,差,差,差,,del,差,差,差,,True
M1_0081,stt2,page_0168,9,GOLD,s1_inter_s2_direct,囚,tù,囚,22,中,中,中,囚,eq,中,中,中,四,True
M1_0082,stt2,page_0244,1,GOLD,s1_inter_s2_direct,主,chúa,主,2,主,主,主,主,eq,玉,宝,王,王,True
M1_0083,stt2,page_0186,9,GOLD,s1_inter_s2_direct,包,vào,包,28,押,押,押,色,sub,,神,押,点,True
M1_0084,stt2,page_0268,6,GOLD,s1_inter_s2_direct,徳,đức,徳,21,德,德,德,德,sub,可,德,德,峪,True
M1_0085,stt2,page_0220,8,GOLD,s1_inter_s2_direct,欺,khi,欺,31,欺,欺,欺,欺,eq,欺,款,欺,,True
M1_0086,stt2,page_0270,7,GOLD,s1_inter_s2_direct,庫,khó,庫,13,庫,庫,庫,庫,eq,,库,库,面,True
M1_0087,stt2,page_0086,8,GOLD,s1_inter_s2_direct,襖,áo,襖,43,禳,禳,禳,禮,sub,裡,,襯,遐,True
M1_0088,stt2,page_0160,9,GOLD,s1_inter_s2_direct,寺,thì,寺,56,者,者,者,毒,sub,青,寺,者,,True
M1_0089,stt2,page_0064,9,GOLD,s1_inter_s2_direct,垩,thánh,垩,33,至,至,至,堇,sub,垂,董,十,,True
M1_0090,stt2,page_0282,1,GOLD,s1_inter_s2_direct,悲,bây,悲,27,貴,貴,貴,悲,eq,非,业,非,峨,True
M1_0091,stt2,page_0304,5,GOLD,s1_inter_s2_direct,世,thế,世,78,世,世,世,,del,世,世,世,一,True
M1_0092,stt2,page_0218,3,GOLD,s1_inter_s2_direct,打,đánh,打,6,打,打,打,打,eq,打,五,打,,True
M1_0093,stt2,page_0330,4,GOLD,s1_inter_s2_direct,之,chi,之,60,之,之,之,之,eq,之,之,,,True
M1_0094,stt2,page_0318,7,GOLD,s1_inter_s2_direct,義,nghĩa,義,10,,,,義,eq,仲,博,仲,遲,True
M1_0095,stt2,page_0138,9,GOLD,s1_inter_s2_direct,仍,nhưng,仍,12,仍,仍,仍,似,sub,仍,初,仍,峨,True
M1_0096,stt2,page_0108,7,GOLD,s1_inter_s2_direct,双,song,双,47,双,双,双,双,eq,,双,双,,True
M1_0097,stt2,page_0076,3,GOLD,s1_inter_s2_direct,割,cắt,割,20,壽,壽,壽,割,eq,,的,對,時,True
M1_0098,stt2,page_0216,3,GOLD,s1_inter_s2_direct,神,thần,神,44,天,神,神,神,eq,入,福,入,遠,True
M1_0099,stt2,page_0164,6,GOLD,s1_inter_s2_direct,特,được,特,21,特,特,特,特,eq,特,特,特,,True
M1_0100,stt2,page_0100,2,GOLD,s1_inter_s2_direct,役,việc,役,12,後,後,後,役,eq,役,得,従,峨,True
M1_0101,stt2,page_0172,8,GOLD,s1_inter_s2_direct,曰,viết,曰,2,曰,曰,曰,曰,eq,白,坚,伏,五,True
M1_0102,stt2,page_0128,1,GOLD,s1_inter_s2_direct,麻,mà,麻,21,道,道,道,麻,eq,自,有,真,答,True
M1_0103,stt2,page_0222,8,GOLD,s1_inter_s2_direct,憾,gớm,憾,7,博,博,博,,del,憾,憾,何,,True
M1_0104,stt2,page_0162,1,GOLD,s1_inter_s2_direct,兠,đâu,兠,34,兜,兜,兜,齊,sub,泥,虎,先,,True
M1_0105,stt2,page_0200,7,GOLD,s1_inter_s2_direct,扛,giăng,扛,22,江,江,江,弘,sub,拉,工,招,,True
M1_0106,stt2,page_0120,9,GOLD,s1_inter_s2_direct,黙,mặc,黙,25,點,點,點,點,sub,,,聖,,True
M1_0107,stt2,page_0190,1,GOLD,s1_inter_s2_direct,眉,mày,眉,24,共,共,共,眉,eq,共,共,共,峨,True
M1_0108,stt2,page_0062,7,GOLD,s1_inter_s2_direct,渇,khát,渇,14,渴,渴,渴,谒,sub,渴,渴,渇,,True
M1_0109,stt2,page_0156,2,GOLD,s1_inter_s2_direct,吏,lại,吏,55,吏,吏,吏,走,sub,生,王,,,True
M1_0110,stt2,page_0312,1,GOLD,s1_inter_s2_direct,主,chúa,主,2,德,德,德主,主,eq,王,他,僊,主,True
M1_0111,stt2,page_0212,6,GOLD,s1_inter_s2_direct,寺,thì,寺,56,詩,詩,詩,,del,大,太,入,言,True
M1_0112,stt2,page_0014,3,GOLD,s1_inter_s2_direct,意,ý,意,43,補,補,補,意,eq,何,确,俯,,True
M1_0113,stt2,page_0130,9,GOLD,s1_inter_s2_direct,魂,hồn,魂,28,魂,魂,魂,魂,eq,魂,魂,誼,,True
M1_0114,stt2,page_0060,7,GOLD,s1_inter_s2_direct,衣,ấy,衣,32,反,反,反,代,sub,伐,,依,者,True
M1_0115,stt2,page_0058,4,GOLD,s1_inter_s2_direct,末,mất,末,48,綿,綿,綿,縝,sub,鄭,常,端,一,True
M1_0116,stt2,page_0250,7,GOLD,s1_inter_s2_direct,朱,cho,朱,12,朱,朱,朱,朱,eq,来,朱,朱,朱,True
M1_0117,stt2,page_0256,8,GOLD,s1_inter_s2_direct,役,việc,役,12,役,役,役,役,eq,役,役,従,,True
M1_0118,stt2,page_0046,6,GOLD,s1_inter_s2_direct,如,như,如,16,活,活,活,如,eq,古,后,巧,,True
M1_0119,stt2,page_0148,8,GOLD,s1_inter_s2_direct,旦,đến,旦,21,旦,旦,旦醫,旦,eq,油,油,曲,,True
M1_0120,stt2,page_0080,8,GOLD,s1_inter_s2_direct,道,đạo,道,40,里,里,里道,道,eq,毛,華,丑,,True
M1_0121,stt2,page_0082,2,GOLD,s1_inter_s2_direct,浪,răng,浪,16,辰,,,,del,底,陈,竹,,True
M1_0122,stt2,page_0032,9,GOLD,s1_inter_s2_direct,代,dạy,代,14,將,將,將,代,eq,田,时,时,,True
M1_0123,stt2,page_0048,8,GOLD,s1_inter_s2_direct,之,gì,之,16,之,之,之,之,eq,之,之,之,一,True
M1_0124,stt2,page_0272,6,GOLD,s1_inter_s2_direct,於,ở,於,20,等,等,等,容,sub,丁,寸,寺,,True
M1_0125,stt2,page_0234,7,GOLD,s1_inter_s2_direct,中,trong,中,52,中,中,中斧,中,eq,中,中,竹,中,True
M1_0126,stt2,page_0232,5,GOLD,s1_inter_s2_direct,悲,bấy,悲,34,悲,悲,悲,悲,eq,心,心,恙,遊,True
M1_0127,stt2,page_0204,3,GOLD,s1_inter_s2_direct,因,nhân,因,52,因,因,因孟,因,eq,英,因,並,因,True
M1_0128,stt2,page_0050,8,GOLD,s1_inter_s2_direct,垩,thánh,垩,33,奪,奪,奪,垂,sub,李,李,等,,True
M1_0129,stt2,page_0094,1,GOLD,s1_inter_s2_direct,命,mình,命,12,命,常,常,命,eq,吊,金,弟,,True
M1_0130,stt2,page_0034,9,GOLD,s1_inter_s2_direct,重,chồng,重,21,重,重,重,,del,重,重,重,,True
M1_0131,stt2,page_0324,2,GOLD,s1_inter_s2_direct,欣,hơn,欣,9,旅,旅,旅,欣,eq,山,旅,坎,,True
M1_0132,stt2,page_0214,6,GOLD,s1_inter_s2_direct,生,sinh,生,23,生,君,君,在,sub,在,在,在,峨,True
M1_0133,stt2,page_0180,7,GOLD,s1_inter_s2_direct,塊,khỏi,塊,3,鬼,鬼,鬼,,del,地,望,筵,,True
M1_0134,stt2,page_0290,2,GOLD,s1_inter_s2_direct,事,sự,事,16,發,發,發,事,eq,徐,徐,登,,True
M1_0135,stt2,page_0126,9,GOLD,s1_inter_s2_direct,寺,thì,寺,56,壽,壽,壽,奇,sub,毒,青,寺,一,True
M1_0136,stt2,page_0096,6,GOLD,s1_inter_s2_direct,共,cùng,共,44,共,,,共,eq,指,,始,非,True
M1_0137,stt2,page_0294,4,GOLD,s1_inter_s2_direct,恩,ơn,恩,3,恩,恩,恩,,del,恩,恩,恩,,True
M1_0138,stt2,page_0242,6,GOLD,s1_inter_s2_direct,几,kẻ,几,19,几,几,几,几,eq,永,子,来,几,True
M1_0139,stt2,page_0150,7,GOLD,s1_inter_s2_direct,特,được,特,21,特,特,特,特,eq,特,特,符,,True
M1_0140,stt2,page_0104,1,GOLD,s1_inter_s2_direct,命,mình,命,12,傷,麗,麗,命,eq,,,尋,,True
M1_0141,stt2,page_0226,6,GOLD,s1_inter_s2_direct,仍,những,仍,8,仍,仍,仍,侣,sub,它,破,仍,,True
M1_0142,stt2,page_0022,5,GOLD,s1_inter_s2_direct,碎,tôi,碎,17,碎,碎,碎,碎,eq,碎,有,,,True
M1_0143,stt2,page_0042,9,GOLD,s1_inter_s2_direct,其,kia,其,25,具,具,具,具,sub,基,是,具,,True
M1_0144,stt2,page_0266,4,GOLD,s1_inter_s2_direct,些,ta,些,55,來,來,來,些,eq,朱,来,朱,心,True
M1_0145,stt2,page_0262,3,GOLD,s1_inter_s2_direct,連,lên,連,14,連,連,連,連,eq,連,連,连,,True
M1_0146,stt2,page_0258,3,GOLD,s1_inter_s2_direct,下,hạ,下,33,下,下,下,下,eq,下,下,今,,True
M1_0147,stt2,page_0196,2,GOLD,s1_inter_s2_direct,旦,đến,旦,21,旦,旦,旦,旦,eq,白,品,曰,,True
M1_0148,stt2,page_0184,6,GOLD,s1_inter_s2_direct,支,giê,支,9,支,支,支,支,eq,支,五,立,,True
M1_0149,stt2,page_0202,7,GOLD,s1_inter_s2_direct,語,ngỡ,語,8,語,語,語,,del,語,語,語,,True
M1_0150,stt2,page_0300,9,GOLD,s1_inter_s2_direct,連,liên,連,42,連,連,連,連,eq,,道,连,答,True
M1_0151,stt2,page_0326,5,GOLD,s1_inter_s2_direct,朱,cho,朱,12,朱,畢,畢朱,朱,eq,李,未,子,朱,True
M1_0152,stt2,page_0068,9,GOLD,s1_inter_s2_direct,命,mình,命,12,命,命,命,命,eq,一,,令,峨,True
M1_0153,stt2,page_0044,4,GOLD,s1_inter_s2_direct,悲,bấy,悲,34,悲,悲,悲,悲,eq,夢,發,悲,玖,True
M1_0154,stt2,page_0112,8,GOLD,s1_inter_s2_direct,朱,cho,朱,12,朱,朱,朱,朱,eq,峨,束,朱,峨,True
M1_0155,stt2,page_0310,3,GOLD,s1_inter_s2_direct,㝵,người,㝵,20,畢,畢,畢,寻,sub,别,子,祭,,True
M1_0156,stt2,page_0280,6,GOLD,s1_inter_s2_direct,女,nữa,女,5,女,女,女,女,eq,女,女,女,答,True
M1_0157,stt2,page_0090,5,GOLD,s1_inter_s2_direct,於,ở,於,20,公,公,公,,del,四,公,曰,峨,True
M1_0158,stt2,page_0124,2,GOLD,s1_inter_s2_direct,朱,cho,朱,12,來,來,來,要,sub,来,荣,京,,True
M1_0159,stt2,page_0264,1,GOLD,s1_inter_s2_direct,共,cùng,共,44,共,共,共魂,共,eq,寒,等,等,,True
M1_0160,stt2,page_0252,8,GOLD,s1_inter_s2_direct,也,đã,也,16,也,也,也,,del,也,色,屯,心,True
M1_0161,stt2,page_0308,1,GOLD,s1_inter_s2_direct,年,sao,年,105,年,年,年,年,eq,年,年,年,年,True
M1_0162,stt2,page_0132,9,GOLD,s1_inter_s2_direct,特,được,特,21,特,特,特,特,eq,特,特,特,,True
M1_0163,stt2,page_0072,5,GOLD,s1_inter_s2_direct,時,ngày,時,11,,,,蚕,sub,時,時,時,一,True
M1_0164,stt2,page_0140,8,GOLD,s1_inter_s2_direct,之,gì,之,16,之,之,之理,之,eq,楚,芝,生,,True
M1_0165,stt2,page_0066,6,GOLD,s1_inter_s2_direct,浪,rằng,浪,12,辰,辰,辰,痕,sub,晨,浪,福,,True
M1_0166,stt2,page_0036,6,GOLD,s1_inter_s2_direct,麻,mà,麻,21,麻,麻,麻,麻,eq,麻,麻,床,,True
M1_0167,stt2,page_0078,2,GOLD,s1_inter_s2_direct,别,biết,别,30,別,,,,del,烯,都,师,削,True
M1_0168,stt2,page_0114,4,GOLD,s1_inter_s2_direct,代,đời,代,7,代,代,代些,代,eq,我,牧,代,代,True
M1_0169,stt2,page_0170,7,GOLD,s1_inter_s2_direct,星,tinh,星,59,星,星,星,星,eq,星,星,星,,True
M1_0170,stt2,page_0052,2,GOLD,s1_inter_s2_direct,曰,viết,曰,2,曰,曰,曰,曰,eq,桌,票,是,,True
M1_0171,stt2,page_0166,7,GOLD,s1_inter_s2_direct,曳,dái,曳,12,申,申,申,歬,sub,事,中,李,峨,True
M1_0172,stt2,page_0328,8,GOLD,s1_inter_s2_direct,奴,nó,奴,6,便,便,便,奴,eq,,风,处,峨,True
M1_0173,stt2,page_0174,3,GOLD,s1_inter_s2_direct,吏,lại,吏,55,但,但,但吏,吏,eq,事,起,兰,,True
M1_0174,stt2,page_0092,8,GOLD,s1_inter_s2_direct,吏,lại,吏,55,吏,吏,吏,吏,eq,交,,李,,True
M1_0175,stt2,page_0084,6,GOLD,s1_inter_s2_direct,代,dạy,代,14,而,而,而,戕,sub,因,,閑,阅,True
M1_0176,stt2,page_0236,7,GOLD,s1_inter_s2_direct,体,thấy,体,15,休,休,休,体,eq,休,体,体,,True
M1_0177,stt2,page_0322,3,GOLD,s1_inter_s2_direct,自,từ,自,52,自,自,自,自,eq,自,自,自,,True
M1_0178,stt2,page_0276,3,GOLD,s1_inter_s2_direct,几,kẻ,几,19,几,几,几,几,eq,元,元,九,九,True
M1_0179,stt2,page_0284,3,GOLD,s1_inter_s2_direct,古,của,古,8,去,去,去,,del,云,,去,,True
M1_0180,stt2,page_0246,2,GOLD,s1_inter_s2_direct,㝵,người,㝵,20,麻,麻,麻,等,sub,,母,纳,,True
M1_0181,stt2,page_0016,1,GOLD,s1_inter_s2_direct,迈,mươi,迈,13,返,返,返,迈,eq,近,迈,迈,古,True
M1_0182,stt2,page_0110,3,GOLD,s1_inter_s2_direct,執,chấp,執,30,執,執,執,軌,sub,机,新,乾,,True
M1_0183,stt2,page_0176,6,GOLD,s1_inter_s2_direct,㝵,người,㝵,20,景,景,景,景,sub,是,,景,,True
M1_0184,stt2,page_0306,2,GOLD,s1_inter_s2_direct,德,đức,德,21,德,德,德,,del,上,,上,,True
M1_0185,stt2,page_0146,9,GOLD,s1_inter_s2_direct,奴,nó,奴,6,朱,朱,朱,奴,eq,余,条,,,True
M1_0186,stt2,page_0316,3,GOLD,s1_inter_s2_direct,也,đã,也,16,也,也,也,,del,也,也,也,峨,True
M1_0187,stt2,page_0020,3,GOLD,s1_inter_s2_direct,獅,sư,獅,38,獅,獅,獅,,del,师,,师,,True
M1_0188,stt2,page_0106,5,GOLD,s1_inter_s2_direct,代,dạy,代,14,代,官,官,代,eq,,北,艾,,True
M1_0189,stt2,page_0314,7,GOLD,s1_inter_s2_direct,時,thì,時,56,時,,,時,eq,丁,守,守,,True
M1_0190,stt2,page_0152,3,GOLD,s1_inter_s2_direct,仍,những,仍,8,仍,仍,仍,仍,eq,极,福,仍,,True
M1_0191,stt2,page_0178,2,GOLD,s1_inter_s2_direct,悲,bấy,悲,34,卷,卷,卷,餘,sub,苦,地,姑,峙,True
M1_0192,stt2,page_0074,6,GOLD,s1_inter_s2_direct,主,chúa,主,2,尋,尋,尋,主,eq,对,时,对,,True
M1_0193,stt2,page_0018,4,GOLD,s1_inter_s2_direct,渚,chớ,渚,19,渚,渚,渚,渚,eq,诸,诸,溶,境,True
M1_0194,stt2,page_0238,4,GOLD,s1_inter_s2_direct,軍,quân,軍,65,軍,軍,軍,軍,eq,,軍,年,,True
M1_0195,stt2,page_0142,4,GOLD,s1_inter_s2_direct,歇,hết,歇,23,歇,歇,歇,歇,eq,歌,歇,歇,一,True
M1_0196,stt2,page_0056,4,GOLD,s1_inter_s2_direct,朱,cho,朱,12,朱,朱,朱,朱,eq,朱,朱,朱,,True
M1_0197,stt2,page_0302,5,GOLD,s1_inter_s2_direct,窣,tốt,窣,23,宰,宰,宰,宰,sub,宰,宰,宰,,True
M1_0198,stt2,page_0122,4,GOLD,s1_inter_s2_direct,命,mình,命,12,命,命,命,命,eq,命,命,奈,,True
M1_0199,stt2,page_0028,1,GOLD,s1_inter_s2_direct,欺,khi,欺,31,欺,欺,欺,,del,联,欺,箴,,True
M1_0200,stt4,page_0294,2,GOLD,s1_inter_s2_direct,碎,tôi,碎,17,碑,碑,碑,碎,eq,碎,碎,碎,,True
M1_0201,stt4,page_0084,8,GOLD,s1_inter_s2_direct,連,lên,連,14,連,,,連,eq,運,連,連,人,True
M1_0202,stt4,page_0028,5,GOLD,s1_inter_s2_direct,禁,cấm,禁,12,葉,葉,葉,禁,eq,,,莞,二,True
M1_0203,stt4,page_0292,7,GOLD,s1_inter_s2_direct,畧,trước,畧,29,畧,畧,畧,罂,sub,客,器,畧,,True
M1_0204,stt4,page_0182,7,GOLD,s1_inter_s2_direct,丕,vậy,丕,8,玉,玉,玉,,del,玉,玉,歪,,True
M1_0205,stt4,page_0060,6,GOLD,s1_inter_s2_direct,旦,đến,旦,21,旦,旦,旦,旦,eq,,,,四,True
M1_0206,stt4,page_0078,8,GOLD,s1_inter_s2_direct,意,ấy,意,32,意,意,意,意,eq,意,意,意,,True
M1_0207,stt4,page_0246,1,GOLD,s1_inter_s2_direct,廩,lắm,廩,31,廩,廩,廩,凛,sub,廩,藻,凜,瀛,True
M1_0208,stt4,page_0068,3,GOLD,s1_inter_s2_direct,各,các,各,21,各,各,各,,del,谷,谷,答,,True
M1_0209,stt4,page_0112,2,GOLD,s1_inter_s2_direct,中,trong,中,52,中,中,中,,del,,,,,True
M1_0210,stt4,page_0098,3,GOLD,s1_inter_s2_direct,朱,cho,朱,12,朱,朱,朱,朱,eq,朱,朱,朱,朱,True
M1_0211,stt4,page_0022,9,GOLD,s1_inter_s2_direct,腮,tay,腮,14,鬼,,,懇,sub,目,同,罔,,True
M1_0212,stt4,page_0088,2,GOLD,s1_inter_s2_direct,重,trọng,重,15,,,,重,eq,印,印,守,重,True
M1_0213,stt4,page_0286,7,GOLD,s1_inter_s2_direct,朱,cho,朱,12,意,意,意,朱,eq,苞,慈,苞,出,True
M1_0214,stt4,page_0054,5,GOLD,s1_inter_s2_direct,翁,ông,翁,17,翁,翁,翁,翁,eq,翁,翁,翁,,True
M1_0215,stt4,page_0196,7,GOLD,s1_inter_s2_direct,馭,ngựa,馭,8,馭,馭,馭,驭,sub,驭,驭,致,,True
M1_0216,stt4,page_0066,5,GOLD,s1_inter_s2_direct,生,sinh,生,23,生,生,生,生,eq,土,生,生,生,True
M1_0217,stt4,page_0262,9,GOLD,s1_inter_s2_direct,爲,vì,爲,7,,,,焉,sub,答,香,奪,,True
M1_0218,stt4,page_0032,7,GOLD,s1_inter_s2_direct,庄,chăng,庄,26,庄,庄,庄堯,庄,eq,九,庄,先,庄,True
M1_0219,stt4,page_0152,3,GOLD,s1_inter_s2_direct,宜,nghe,宜,24,宣,宣,宣,宣,sub,宜,巨,宜,,True
M1_0220,stt4,page_0268,4,GOLD,s1_inter_s2_direct,尼,này,尼,16,尼,尼,尼,尼,eq,尼,尼,芯,,True
M1_0221,stt4,page_0144,6,GOLD,s1_inter_s2_direct,連,liên,連,42,連,連,連,,del,重,重,連,遷,True
M1_0222,stt4,page_0090,8,GOLD,s1_inter_s2_direct,事,sự,事,16,事,事,事,事,eq,事,事,事,境,True
M1_0223,stt4,page_0194,8,GOLD,s1_inter_s2_direct,㝵,người,㝵,20,尋,尋,尋,寻,sub,守,导,得,,True
M1_0224,stt4,page_0042,8,GOLD,s1_inter_s2_direct,重,trọng,重,15,重,重,重,重,eq,重,重,奎,重,True
M1_0225,stt4,page_0290,5,GOLD,s1_inter_s2_direct,特,được,特,21,特,特,特,特,eq,特,特,特,,True
M1_0226,stt4,page_0278,8,GOLD,s1_inter_s2_direct,連,liền,連,29,連,連,連,連,eq,連,運,浑,,True
M1_0227,stt4,page_0070,7,GOLD,s1_inter_s2_direct,沛,phải,沛,30,布,布,布,沛,eq,沛,市,沛,峨,True
M1_0228,stt4,page_0260,1,GOLD,s1_inter_s2_direct,特,được,特,21,特,特,特,特,eq,大,大,大,巳,True
M1_0229,stt4,page_0250,8,GOLD,s1_inter_s2_direct,爲,vì,爲,7,為,為,為,鸢,sub,答,李,等,答,True
M1_0230,stt4,page_0132,5,GOLD,s1_inter_s2_direct,花,hoa,花,87,年,年,年,花,eq,桃,,,光,True
M1_0231,stt4,page_0072,7,GOLD,s1_inter_s2_direct,及,gặp,及,17,叉,叉,叉,及,eq,夏,,,,True
M1_0232,stt4,page_0164,2,GOLD,s1_inter_s2_direct,丐,cái,丐,32,弓,弓,弓,丐,eq,从,生,,丐,True
M1_0233,stt4,page_0254,9,GOLD,s1_inter_s2_direct,獄,ngục,獄,3,嶽,嶽,嶽,狱,sub,铁,牧,拭,,True
M1_0234,stt4,page_0218,4,GOLD,s1_inter_s2_direct,朱,cho,朱,12,連,連,連,朱,eq,,,朱,,True
M1_0235,stt4,page_0100,3,GOLD,s1_inter_s2_direct,連,liền,連,29,連,連,連,,del,重,蓮,屯,,True
M1_0236,stt4,page_0288,7,GOLD,s1_inter_s2_direct,麻,mà,麻,21,麻,麻,麻,,del,凡,麻,疾,庥,True
M1_0237,stt4,page_0300,5,GOLD,s1_inter_s2_direct,麻,mà,麻,21,朗,朗,朗,麻,eq,贫,良,艮,六,True
M1_0238,stt4,page_0214,6,GOLD,s1_inter_s2_direct,㐌,đã,㐌,16,色,色,色,,del,色,也,毛,,True
M1_0239,stt4,page_0114,5,GOLD,s1_inter_s2_direct,課,thuở,課,8,課,課,課,課,eq,課,課,課,崡,True
M1_0240,stt4,page_0256,9,GOLD,s1_inter_s2_direct,奴,nó,奴,6,故,故,故,权,sub,双,故,故,八,True
M1_0241,stt4,page_0304,8,GOLD,s1_inter_s2_direct,意,ý,意,43,國,國,國,意,eq,三,音,劄,,True
M1_0242,stt4,page_0176,4,GOLD,s1_inter_s2_direct,生,sinh,生,23,生,生,生,,del,生,生,生,生,True
M1_0243,stt4,page_0148,2,GOLD,s1_inter_s2_direct,但,đến,但,21,旦,實,實,旦,sub,真,组,但,,True
M1_0244,stt4,page_0222,7,GOLD,s1_inter_s2_direct,德,đức,德,21,德,德,德,德,eq,竹,德,德,德,True
M1_0245,stt4,page_0160,3,GOLD,s1_inter_s2_direct,外,ngoài,外,4,外,外,外,孙,sub,补,外,林,峪,True
M1_0246,stt4,page_0258,9,GOLD,s1_inter_s2_direct,主,chúa,主,2,主,主,主,主,eq,主,主,主,,True
M1_0247,stt4,page_0086,5,GOLD,s1_inter_s2_direct,折,chết,折,20,曳,曳,曳,折,eq,委,我,变,,True
M1_0248,stt4,page_0186,4,GOLD,s1_inter_s2_direct,天,thiên,天,94,天,天,天,天,eq,天,天,天,,True
M1_0249,stt4,page_0276,9,GOLD,s1_inter_s2_direct,㐌,đã,㐌,16,色,色,色,色,sub,色,色,色,,True
M1_0250,stt4,page_0230,6,GOLD,s1_inter_s2_direct,蜍,thờ,蜍,25,餘,餘,餘,,del,傘,全,絲,,True
M1_0251,stt4,page_0140,8,GOLD,s1_inter_s2_direct,影,ảnh,影,11,氣,,,影,eq,四,,四,境,True
M1_0252,stt4,page_0018,4,GOLD,s1_inter_s2_direct,夢,mông,夢,39,虚,虚,虚,,del,夔,要,,度,True
M1_0253,stt4,page_0248,1,GOLD,s1_inter_s2_direct,自,từ,自,52,自,自,自,,del,自,自,自,自,True
M1_0254,stt4,page_0036,4,GOLD,s1_inter_s2_direct,几,kẻ,几,19,几,几,几末,几,eq,李,未,木,兀,True
M1_0255,stt4,page_0200,3,GOLD,s1_inter_s2_direct,各,các,各,21,各,各,各,各,eq,爸,签,答,,True
M1_0256,stt4,page_0124,1,GOLD,s1_inter_s2_direct,各,các,各,21,焉,焉,焉,各,eq,文,原,向,,True
M1_0257,stt4,page_0172,5,GOLD,s1_inter_s2_direct,中,trong,中,52,中,斗,斗中,绊,sub,十,十,十,,True
M1_0258,stt4,page_0126,2,GOLD,s1_inter_s2_direct,保,bảo,保,64,尋,尋,尋,佯,sub,在,徐,住,佐,True
M1_0259,stt4,page_0128,1,GOLD,s1_inter_s2_direct,阿,a,阿,118,何,何,何,寄,sub,阿,阿,如,何,True
M1_0260,stt4,page_0134,7,GOLD,s1_inter_s2_direct,旦,đến,旦,21,道,道,道,旦,eq,,,四,联,True
M1_0261,stt4,page_0226,8,GOLD,s1_inter_s2_direct,浪,rằng,浪,12,辰,辰,辰,浪,eq,浪,浪,浪,境,True
M1_0262,stt4,page_0168,1,GOLD,s1_inter_s2_direct,主,chúa,主,2,主,主,主,主,eq,忧,心,心,主,True
M1_0263,stt4,page_0156,4,GOLD,s1_inter_s2_direct,共,cùng,共,44,共,共,共,虫,sub,,共,全,共,True
M1_0264,stt4,page_0138,5,GOLD,s1_inter_s2_direct,礼,lấy,礼,24,真,真,真,礼,eq,其,其,具,,True
M1_0265,stt4,page_0166,6,GOLD,s1_inter_s2_direct,麻,mà,麻,21,,,,麻,eq,任,体,偕,五,True
M1_0266,stt4,page_0188,7,GOLD,s1_inter_s2_direct,末,mất,末,48,末,末,末,末,eq,末,末,末,末,True
M1_0267,stt4,page_0202,8,GOLD,s1_inter_s2_direct,吏,lại,吏,55,,,,史,sub,吏,李,吏,,True
M1_0268,stt4,page_0174,2,GOLD,s1_inter_s2_direct,生,sinh,生,23,生,生,生,生,eq,生,生,生,生,True
M1_0269,stt4,page_0158,6,GOLD,s1_inter_s2_direct,巴,ba,巴,55,已,已,已,巴,eq,巴,巴,,,True
M1_0270,stt4,page_0238,6,GOLD,s1_inter_s2_direct,朱,cho,朱,12,半,半,半,朱,eq,干,,干,干,True
M1_0271,stt4,page_0162,3,GOLD,s1_inter_s2_direct,燒,theo,燒,16,裝,裝,裝,堎,sub,烧,烧,烧,,True
M1_0272,stt4,page_0266,2,GOLD,s1_inter_s2_direct,凜,lắm,凜,31,榮,榮,榮,凛,sub,,海,竹,竹,True
M1_0273,stt4,page_0020,7,GOLD,s1_inter_s2_direct,㝵,người,㝵,20,麻,麻,麻尋,哥,sub,麻,特,特,徲,True
M1_0274,stt4,page_0030,8,GOLD,s1_inter_s2_direct,連,lên,連,14,運,運,運,连,sub,连,连,堯,连,True
M1_0275,stt4,page_0050,7,GOLD,s1_inter_s2_direct,朱,cho,朱,12,朱,朱,朱飭,朱,eq,朱,朱,朱,朱,True
M1_0276,stt4,page_0118,8,GOLD,s1_inter_s2_direct,礼,lấy,礼,24,禮,禮,禮,礼,eq,礼,礼,祗,一,True
M1_0277,stt4,page_0236,8,GOLD,s1_inter_s2_direct,朱,cho,朱,12,朱,朱,朱,朱,eq,朱,朱,朱,未,True
M1_0278,stt4,page_0206,3,GOLD,s1_inter_s2_direct,徳,đức,徳,21,德,,,億,sub,王,王,王,王,True
M1_0279,stt4,page_0096,9,GOLD,s1_inter_s2_direct,徳,đức,徳,21,德,德,德弄,德,sub,德,不,丁,丌,True
M1_0280,stt4,page_0034,3,GOLD,s1_inter_s2_direct,麻,mà,麻,21,者,者,者,麻,eq,百,肯,苟,境,True
M1_0281,stt4,page_0280,4,GOLD,s1_inter_s2_direct,自,từ,自,52,自,自,自,自,eq,白,自,自,自,True
M1_0282,stt4,page_0048,9,GOLD,s1_inter_s2_direct,陶,đào,陶,67,陶,陶,陶,爾,sub,陶,淘,陶,阁,True
M1_0283,stt4,page_0220,1,GOLD,s1_inter_s2_direct,蜍,thờ,蜍,25,榮,榮,榮,,del,蜍,蜂,絲,境,True
M1_0284,stt4,page_0074,9,GOLD,s1_inter_s2_direct,施,thi,施,55,分,時,時分,施,eq,施,施,范,心,True
M1_0285,stt4,page_0044,8,GOLD,s1_inter_s2_direct,閉,bấy,閉,34,開,開,開,閔,sub,的,開,閉,,True
M1_0286,stt4,page_0062,6,GOLD,s1_inter_s2_direct,用,dòng,用,7,用,用,用,淵,sub,润,通,潤,,True
M1_0287,stt4,page_0056,1,GOLD,s1_inter_s2_direct,意,ấy,意,32,意,意,意,意,eq,于,于,寺,百,True
M1_0288,stt4,page_0110,1,GOLD,s1_inter_s2_direct,連,liền,連,29,爾,爾,爾,莲,sub,人,情,續,嵴,True
M1_0289,stt4,page_0216,5,GOLD,s1_inter_s2_direct,推,suy,推,24,麻,麻,麻推,推,eq,麻,庄,庄,一,True
M1_0290,stt4,page_0108,7,GOLD,s1_inter_s2_direct,多,đi,多,10,是,是,是,灸,sub,又,多,火,,True
M1_0291,stt4,page_0076,9,GOLD,s1_inter_s2_direct,朱,cho,朱,12,參,參,參,朱,eq,朱,主,第,立,True
M1_0292,stt4,page_0240,9,GOLD,s1_inter_s2_direct,連,lên,連,14,,,,重,sub,運,是,更,,True
M1_0293,stt4,page_0012,9,GOLD,s1_inter_s2_direct,麻,mà,麻,21,鬼,鬼,鬼,麻,eq,化,化,化,化,True
M1_0294,stt4,page_0190,4,GOLD,s1_inter_s2_direct,堵,đỏ,堵,30,堵,,,堵,eq,斗,牛,十,牛,True
M1_0295,stt4,page_0130,5,GOLD,s1_inter_s2_direct,破,phá,破,5,殿,,,敝,sub,也,也,也,峨,True
M1_0296,stt4,page_0038,6,GOLD,s1_inter_s2_direct,朱,cho,朱,12,,,,朱,eq,北,朱,朱,朱,True
M1_0297,stt4,page_0232,7,GOLD,s1_inter_s2_direct,德,đức,德,21,年,年,年,德,eq,年,年,年,年,True
M1_0298,stt4,page_0092,6,GOLD,s1_inter_s2_direct,末,mặt,末,20,末,末,末,末,eq,末,末,末,境,True
M1_0299,stt4,page_0212,1,GOLD,s1_inter_s2_direct,罢,bảy,罢,16,罢,罢,罢,罢,eq,芸,罢,罢,,True
M1_0300,stt4,page_0064,6,GOLD,s1_inter_s2_direct,畧,trước,畧,29,書,書,書,罞,sub,,,零,,True
M1_0301,stt4,page_0272,5,GOLD,s1_inter_s2_direct,時,thì,時,56,時,時,時些,時,eq,一,時,年,,True
M1_0302,stt4,page_0058,9,GOLD,s1_inter_s2_direct,德,đức,德,21,德,德,德,德,eq,愿,愿,德,,True
M1_0303,stt4,page_0274,6,GOLD,s1_inter_s2_direct,麻,mà,麻,21,尋,尋,尋,庠,sub,子,等,尊,,True
M1_0304,stt4,page_0120,7,GOLD,s1_inter_s2_direct,昆,con,昆,15,還,還,還,觅,sub,今,金,窓,,True
M1_0305,stt4,page_0234,8,GOLD,s1_inter_s2_direct,耒,ruồi,耒,4,來,來,來,耒,eq,未,来,来,未,True
M1_0306,stt4,page_0094,2,GOLD,s1_inter_s2_direct,徳,đức,徳,21,德,德,德,,del,中,您,僕,,True
M1_0307,stt4,page_0192,8,GOLD,s1_inter_s2_direct,固,có,固,15,看,看,看,因,sub,国,自,固,图,True
M1_0308,stt4,page_0016,9,GOLD,s1_inter_s2_direct,勸,khuyên,勸,9,訪,訪,訪,,del,动,,劲,,True
M1_0309,stt4,page_0296,3,GOLD,s1_inter_s2_direct,於,ở,於,20,於,於,於,於,eq,茶,茶,於,,True
M1_0310,stt4,page_0122,8,GOLD,s1_inter_s2_direct,几,kẻ,几,19,尋,,,几,eq,为,的,苟,力,True
M1_0311,stt4,page_0184,6,GOLD,s1_inter_s2_direct,呐,nói,呐,14,兩,故,故兩,呐,eq,呐,放,效,峨,True
M1_0312,stt4,page_0082,9,GOLD,s1_inter_s2_direct,事,sự,事,16,因,因,因,事,eq,恩,肉,閲,重,True
M1_0313,stt4,page_0102,6,GOLD,s1_inter_s2_direct,每,mọi,每,11,每,每,每,無,sub,每,每,每,,True
M1_0314,stt4,page_0150,9,GOLD,s1_inter_s2_direct,浪,răng,浪,16,辰,辰,辰,浪,eq,浪,浪,浪,,True
M1_0315,stt4,page_0210,8,GOLD,s1_inter_s2_direct,体,thấy,体,15,依,依,依,体,eq,阐,用,用,体,True
M1_0316,stt4,page_0264,6,GOLD,s1_inter_s2_direct,几,kẻ,几,19,凭,凭,凭,,del,几,几,几,次,True
M1_0317,stt4,page_0284,2,GOLD,s1_inter_s2_direct,礼,lạy,礼,16,祀,祀,祀,祉,sub,褪,礼,礼,境,True
M1_0318,stt4,page_0228,6,GOLD,s1_inter_s2_direct,連,liền,連,29,連,,,連,eq,恐,忌,忽,峦,True
M1_0319,stt4,page_0104,5,GOLD,s1_inter_s2_direct,除,giờ,除,14,涂,涂,涂,涂,sub,涂,涂,涂,,True
M1_0320,stt4,page_0242,6,GOLD,s1_inter_s2_direct,福,phúc,福,26,后,后,后,福,eq,福,福,福,出,True
M1_0321,stt4,page_0198,9,GOLD,s1_inter_s2_direct,意,ấy,意,32,尼,尼,尼,意,eq,破,磊,,兵,True
M1_0322,stt4,page_0252,5,GOLD,s1_inter_s2_direct,麻,mà,麻,21,少,少,少麻,麻,eq,五,麻,炉,庫,True
M1_0323,stt4,page_0136,8,GOLD,s1_inter_s2_direct,時,thì,時,56,時,時,時,呼,sub,部,味,一,,True
M1_0324,stt4,page_0142,6,GOLD,s1_inter_s2_direct,与,dữ,与,36,本,,,柴,sub,李,生,李,華,True
M1_0325,stt4,page_0204,6,GOLD,s1_inter_s2_direct,奇,cả,奇,11,采,,,奇,eq,七,主,木,𠕃,True
M1_0326,stt4,page_0046,9,GOLD,s1_inter_s2_direct,仍,những,仍,8,仍,仍,仍,忆,sub,,,行,忆,True
M1_0327,stt4,page_0026,5,GOLD,s1_inter_s2_direct,罪,tội,罪,7,稱,稱,稱,潀,sub,秋,称,称,一,True
M1_0328,stt4,page_0080,3,GOLD,s1_inter_s2_direct,守,thủ,守,22,守,守,守,字,sub,字,字,守,字,True
M1_0329,stt4,page_0224,6,GOLD,s1_inter_s2_direct,扒,bắt,扒,17,千,千,千,扣,sub,八,,一,,True
M1_0330,stt4,page_0014,5,GOLD,s1_inter_s2_direct,主,chúa,主,2,德,德,德,主,eq,愿,学,德,士,True
M1_0331,stt4,page_0170,8,GOLD,s1_inter_s2_direct,安,an,安,89,安,安,安,,del,安,安,安,安,True
M1_0332,stt4,page_0302,2,GOLD,s1_inter_s2_direct,庄,chẳng,庄,36,庄,庄,庄,庄,eq,八,庄,八,庄,True
M1_0333,stt4,page_0298,8,GOLD,s1_inter_s2_direct,拮,cất,拮,8,拔,拔,拔,括,sub,挖,技,捎,,True
M1_0334,stt4,page_0154,7,GOLD,s1_inter_s2_direct,衣,y,衣,59,衣,衣,衣,衣,eq,衣,衣,衣,征,True
M1_0335,stt4,page_0178,3,GOLD,s1_inter_s2_direct,座,tòa,座,9,座,座,座,座,eq,座,座,座,王,True
M1_0336,stt4,page_0208,9,GOLD,s1_inter_s2_direct,主,chúa,主,2,主,主,主,主,eq,主,主,主,,True
M1_0337,stt4,page_0052,7,GOLD,s1_inter_s2_direct,别,biết,别,30,別,別,別,别,eq,别,别,别,别,True
M1_0338,stt4,page_0282,3,GOLD,s1_inter_s2_direct,於,ở,於,20,於,於,於是,,del,於,於,於,,True
M1_0339,stt4,page_0270,2,GOLD,s1_inter_s2_direct,蓮,trên,蓮,9,尋,尋,尋,堇,sub,字,寻,寻,,True
M1_0340,stt4,page_0040,8,GOLD,s1_inter_s2_direct,意,ấy,意,32,,,,意,eq,千,干,十,犭,True
M1_0341,stt4,page_0244,8,GOLD,s1_inter_s2_direct,麻,mà,麻,21,年,年,年,庠,sub,在,奔,奔,,True
M1_0342,stt4,page_0116,4,GOLD,s1_inter_s2_direct,庫,khó,庫,13,庫,庫,庫,牵,sub,半,学,年,五,True
M1_0343,stt4,page_0024,4,GOLD,s1_inter_s2_direct,物,vật,物,13,物,物,物,物,eq,物,物,物,物,True
M1_0344,stt4,page_0294,4,GOLD,s1_inter_s2_direct,共,cung,共,37,共,,,丕,sub,御,仰,印,式,True
M1_0345,stt4,page_0084,2,GOLD,s1_inter_s2_direct,於,ở,於,20,於,於,於,,del,於,参,於,,True
M1_0346,stt4,page_0028,5,GOLD,s1_inter_s2_direct,尼,này,尼,16,尼,,,尼,eq,王,王,王,王,True
M1_0347,stt4,page_0292,7,GOLD,s1_inter_s2_direct,女,nữ,女,15,女,女,女,女,eq,女,女,女,交,True
M1_0348,stt4,page_0182,2,GOLD,s1_inter_s2_direct,連,liền,連,29,連,連,連,建,sub,,重,連,莲,True
M1_0349,stt4,page_0060,9,GOLD,s1_inter_s2_direct,㝵,người,㝵,20,尋,尋,尋,,del,寻,寻,导,,True
M1_0350,stt4,page_0078,4,GOLD,s1_inter_s2_direct,之,gì,之,16,之,之,之,之,eq,之,之,之,,True
M1_0351,stt4,page_0246,5,GOLD,s1_inter_s2_direct,恩,ơn,恩,3,極,極,極,恩,eq,逆,限,頌,県,True
M1_0352,stt4,page_0068,3,GOLD,s1_inter_s2_direct,蜍,thờ,蜍,25,餘,餘,餘,蜂,sub,餘,蜂,絲,蜂,True
M1_0353,stt4,page_0112,4,GOLD,s1_inter_s2_direct,連,liền,連,29,連,連,連,建,sub,連,連,連,遅,True
M1_0354,stt4,page_0098,6,GOLD,s1_inter_s2_direct,旦,đến,旦,21,旦,旦,旦多,丑,sub,文,,九,,True
M1_0355,stt4,page_0022,7,GOLD,s1_inter_s2_direct,時,thì,時,56,意,意,意,時,eq,这,欲,忿,𠀁,True
M1_0356,stt4,page_0088,8,GOLD,s1_inter_s2_direct,意,ấy,意,32,詳,詳,詳,恩,sub,论,恩,思,旧,True
M1_0357,stt4,page_0286,1,GOLD,s1_inter_s2_direct,呐,nói,呐,14,內,內,內,呐,eq,内,内,内,峨,True
M1_0358,stt4,page_0054,3,GOLD,s1_inter_s2_direct,浪,rằng,浪,12,綵,綵,綵,恨,sub,练,臻,练,,True
M1_0359,stt4,page_0196,7,GOLD,s1_inter_s2_direct,棱,rừng,棱,9,多,多,多,棱,eq,凌,梦,楊,境,True
M1_0360,stt4,page_0066,1,GOLD,s1_inter_s2_direct,察,xét,察,7,察,察,察,察,eq,察,察,察,象,True
M1_0361,stt4,page_0262,2,GOLD,s1_inter_s2_direct,碎,tôi,碎,17,碑,碑,碑,碎,eq,碎,碎,碎,,True
M1_0362,stt4,page_0032,5,GOLD,s1_inter_s2_direct,体,thấy,体,15,除,除,除,休,sub,除,除,涂,体,True
M1_0363,stt4,page_0152,2,GOLD,s1_inter_s2_direct,朱,cho,朱,12,朱,朱,朱,朱,eq,牛,朱,牛,朱,True
M1_0364,stt4,page_0268,2,GOLD,s1_inter_s2_direct,些,ta,些,55,起,起,起,也,sub,,,二,二,True
M1_0365,stt4,page_0144,3,GOLD,s1_inter_s2_direct,壮,trắng,壮,10,壯,壯,壯,水,sub,,,示,,True
M1_0366,stt4,page_0090,5,GOLD,s1_inter_s2_direct,共,cùng,共,44,其,其,其,共,eq,三,,其,,True
M1_0367,stt4,page_0194,8,GOLD,s1_inter_s2_direct,重,trọng,重,15,重,重,重,重,eq,重,重,奎,重,True
M1_0368,stt4,page_0042,1,GOLD,s1_inter_s2_direct,庫,khó,庫,13,庫,,,之,sub,與,的,宅,席,True
M1_0369,stt4,page_0290,1,GOLD,s1_inter_s2_direct,亊,sự,亊,16,每,每,每,蛮,sub,安,每,每,亦,True
M1_0370,stt4,page_0278,1,GOLD,s1_inter_s2_direct,特,được,特,21,特,特,特,特,eq,特,特,特,待,True
M1_0371,stt4,page_0070,3,GOLD,s1_inter_s2_direct,稽,ghê,稽,19,稽,稽,稽,琶,sub,,稽,,,True
M1_0372,stt4,page_0260,9,GOLD,s1_inter_s2_direct,慢,mượn,慢,10,,慢,慢,慢,eq,之,学,更,讼,True
M1_0373,stt4,page_0250,3,GOLD,s1_inter_s2_direct,翁,ông,翁,17,業,業,業,翁,eq,草,華,葉,崬,True
M1_0374,stt4,page_0132,4,GOLD,s1_inter_s2_direct,於,nước,於,13,翁,翁,翁,於,eq,代,花,七,懷,True
M1_0375,stt4,page_0072,8,GOLD,s1_inter_s2_direct,几,kẻ,几,19,几,,,几,eq,儿,兄,九,义,True
M1_0376,stt4,page_0164,2,GOLD,s1_inter_s2_direct,左,tả,左,24,主,主,主,,del,左,左,左,曰,True
M1_0377,stt4,page_0254,6,GOLD,s1_inter_s2_direct,朱,cho,朱,12,朱,朱,朱,朱,eq,朱,朱,朱,朱,True
M1_0378,stt4,page_0218,2,GOLD,s1_inter_s2_direct,秋,su,秋,11,厥,厥,厥,耿,sub,八,秋,炊,,True
M1_0379,stt4,page_0100,6,GOLD,s1_inter_s2_direct,意,ấy,意,32,意,意,意,意,eq,意,意,意,,True
M1_0380,stt4,page_0288,3,GOLD,s1_inter_s2_direct,固,có,固,15,固,固,固,图,sub,國,同,合,図,True
M1_0381,stt4,page_0300,8,GOLD,s1_inter_s2_direct,意,ấy,意,32,爾,爾,爾,惪,sub,刺,侧,例,例,True
M1_0382,stt4,page_0214,1,GOLD,s1_inter_s2_direct,畧,trước,畧,29,畧,畧,畧,罢,sub,在,零,塞,尬,True
M1_0383,stt4,page_0114,9,GOLD,s1_inter_s2_direct,年,nên,年,21,部,部,部,年,eq,列,,却,年,True
M1_0384,stt4,page_0256,3,GOLD,s1_inter_s2_direct,女,nữ,女,15,女,女,女,文,sub,女,女,文,,True
M1_0385,stt4,page_0304,8,GOLD,s1_inter_s2_direct,事,sự,事,16,浪,浪,浪,事,eq,底,低,低,事,True
M1_0386,stt4,page_0176,9,GOLD,s1_inter_s2_direct,事,sự,事,16,事,事,事,,del,事,事,害,,True
M1_0387,stt4,page_0148,5,GOLD,s1_inter_s2_direct,意,ấy,意,32,意,,,意,eq,一,一,壹,,True
M1_0388,stt4,page_0222,4,GOLD,s1_inter_s2_direct,連,trên,連,9,蓮,蓮,蓮,,del,運,五,李,連,True
M1_0389,stt4,page_0160,7,GOLD,s1_inter_s2_direct,如,như,如,16,朱,朱,朱松,拟,sub,知,众,朱,朱,True
M1_0390,stt4,page_0258,4,GOLD,s1_inter_s2_direct,主,chúa,主,2,主,主,主,主,eq,主,主,玉,一,True
M1_0391,stt4,page_0086,7,GOLD,s1_inter_s2_direct,浪,rằng,浪,12,展,展,展,瀧,sub,交,源,火,文,True
M1_0392,stt4,page_0186,5,GOLD,s1_inter_s2_direct,南,năm,南,19,有,有,有,帝,sub,华,,年,,True
M1_0393,stt4,page_0276,7,GOLD,s1_inter_s2_direct,体,thấy,体,15,体,体,体,体,eq,体,体,体,体,True
M1_0394,stt4,page_0230,6,GOLD,s1_inter_s2_direct,眉,mày,眉,24,眉,眉,眉,,del,公,眉,局,角,True
M1_0395,stt4,page_0140,3,GOLD,s1_inter_s2_direct,欺,khi,欺,31,歌,歌,歌,歇,sub,欺,歌,欺,言,True
M1_0396,stt4,page_0018,8,GOLD,s1_inter_s2_direct,棱,rừng,棱,9,事,事,事,樓,sub,选,连,连,尬,True
M1_0397,stt4,page_0248,6,GOLD,s1_inter_s2_direct,爲,vì,爲,7,,,,售,sub,中,,个,,True
M1_0398,stt4,page_0036,2,GOLD,s1_inter_s2_direct,麻,mà,麻,21,麻,麻,麻,床,sub,麻,年,库,库,True
M1_0399,stt4,page_0200,1,GOLD,s1_inter_s2_direct,意,ấy,意,32,意,意,意,意,eq,慧,意,意,本,True
M1_0400,stt11,page_0176,3,GOLD,s1_inter_s2_direct,楼,lâu,楼,82,樓,樓,樓,棲,sub,楼,楼,棲,楼,True
M1_0401,stt11,page_0086,5,GOLD,s1_inter_s2_direct,天,thiên,天,94,天,天,天,天,eq,八,天,天,一,True
M1_0402,stt11,page_0288,7,GOLD,s1_inter_s2_direct,極,cực,極,12,極,極,極,極,eq,也,極,極,遜,True
M1_0403,stt11,page_0228,3,GOLD,s1_inter_s2_direct,事,sự,事,16,事,事,事,載,sub,李,李,一,,True
M1_0404,stt11,page_0186,5,GOLD,s1_inter_s2_direct,竺,trúc,竺,21,竺,竺,竺,竺,eq,,答,等,心,True
M1_0405,stt11,page_0044,1,GOLD,s1_inter_s2_direct,時,thì,時,56,時,生,生時,時,eq,時,時,時,,True
M1_0406,stt11,page_0010_p0220,4,GOLD,s1_inter_s2_direct,哭,khóc,哭,8,人,人,人哭,哭,eq,民,哭,认,,True
M1_0407,stt11,page_0164,1,GOLD,s1_inter_s2_direct,垩,thánh,垩,33,垂,垂,垂,至,sub,垩,呈,攻,歪,True
M1_0408,stt11,page_0254,2,GOLD,s1_inter_s2_direct,平,bằng,平,44,平,平,平,平,eq,六,干,年,上,True
M1_0409,stt11,page_0070,8,GOLD,s1_inter_s2_direct,麻,mà,麻,21,麻,麻,麻,麻,eq,森,下,王,峨,True
M1_0410,stt11,page_0140,9,GOLD,s1_inter_s2_direct,尋,tìm,尋,11,尋,尋,尋,寻,sub,,寻,墨,一,True
M1_0411,stt11,page_0286,2,GOLD,s1_inter_s2_direct,時,thì,時,56,時,時,時,,del,,時,特,,True
M1_0412,stt11,page_0116,4,GOLD,s1_inter_s2_direct,奴,nó,奴,6,奴,奴,奴,,del,仅,奴,奴,一,True
M1_0413,stt11,page_0256,1,GOLD,s1_inter_s2_direct,把,bà,把,36,把,把,把,,del,地,地,地,境,True
M1_0414,stt11,page_0192,2,GOLD,s1_inter_s2_direct,別,biết,別,30,則,生,生,別,eq,,分,引,例,True
M1_0415,stt11,page_0104,6,GOLD,s1_inter_s2_direct,之,gì,之,16,之,之,之,之,eq,之,之,之,,True
M1_0416,stt11,page_0014,4,GOLD,s1_inter_s2_direct,德,đức,德,21,旦,旦,旦,德,eq,旦,旦,旦,遠,True
M1_0417,stt11,page_0030,2,GOLD,s1_inter_s2_direct,官,quan,官,80,官,官,官,信,sub,信,信,信,,True
M1_0418,stt11,page_0010,2,GOLD,s1_inter_s2_direct,重,trọng,重,15,重,重,重,重,eq,重,重,重,,True
M1_0419,stt11,page_0224,3,GOLD,s1_inter_s2_direct,塊,khỏi,塊,3,塊,塊,塊,,del,地,地,想,,True
M1_0420,stt11,page_0272,6,GOLD,s1_inter_s2_direct,吶,nói,吶,14,除,除,除,咱,sub,泽,孕,漆,降,True
M1_0421,stt11,page_0072,1,GOLD,s1_inter_s2_direct,共,cùng,共,44,共,共,共,,del,犀,牛,伴,,True
M1_0422,stt11,page_0094,6,GOLD,s1_inter_s2_direct,垩,thánh,垩,33,垂,垂,垂,歪,sub,口,芒,坐,位,True
M1_0423,stt11,page_0172,7,GOLD,s1_inter_s2_direct,麻,mà,麻,21,來,來,來,麻,eq,麻,麻,森,,True
M1_0424,stt11,page_0266,1,GOLD,s1_inter_s2_direct,道,đạo,道,40,道,道,道,道,eq,道,道,通,,True
M1_0425,stt11,page_0162,9,GOLD,s1_inter_s2_direct,代,đời,代,7,代,代,代,代,eq,代,代,代,代,True
M1_0426,stt11,page_0056,4,GOLD,s1_inter_s2_direct,姊,chị,姊,8,佈,佈,佈,,del,婦,饰,饰,,True
M1_0427,stt11,page_0026,7,GOLD,s1_inter_s2_direct,礼,lễ,礼,22,礼,礼,礼,礼,eq,礼,礼,礼,,True
M1_0428,stt11,page_0208,7,GOLD,s1_inter_s2_direct,伴,bạn,伴,27,伴,伴,伴,伴,eq,伴,件,伴,叶,True
M1_0429,stt11,page_0222,8,GOLD,s1_inter_s2_direct,庫,khó,庫,13,庫,庫,庫,庫,eq,庫,用,毕,伴,True
M1_0430,stt11,page_0268,6,GOLD,s1_inter_s2_direct,沫,mắt,沫,11,沫,送,送,沫,eq,处,必,必,沫,True
M1_0431,stt11,page_0138,4,GOLD,s1_inter_s2_direct,牢,sao,牢,105,,,,牢,eq,年,今,年,年,True
M1_0432,stt11,page_0180,7,GOLD,s1_inter_s2_direct,裊,nếu,裊,14,,,,袋,sub,食,食,爻,,True
M1_0433,stt11,page_0098,3,GOLD,s1_inter_s2_direct,女,nữ,女,15,女,女,女,女,eq,子,专,,,True
M1_0434,stt11,page_0226,7,GOLD,s1_inter_s2_direct,年,nên,年,21,年,年,年,年,eq,年,年,年,年,True
M1_0435,stt11,page_0128,7,GOLD,s1_inter_s2_direct,包,vào,包,28,包,包,包,包,eq,包,包,包,,True
M1_0436,stt11,page_0234,7,GOLD,s1_inter_s2_direct,保,bảo,保,64,保,保,保,保,eq,保,保,保,,True
M1_0437,stt11,page_0166,7,GOLD,s1_inter_s2_direct,些,ta,些,55,尋,尋,尋些,些,eq,母,号,等,,True
M1_0438,stt11,page_0076,6,GOLD,s1_inter_s2_direct,為,vi,為,64,為,為,為,為,eq,為,学,业,,True
M1_0439,stt11,page_0220,5,GOLD,s1_inter_s2_direct,宜,nghe,宜,24,直,直,直,宣,sub,宣,直,,山,True
M1_0440,stt11,page_0298,2,GOLD,s1_inter_s2_direct,昆,con,昆,15,留,留,留,,del,内,因,内,峨,True
M1_0441,stt11,page_0032,6,GOLD,s1_inter_s2_direct,㪯,cửa,㪯,31,奉,奉,奉,奉,sub,奉,举,奉,峨,True
M1_0442,stt11,page_0188,7,GOLD,s1_inter_s2_direct,丕,vậy,丕,8,丕,丕,丕向,正,sub,不,心,不,,True
M1_0443,stt11,page_0242,6,GOLD,s1_inter_s2_direct,生,sinh,生,23,生,生,生,生,eq,生,生,生,生,True
M1_0444,stt11,page_0218,1,GOLD,s1_inter_s2_direct,特,được,特,21,掩,掩,掩,特,eq,,,伈,峙,True
M1_0445,stt11,page_0118,4,GOLD,s1_inter_s2_direct,浪,rằng,浪,12,浪,浪,浪,浪,eq,暖,浪,渡,,True
M1_0446,stt11,page_0148,1,GOLD,s1_inter_s2_direct,矯,kẻo,矯,12,矯,矯,矯,鶭,sub,矯,矯,愆,,True
M1_0447,stt11,page_0168,1,GOLD,s1_inter_s2_direct,連,trên,連,9,連,連,連,連,eq,連,運,漣,,True
M1_0448,stt11,page_0106,7,GOLD,s1_inter_s2_direct,碎,tôi,碎,17,碎,碎,碎,碎,eq,碎,碎,死,,True
M1_0449,stt11,page_0202,9,GOLD,s1_inter_s2_direct,烏,ô,烏,53,欺,欺,欺,島,sub,烏,烏,烏,汉,True
M1_0450,stt11,page_0078,5,GOLD,s1_inter_s2_direct,奴,nó,奴,6,奴,奴,奴,奴,eq,奴,发,奴,,True
M1_0451,stt11,page_0270,5,GOLD,s1_inter_s2_direct,譬,thí,譬,41,,,,警,sub,些,些,注,,True
M1_0452,stt11,page_0206,8,GOLD,s1_inter_s2_direct,中,trong,中,52,中,中,中,中,eq,中,中,中,,True
M1_0453,stt11,page_0232,1,GOLD,s1_inter_s2_direct,中,trong,中,52,中,中,中,中,eq,中,中,中,中,True
M1_0454,stt11,page_0046,8,GOLD,s1_inter_s2_direct,秋,su,秋,11,當,當,當,狄,sub,連,连,扒,遠,True
M1_0455,stt11,page_0292,4,GOLD,s1_inter_s2_direct,明,mừng,明,16,明,明,明,明,eq,明,明,明,明,True
M1_0456,stt11,page_0134,9,GOLD,s1_inter_s2_direct,時,thì,時,56,時,時,時,時,eq,特,特,特,,True
M1_0457,stt11,page_0194,7,GOLD,s1_inter_s2_direct,役,việc,役,12,役,役,役,,del,没,没,设,,True
M1_0458,stt11,page_0010_p0028,9,GOLD,s1_inter_s2_direct,城,thành,城,13,,,,,nocol,域,城,试,域,True
M1_0459,stt11,page_0080,5,GOLD,s1_inter_s2_direct,時,thì,時,56,時,時,時無,時,eq,無,典,共,,True
M1_0460,stt11,page_0016,6,GOLD,s1_inter_s2_direct,麻,mà,麻,21,各,各,各,麻,eq,逆,边,业,庥,True
M1_0461,stt11,page_0262,3,GOLD,s1_inter_s2_direct,支,giê,支,9,支,支,支,支,eq,支,支,支,一,True
M1_0462,stt11,page_0130,1,GOLD,s1_inter_s2_direct,秋,su,秋,11,秋,秋,秋避,秋,eq,秋,补,私,瀚,True
M1_0463,stt11,page_0258,6,GOLD,s1_inter_s2_direct,庒,chăng,庒,26,共,共,共,走,sub,女,共,共,,True
M1_0464,stt11,page_0160,9,GOLD,s1_inter_s2_direct,庒,chăng,庒,26,庄,庄,庄,庄,sub,,庄,庄,,True
M1_0465,stt11,page_0114,1,GOLD,s1_inter_s2_direct,之,giây,之,7,之,之,之,之,eq,人,人,之,答,True
M1_0466,stt11,page_0068,6,GOLD,s1_inter_s2_direct,安,ăn,安,6,安,安,安,安,eq,安,安,安,,True
M1_0467,stt11,page_0154,4,GOLD,s1_inter_s2_direct,㝵,người,㝵,20,旱,旱,旱,,del,寻,早,旱,,True
M1_0468,stt11,page_0182,5,GOLD,s1_inter_s2_direct,煩,phiền,煩,29,煩,煩,煩,煩,eq,想,煤,入,峨,True
M1_0469,stt11,page_0178,1,GOLD,s1_inter_s2_direct,嗔,xin,嗔,8,與,與,與,真,sub,真,奠,宴,,True
M1_0470,stt11,page_0212,3,GOLD,s1_inter_s2_direct,各,các,各,21,各,各,各,各,eq,答,谷,答,答,True
M1_0471,stt11,page_0050,7,GOLD,s1_inter_s2_direct,事,sự,事,16,事,事,事,事,eq,事,事,事,,True
M1_0472,stt11,page_0022,8,GOLD,s1_inter_s2_direct,尼,nơi,尼,13,翁,翁,翁,尼,eq,尼,,心,,True
M1_0473,stt11,page_0274,7,GOLD,s1_inter_s2_direct,古,của,古,8,別,別,別,古,eq,,,乾,六,True
M1_0474,stt11,page_0264,6,GOLD,s1_inter_s2_direct,袄,áo,袄,43,執,點,點,黠,sub,胡,热,感,社,True
M1_0475,stt11,page_0064,4,GOLD,s1_inter_s2_direct,約,ước,約,14,約,約,約,約,eq,約,約,約,的,True
M1_0476,stt11,page_0216,1,GOLD,s1_inter_s2_direct,葩,pha,葩,29,苑,苑,苑,,del,苑,苑,苑,,True
M1_0477,stt11,page_0028,2,GOLD,s1_inter_s2_direct,灵,linh,灵,129,灵,灵,灵,,del,是,灵,灵,,True
M1_0478,stt11,page_0236,6,GOLD,s1_inter_s2_direct,昆,con,昆,15,昆,昆,昆,是,sub,昆,昆,昆,,True
M1_0479,stt11,page_0126,1,GOLD,s1_inter_s2_direct,城,thành,城,13,城,城,城,城,eq,城,城,坛,心,True
M1_0480,stt11,page_0146,7,GOLD,s1_inter_s2_direct,㐌,đã,㐌,16,色,色,色,匝,sub,,白,匀,,True
M1_0481,stt11,page_0110,4,GOLD,s1_inter_s2_direct,庒,chăng,庒,26,發,發,發,庄,sub,发,悠,敬,一,True
M1_0482,stt11,page_0240,8,GOLD,s1_inter_s2_direct,該,cai,該,25,該,該,該,该,sub,鼓,战,該,,True
M1_0483,stt11,page_0012,6,GOLD,s1_inter_s2_direct,先,tên,先,29,先,先,先,先,eq,先,先,先,,True
M1_0484,stt11,page_0100,2,GOLD,s1_inter_s2_direct,垩,thánh,垩,33,各,,,垩,eq,今,全,合,,True
M1_0485,stt11,page_0276,8,GOLD,s1_inter_s2_direct,体,thấy,体,15,体,体,体,,del,体,体,体,体,True
M1_0486,stt11,page_0024,1,GOLD,s1_inter_s2_direct,庒,chăng,庒,26,在,在,在,庄,sub,庄,应,庄,庄,True
M1_0487,stt11,page_0170,9,GOLD,s1_inter_s2_direct,逐,giục,逐,12,豚,豚,豚,逐,eq,八,派,一,派,True
M1_0488,stt11,page_0020,2,GOLD,s1_inter_s2_direct,朱,cho,朱,12,朱,朱,朱,朱,eq,朱,朱,朱,一,True
M1_0489,stt11,page_0018,4,GOLD,s1_inter_s2_direct,𠇮,mình,𠇮,12,命,命,命,份,sub,金,命,竹,,True
M1_0490,stt11,page_0088,7,GOLD,s1_inter_s2_direct,麻,mà,麻,21,化,化,化,麻,eq,麻,麻,欣,,True
M1_0491,stt11,page_0214,3,GOLD,s1_inter_s2_direct,体,thấy,体,15,体,体,体,体,eq,体,日,体,体,True
M1_0492,stt11,page_0132,6,GOLD,s1_inter_s2_direct,畏,úi,畏,7,畏,,,喂,sub,,,澤,一,True
M1_0493,stt11,page_0210,1,GOLD,s1_inter_s2_direct,丕,vậy,丕,8,丕,丕,丕,則,sub,,,,,True
M1_0494,stt11,page_0278,4,GOLD,s1_inter_s2_direct,極,cực,極,12,事,事,事,拯,sub,要,争,第,峨,True
M1_0495,stt11,page_0246,1,GOLD,s1_inter_s2_direct,浪,rằng,浪,12,浪,浪,浪,浪,eq,浪,浪,寝,,True
M1_0496,stt11,page_0294,3,GOLD,s1_inter_s2_direct,時,thì,時,56,時,時,時,,del,時,時,特,,True
M1_0497,stt11,page_0074,4,GOLD,s1_inter_s2_direct,本,bốn,本,12,本,本,本,本,eq,本,茶,李,峨,True
M1_0498,stt11,page_0112,5,GOLD,s1_inter_s2_direct,庒,chăng,庒,26,庄,儿,儿,庄,sub,庄,庄,座,峪,True
M1_0499,stt11,page_0204,5,GOLD,s1_inter_s2_direct,外,ngoài,外,4,外,皮,皮,外,eq,友,发,故,外,True
M1_0500,stt11,page_0200,9,GOLD,s1_inter_s2_direct,麻,mà,麻,21,,,,麻,eq,板,成,应,底,True
M1_0501,stt11,page_0244,4,GOLD,s1_inter_s2_direct,神,thần,神,44,神,神,神,神,eq,神,神,神,,True
M1_0502,stt11,page_0062,4,GOLD,s1_inter_s2_direct,尼,này,尼,16,尼,尼,尼,尼,eq,土,老,志,,True
M1_0503,stt11,page_0174,1,GOLD,s1_inter_s2_direct,黙,mặc,黙,25,點,,,點,sub,鼓,腰,男,點,True
M1_0504,stt11,page_0252,9,GOLD,s1_inter_s2_direct,蜍,thờ,蜍,25,按,,,蟐,sub,,城,大,,True
M1_0505,stt11,page_0198,9,GOLD,s1_inter_s2_direct,体,thấy,体,15,,,,休,sub,体,体,体,体,True
M1_0506,stt11,page_0260,8,GOLD,s1_inter_s2_direct,麻,mà,麻,21,虧,虧,虧,麻,eq,麻,麻,一,一,True
M1_0507,stt11,page_0042,9,GOLD,s1_inter_s2_direct,想,tưởng,想,18,特,特,特,想,eq,特,特,牛,犄,True
M1_0508,stt11,page_0158,6,GOLD,s1_inter_s2_direct,年,nên,年,21,年,年,年,年,eq,十,年,十,年,True
M1_0509,stt11,page_0190,8,GOLD,s1_inter_s2_direct,種,giống,種,24,骨,骨,骨,種,eq,硬,種,百,種,True
M1_0510,stt11,page_0248,5,GOLD,s1_inter_s2_direct,時,thì,時,56,時,時,時,,del,特,特,特,境,True
M1_0511,stt11,page_0280,2,GOLD,s1_inter_s2_direct,坦,đất,坦,7,坦,坦,坦,坦,eq,食,坦,旭,,True
M1_0512,stt11,page_0122,1,GOLD,s1_inter_s2_direct,呐,nói,呐,14,明,明,明,响,sub,呐,啊,内,峪,True
M1_0513,stt11,page_0052,8,GOLD,s1_inter_s2_direct,恪,khác,恪,11,恪,恪,恪,恪,eq,重,主,黄,,True
M1_0514,stt11,page_0250,5,GOLD,s1_inter_s2_direct,天,thiên,天,94,庫,庫,庫,天,eq,添,罪,罪,一,True
M1_0515,stt11,page_0142,7,GOLD,s1_inter_s2_direct,烏,ô,烏,53,烏,烏,烏,,del,反,故,戌,,True
M1_0516,stt11,page_0054,2,GOLD,s1_inter_s2_direct,油,dù,油,16,油,油,油,油,eq,油,油,油,,True
M1_0517,stt11,page_0296,7,GOLD,s1_inter_s2_direct,保,bảo,保,64,辰,辰,辰保,保,eq,恐,瓜,坐,保,True
M1_0518,stt11,page_0090,9,GOLD,s1_inter_s2_direct,黄,vàng,黄,26,黃,黃,黃,黄,eq,楚,黄,葱,,True
M1_0519,stt11,page_0150,9,GOLD,s1_inter_s2_direct,仍,những,仍,8,仍,仍,仍,仍,eq,仍,,,,True
M1_0520,stt11,page_0048,6,GOLD,s1_inter_s2_direct,時,thì,時,56,時,時,時,時,eq,時,時,時,一,True
M1_0521,stt11,page_0120,3,GOLD,s1_inter_s2_direct,离,le,离,15,俸,俸,俸,,del,离,离,葛,离,True
M1_0522,stt11,page_0284,4,GOLD,s1_inter_s2_direct,巴,ba,巴,55,勝,勝,勝,巴,eq,四,巴,世,,True
M1_0523,stt11,page_0144,2,GOLD,s1_inter_s2_direct,安,an,安,89,安,安,安,安,eq,安,安,安,安,True
M1_0524,stt11,page_0152,3,GOLD,s1_inter_s2_direct,別,biết,別,30,別,別,別,別,eq,别,别,别,别,True
M1_0525,stt11,page_0096,9,GOLD,s1_inter_s2_direct,召,chịu,召,8,召,,,,del,口,地,,,True
M1_0526,stt11,page_0238,2,GOLD,s1_inter_s2_direct,天,thiên,天,94,天,天,天,天,eq,天,天,天,,True
M1_0527,stt11,page_0156,6,GOLD,s1_inter_s2_direct,所,sửa,所,19,由,由,由,当,sub,西,的,,,True
M1_0528,stt11,page_0040,7,GOLD,s1_inter_s2_direct,意,ý,意,43,意,意,意,意,eq,总,意,意,,True
M1_0529,stt11,page_0092,3,GOLD,s1_inter_s2_direct,塊,khỏi,塊,3,塊,塊,塊,塊,eq,地,增,塊,,True
M1_0530,stt11,page_0036,2,GOLD,s1_inter_s2_direct,仍,nhưng,仍,12,仍,仍,仍,仍,eq,仍,仍,仍,,True
M1_0531,stt11,page_0058,7,GOLD,s1_inter_s2_direct,亘,cứng,亘,28,互,互,互,互,sub,豆,直,,,True
M1_0532,stt11,page_0124,4,GOLD,s1_inter_s2_direct,葩,pha,葩,29,垂,垂,垂,苑,sub,王,品,芝,,True
M1_0533,stt11,page_0102,3,GOLD,s1_inter_s2_direct,离,le,离,15,留,留,留,离,eq,离,西,离,工,True
M1_0534,stt11,page_0108,5,GOLD,s1_inter_s2_direct,固,có,固,15,固,固,固,固,eq,同,因,固,,True
M1_0535,stt11,page_0034,2,GOLD,s1_inter_s2_direct,些,ta,些,55,,,,些,eq,事,此,于,此,True
M1_0536,stt11,page_0282,7,GOLD,s1_inter_s2_direct,時,thì,時,56,丕,時,時,時,eq,上,上,特,時,True
M1_0537,stt11,page_0184,2,GOLD,s1_inter_s2_direct,之,gì,之,16,之,,,之,eq,之,之,之,,True
M1_0538,stt11,page_0060,3,GOLD,s1_inter_s2_direct,朱,cho,朱,12,朱,朱,朱,朱,eq,宋,宋,筞,,True
M1_0539,stt11,page_0066,2,GOLD,s1_inter_s2_direct,茹,nhà,茹,19,茹,茹,茹,苑,sub,,,,,True
M1_0540,stt11,page_0196,6,GOLD,s1_inter_s2_direct,補,bỏ,補,18,補,補,補,補,eq,補,希,神,七,True
M1_0541,stt11,page_0290,9,GOLD,s1_inter_s2_direct,燒,nhau,燒,25,燒,燒,燒奸,淹,sub,港,烧,凭,,True
M1_0542,stt11,page_0136,4,GOLD,s1_inter_s2_direct,時,thì,時,56,時,時,時,時,eq,特,特,特,峙,True
M1_0543,stt11,page_0176,3,GOLD,s1_inter_s2_direct,役,việc,役,12,役,役,役,役,eq,伐,夜,役,一,True
M1_0544,stt11,page_0086,1,GOLD,s1_inter_s2_direct,朱,cho,朱,12,朱,朱,朱,朱,eq,八,朱,朱,朱,True
M1_0545,stt11,page_0288,2,GOLD,s1_inter_s2_direct,詐,trá,詐,35,詐,詐,詐,対,sub,詐,琵,詠,,True
M1_0546,stt11,page_0228,1,GOLD,s1_inter_s2_direct,時,thì,時,56,時,時,時宜,時,eq,時,写,自,時,True
M1_0547,stt11,page_0186,4,GOLD,s1_inter_s2_direct,時,thì,時,56,時,時,時,,del,聘,时,時,一,True
M1_0548,stt11,page_0044,1,GOLD,s1_inter_s2_direct,除,giờ,除,14,除,除,除,隊,sub,除,除,梁,,True
M1_0549,stt11,page_0010_p0220,7,GOLD,s1_inter_s2_direct,碎,tôi,碎,17,碎,碎,碎,辞,sub,碎,碎,碎,峰,True
M1_0550,stt11,page_0164,5,GOLD,s1_inter_s2_direct,爲,vì,爲,7,為,,,為,sub,泊,周,馬,遠,True
M1_0551,stt11,page_0254,9,GOLD,s1_inter_s2_direct,断,đoạn,断,35,斷,斷,斷,斷,sub,断,新,断,,True
M1_0552,stt11,page_0070,1,GOLD,s1_inter_s2_direct,生,sinh,生,23,生,生,生,生,eq,生,生,生,生,True
M1_0553,stt11,page_0140,8,GOLD,s1_inter_s2_direct,沛,phải,沛,30,矯,矯,矯,沛,eq,燃,燃,犄,瀚,True
M1_0554,stt11,page_0286,8,GOLD,s1_inter_s2_direct,坦,đất,坦,7,四,四,四,,del,以,坦,以,,True
M1_0555,stt11,page_0116,1,GOLD,s1_inter_s2_direct,共,cùng,共,44,共,共,共,共,eq,共,共,共,二,True
M1_0556,stt11,page_0256,8,GOLD,s1_inter_s2_direct,㝵,người,㝵,20,時,時,時,寻,sub,旱,旱,旱,見,True
M1_0557,stt11,page_0192,8,GOLD,s1_inter_s2_direct,主,chúa,主,2,方,方,方主,主,eq,行,全,竹,主,True
M1_0558,stt11,page_0104,7,GOLD,s1_inter_s2_direct,共,cùng,共,44,共,共,共,妓,sub,女,艾,共,山,True
M1_0559,stt11,page_0014,4,GOLD,s1_inter_s2_direct,主,chúa,主,2,德,德,德,主,eq,德,您,偬,,True
M1_0560,stt11,page_0030,2,GOLD,s1_inter_s2_direct,些,ta,些,55,些,些,些,些,eq,此,些,此,,True
M1_0561,stt11,page_0010,6,GOLD,s1_inter_s2_direct,主,chúa,主,2,主,主,主蜍,主,eq,心,主,,,True
M1_0562,stt11,page_0224,7,GOLD,s1_inter_s2_direct,冷,lành,冷,23,冷,冷,冷,冷,eq,冷,冷,冷,,True
M1_0563,stt11,page_0272,8,GOLD,s1_inter_s2_direct,庒,chăng,庒,26,庄,庄,庄,庄,sub,,本,庄,,True
M1_0564,stt11,page_0072,9,GOLD,s1_inter_s2_direct,傳,truyện,傳,5,傳,傳,傳,傅,sub,傅,傅,傳,傅,True
M1_0565,stt11,page_0094,1,GOLD,s1_inter_s2_direct,事,sự,事,16,,,,事,eq,四,书,書,答,True
M1_0566,stt11,page_0172,9,GOLD,s1_inter_s2_direct,於,ở,於,20,於,於,於,烈,sub,热,风,热,答,True
M1_0567,stt11,page_0266,8,GOLD,s1_inter_s2_direct,批,phê,批,16,批,批,批,批,eq,批,批,批,峨,True
M1_0568,stt11,page_0162,5,GOLD,s1_inter_s2_direct,古,của,古,8,古,,,责,sub,,退,追,女,True
M1_0569,stt11,page_0056,5,GOLD,s1_inter_s2_direct,贖,chuộc,贖,12,隨,隨,隨,瞆,sub,瞻,,鹽,,True
M1_0570,stt11,page_0026,4,GOLD,s1_inter_s2_direct,吏,lại,吏,55,帝,,,吏,eq,中,中,仲,,True
M1_0571,stt11,page_0208,8,GOLD,s1_inter_s2_direct,各,các,各,21,共,共,共各,各,eq,之,各,各,各,True
M1_0572,stt11,page_0222,7,GOLD,s1_inter_s2_direct,如,như,如,16,行,行,行,如,eq,行,停,行,心,True
M1_0573,stt11,page_0268,8,GOLD,s1_inter_s2_direct,畧,trước,畧,29,畧,畧,畧,畧,eq,夏,理,罗,,True
M1_0574,stt11,page_0138,7,GOLD,s1_inter_s2_direct,浪,rằng,浪,12,諸,諸,諸,溛,sub,浪,浪,浪,一,True
M1_0575,stt11,page_0180,3,GOLD,s1_inter_s2_direct,魂,hồn,魂,28,天,天,天,旭,sub,灵,天,灵,,True
M1_0576,stt11,page_0098,4,GOLD,s1_inter_s2_direct,秋,su,秋,11,秋,秋,秋,秋,eq,秋,秋,秋,,True
M1_0577,stt11,page_0226,9,GOLD,s1_inter_s2_direct,奏,tâu,奏,8,連,連,連,養,sub,辰,年,竹,國,True
M1_0578,stt11,page_0128,1,GOLD,s1_inter_s2_direct,福,phúc,福,26,,,,拯,sub,,人,,,True
M1_0579,stt11,page_0234,1,GOLD,s1_inter_s2_direct,法,phép,法,11,法,法,法,法,eq,法,法,法,,True
M1_0580,stt11,page_0166,4,GOLD,s1_inter_s2_direct,事,sự,事,16,補,事,事,事,eq,事,事,事,,True
M1_0581,stt11,page_0076,6,GOLD,s1_inter_s2_direct,爲,vì,爲,7,,,,爲,eq,為,,為,為,True
M1_0582,stt11,page_0220,8,GOLD,s1_inter_s2_direct,特,được,特,21,特,特,特,特,eq,特,特,特,,True
M1_0583,stt11,page_0298,6,GOLD,s1_inter_s2_direct,浪,răng,浪,16,,,,,del,浪,浪,浪,,True
M1_0584,stt11,page_0032,3,GOLD,s1_inter_s2_direct,眉,mi,眉,69,眉,禮,禮,眉,eq,倡,化,化,,True
M1_0585,stt11,page_0188,7,GOLD,s1_inter_s2_direct,固,có,固,15,固,固,固,,del,固,固,因,峨,True
M1_0586,stt11,page_0242,8,GOLD,s1_inter_s2_direct,遣,khiến,遣,4,遣,遣,遣,,del,暹,遣,遣,,True
M1_0587,stt11,page_0218,9,GOLD,s1_inter_s2_direct,庫,khó,庫,13,庫,庫,庫,庫,eq,庫,庫,南,,True
M1_0588,stt11,page_0118,1,GOLD,s1_inter_s2_direct,几,kẻ,几,19,几,几,几,几,eq,元,元,孔,,True
M1_0589,stt11,page_0148,9,GOLD,s1_inter_s2_direct,楼,lâu,楼,82,楼,楼,楼,楼,eq,楼,楼,樁,一,True
M1_0590,stt11,page_0168,9,GOLD,s1_inter_s2_direct,事,sự,事,16,事,事,事,事,eq,事,事,事,,True
M1_0591,stt11,page_0106,2,GOLD,s1_inter_s2_direct,庄,chăng,庄,26,庄,庄,庄,庄,eq,庄,庄,庄,,True
M1_0592,stt11,page_0202,8,GOLD,s1_inter_s2_direct,朱,cho,朱,12,脈,脈,脈,,del,生,朱,生,答,True
M1_0593,stt11,page_0078,8,GOLD,s1_inter_s2_direct,衣,ý,衣,43,久,久,久願,公,sub,认,公,认,答,True
M1_0594,stt11,page_0270,2,GOLD,s1_inter_s2_direct,罰,phạt,罰,17,,,,罰,eq,十,,十,,True
M1_0595,stt11,page_0206,8,GOLD,s1_inter_s2_direct,蜍,thờ,蜍,25,臻,臻,臻,,del,餘,餘,祭,,True
M1_0596,stt11,page_0232,6,GOLD,s1_inter_s2_direct,吏,lại,吏,55,樂,樂,樂,吏,eq,支,吏,吏,吏,True
M1_0597,stt11,page_0046,7,GOLD,s1_inter_s2_direct,事,sự,事,16,,,,事,eq,事,事,事,,True
M1_0598,stt11,page_0292,6,GOLD,s1_inter_s2_direct,召,chịu,召,8,召,召,召,召,eq,口,,,,True
M1_0599,stt11,page_0134,9,GOLD,s1_inter_s2_direct,旦,đến,旦,21,旦,旦,旦,旦,eq,益,,旦,,True
