set,type,truth,dir,dir_name,gold,keep,keep_pct,demote,classes_before,classes_lost,cells_in_lost_classes,n_fix_kept,n_eval,both_pt,both_lo,both_hi,lab_pt,lab_lo,lab_hi,img_pt,img_lo,img_hi,err_lab_cells,err_img_cells,err_both_cells,acc_pess,img_method,img_err_pt,img_err_lo,img_err_hi,img_err_stt_model_only,lab_hi_cands,lab_err_hi_no_nod,lab_method,lab_pess_driver,lab_classes,lab_tk_src,nod_c,nod_bound,lab_err_pt,lab_err_lo,lab_err_hi,lab_err_hi_T,acc_pess_no_nod,err_both_cells_hi,lab_rate_transfer,lab_extra_stt,lab_err_pt_H7,lab_err_hi_H7,img_err_hi_uniform,acc_pess_stt_uniform,acc_pt_H7,acc_pess_H7,acc_pess_H7_uniform,meets
stt2,chép tay (lt1),SUY ĐOÁN,H0,giữ nguyên GOLD,17678,17678,100.0,0,968,0,0,0,,0.90904844262634,0.8840476889538816,0.9321221533306737,0.9550611061196297,0.9405909466006289,0.969058037159234,0.9539873365067103,0.9434567423532527,0.9630641161714397,,,1607.8,0.8840476889538816,Σp trượt vòng 2 (STT: bể 1.630–2.500),813.411865234375,652.9525543212891,999.5717086791992,259.9559631347656,,,tỉ lệ lỗi nhãn IHR cùng hướng (bi quan = max L16/TK/L83/KVK) + cầu tự dạng/rescue vòng 2 + bể Hán hoá lt1,,,,,,794.4297660171867,546.9920190990615,1050.2332459940812,,,2049.8,"[0.01001, 0.01432, 0.0227]","[373.7, 549.2, 664.0]",253.13451828568088,401.3073925303255,838.5034245925589,0.8931589166994773,0.9396681534381686,0.9207557924420452,0.9298670201876409,khong
stt2,chép tay (lt1),SUY ĐOÁN,H1,cổng hình học,17678,12326,69.73,5352,968,90,111,0,,0.9501728420061618,0.9347938230644897,0.966242244599306,0.954539187947921,0.9407932019726015,0.9686035296726342,0.9956336540582407,0.9940006210918881,0.9976387149266719,,,614.2,0.9347938230644897,Σp trượt vòng 2 (STT: bể 1.630–2.500),53.819580078125,29.105199813842773,73.94834442138671,16.67807388305664,,,tỉ lệ lỗi nhãn IHR cùng hướng (bi quan = max L16/TK/L83/KVK) + cầu tự dạng/rescue vòng 2 + bể Hán hoá lt1,,,,,,560.3499693539248,386.9928932551112,729.7829924857139,,,803.7,"[0.01014, 0.01427, 0.02182]","[264.7, 390.0, 471.1]",175.8987568776258,268.9873619172728,584.6472005615952,0.8933611720714498,0.981363107499939,0.9721778592942837,0.9307452083012439,khong
stt2,chép tay (lt1),SUY ĐOÁN,H2,"H1 + bộ kiểm ảnh τ=0,995",17678,1327,7.51,16351,968,844,8095,0,,0.9821951893920843,0.9649174937998548,0.9915408863226314,0.9867822237914661,0.9720295574923019,0.9935623267445248,0.9954129656006181,0.992887936307553,0.9979785595781065,,,23.6,0.9649174937998548,Σp(bản bỏ bộ kiểm) × tỉ lệ nhận trượt viết tay Borg; bi quan = không tính bộ kiểm,6.086994647979736,2.6824514398525605,9.437708519877209,0.9369382262229919,,,tỉ lệ lỗi nhãn IHR cùng hướng (bi quan = max L16/TK/L83/KVK) + cầu tự dạng/rescue vòng 2 + bể Hán hoá lt1,,,,,,17.539989028724463,8.542792410015625,37.11677720771543,,,46.6,"[0.00231, 0.00712, 0.0207]","[5.5, 8.2, 9.9]",9.443502907436052,27.46570761879597,91.96500464833893,0.9027266150293486,0.9882965353764764,0.972190342020593,0.9099994632500867,khong
stt2,chép tay (lt1),SUY ĐOÁN,H3,H1 + dị bản người,17678,12326,69.73,5352,968,90,111,0,,0.9501728420061618,0.9347938230644897,0.966242244599306,0.954539187947921,0.9407932019726015,0.9686035296726342,0.9956336540582407,0.9940006210918881,0.9976387149266719,,,614.2,0.9347938230644897,Σp trượt vòng 2 (STT: bể 1.630–2.500),53.819580078125,29.105199813842773,73.94834442138671,16.67807388305664,,,tỉ lệ lỗi nhãn IHR cùng hướng (bi quan = max L16/TK/L83/KVK) + cầu tự dạng/rescue vòng 2 + bể Hán hoá lt1,,,,,,560.3499693539248,386.9928932551112,729.7829924857139,,,803.7,"[0.01014, 0.01427, 0.02182]","[264.7, 390.0, 471.1]",175.8987568776258,268.9873619172728,584.6472005615952,0.8933611720714498,0.981363107499939,0.9721778592942837,0.9307452083012439,khong
stt2,chép tay (lt1),SUY ĐOÁN,H4,H1+H2+H3,17678,1327,7.51,16351,968,844,8095,0,,0.9821951893920843,0.9649174937998548,0.9915408863226314,0.9867822237914661,0.9720295574923019,0.9935623267445248,0.9954129656006181,0.992887936307553,0.9979785595781065,,,23.6,0.9649174937998548,Σp(bản bỏ bộ kiểm) × tỉ lệ nhận trượt viết tay Borg; bi quan = không tính bộ kiểm,6.086994647979736,2.6824514398525605,9.437708519877209,0.9369382262229919,,,tỉ lệ lỗi nhãn IHR cùng hướng (bi quan = max L16/TK/L83/KVK) + cầu tự dạng/rescue vòng 2 + bể Hán hoá lt1,,,,,,17.539989028724463,8.542792410015625,37.11677720771543,,,46.6,"[0.00231, 0.00712, 0.0207]","[5.5, 8.2, 9.9]",9.443502907436052,27.46570761879597,91.96500464833893,0.9027266150293486,0.9882965353764764,0.972190342020593,0.9099994632500867,khong
stt2,chép tay (lt1),SUY ĐOÁN,H5,H1 + vòng sửa hộp,17678,12328,69.74,5350,968,90,111,2,,0.9501601721257108,0.9347893573473449,0.9662386983326676,0.9545317090563966,0.9407992668714058,0.9686069783967685,0.9956284630693142,0.9939900904759391,0.9976317199358992,,,614.4,0.9347893573473449,Σp trượt vòng 2 (STT: bể 1.630–2.500),53.89230728149414,29.196156630235183,74.09016461262269,16.67807388305664,,,tỉ lệ lỗi nhãn IHR cùng hướng (bi quan = max L16/TK/L83/KVK) + cầu tự dạng/rescue vòng 2 + bể Hán hoá lt1,,,,,,560.5330907527431,387.01317032463834,729.8266380093091,,,803.9,"[0.01014, 0.01428, 0.02182]","[264.7, 390.0, 471.1]",176.08692845468138,269.031007440868,584.6472005615952,0.8933749319783497,0.9813449678994017,0.9721673286783347,0.9307529033093395,khong
stt2,chép tay (lt1),SUY ĐOÁN,H6,H4 + vòng sửa hộp,17678,1329,7.52,16349,968,844,8095,2,,0.9820223158116476,0.9648378563557032,0.991289406900839,0.9866571704778243,0.972040502335373,0.9933670713525317,0.9953651453338233,0.9927973540203302,0.9979223355483072,,,23.9,0.9648378563557032,Σp(bản bỏ bộ kiểm) × tỉ lệ nhận trượt viết tay Borg; bi quan = không tính bộ kiểm,6.159721851348877,2.7612160562996255,9.57231650698112,0.9369382262229919,,,tỉ lệ lỗi nhãn IHR cùng hướng (bi quan = max L16/TK/L83/KVK) + cầu tự dạng/rescue vòng 2 + bể Hán hoá lt1,,,,,,17.73262043497151,8.815162172485373,37.158172396289345,,,46.7,"[0.00251, 0.00725, 0.0207]","[5.5, 8.2, 9.9]",9.637235694597372,27.50710280736989,91.96500464833893,0.9028418532395573,0.9881136512069629,0.9720997597333702,0.9101037566172243,khong
stt2,chép tay (lt1),SUY ĐOÁN,Rv3,"tham chiếu: H4 + luật A + M-OCR (luật ô v3, bỏ cổng bộ)",17678,1272,7.2,16406,968,850,8177,0,,0.9873915552576968,0.9712199613821277,0.994907719885494,0.9914045972877914,0.9774735341270764,0.9967051279404774,0.9959869579699054,0.9937464272550514,0.9982025919450166,,,16.0,0.9712199613821277,Σp(bản bỏ bộ kiểm) × tỉ lệ nhận trượt viết tay Borg; bi quan = không tính bộ kiểm,5.104589462280273,2.286303045938954,7.954544531574707,0.891634464263916,,,tỉ lệ lỗi nhãn IHR cùng hướng (bi quan = max L16/TK/L83/KVK) + cầu tự dạng/rescue vòng 2 + bể Hán hoá lt1,,,,,,10.933352249929287,4.1910772597127295,28.653664590358865,,,36.6,"[0.00231, 0.00712, 0.0207]","[1.3, 1.9, 2.4]",9.052099245108257,26.32733993301317,79.66918056425143,0.9148405305388284,0.9888705277457638,0.9730488329680913,0.916669402124792,khong
stt4,chép tay (lt1),SUY ĐOÁN,H0,giữ nguyên GOLD,17440,17440,100.0,0,925,0,0,0,,0.9195457356733097,0.8974328101458725,0.9424059902497764,0.9515585911331004,0.9364485788794658,0.9665546426939685,0.9679871445402093,0.9609842312664068,0.9758513475558079,,,1403.1,0.8974328101458725,Σp trượt vòng 2 (STT: bể 1.630–2.500),558.30419921875,421.15249862670896,680.4350067138672,187.69142150878906,,,tỉ lệ lỗi nhãn IHR cùng hướng (bi quan = max L16/TK/L83/KVK) + cầu tự dạng/rescue vòng 2 + bể Hán hoá lt1,,,,,,844.8181706387302,583.2870314171892,1108.336784342117,,,1788.8,"[0.01001, 0.01432, 0.0227]","[412.8, 603.7, 729.0]",249.72655271536797,395.90456645145815,827.2146014760848,0.8890165489783142,0.9536679614716675,0.9382832813551992,0.9298670201876409,khong
stt4,chép tay (lt1),SUY ĐOÁN,H1,cổng hình học,17440,11663,66.88,5777,925,100,122,0,,0.9466601424068216,0.9305744382200661,0.9635799642726934,0.9515951858085062,0.9373315824987971,0.966439311132964,0.9950649565983154,0.993242855721269,0.9971406531397294,,,622.1,0.9305744382200661,Σp trượt vòng 2 (STT: bể 1.630–2.500),57.557411193847656,33.34856243133545,78.80857372283934,18.52649688720703,,,tỉ lệ lỗi nhãn IHR cùng hướng (bi quan = max L16/TK/L83/KVK) + cầu tự dạng/rescue vòng 2 + bể Hán hoá lt1,,,,,,564.5453479153919,391.4183142562407,730.9017533165293,,,809.7,"[0.01014, 0.01427, 0.02182]","[276.0, 403.9, 487.0]",166.43738450947183,254.51887084546104,553.1997647371317,0.8898995525976454,0.9807944100400138,0.9714200939236646,0.9307452083012439,khong
stt4,chép tay (lt1),SUY ĐOÁN,H2,"H1 + bộ kiểm ảnh τ=0,995",17440,965,5.53,16475,925,832,9024,0,,0.982525020322632,0.9645158384171852,0.9921727299556525,0.9892708682124285,0.9749729606731344,0.9952779694995955,0.9932541521102035,0.9895428777440508,0.9968947604560571,,,16.9,0.9645158384171852,Σp(bản bỏ bộ kiểm) × tỉ lệ nhận trượt viết tay Borg; bi quan = không tính bộ kiểm,6.5097432136535645,2.9965561599049098,10.09112297699095,0.7112494707107544,,,tỉ lệ lỗi nhãn IHR cùng hướng (bi quan = max L16/TK/L83/KVK) + cầu tự dạng/rescue vòng 2 + bể Hán hoá lt1,,,,,,10.353612175006518,4.556759432890381,24.151092950425237,,,34.2,"[0.00231, 0.00712, 0.0207]","[2.3, 3.5, 4.3]",6.867355166296752,19.97317848691644,87.0183229931508,0.8847985327009574,0.9861377218860619,0.9688452834570908,0.8891279777408629,khong
stt4,chép tay (lt1),SUY ĐOÁN,H3,H1 + dị bản người,17440,11663,66.88,5777,925,100,122,0,,0.9466601424068216,0.9305744382200661,0.9635799642726934,0.9515951858085062,0.9373315824987971,0.966439311132964,0.9950649565983154,0.993242855721269,0.9971406531397294,,,622.1,0.9305744382200661,Σp trượt vòng 2 (STT: bể 1.630–2.500),57.557411193847656,33.34856243133545,78.80857372283934,18.52649688720703,,,tỉ lệ lỗi nhãn IHR cùng hướng (bi quan = max L16/TK/L83/KVK) + cầu tự dạng/rescue vòng 2 + bể Hán hoá lt1,,,,,,564.5453479153919,391.4183142562407,730.9017533165293,,,809.7,"[0.01014, 0.01427, 0.02182]","[276.0, 403.9, 487.0]",166.43738450947183,254.51887084546104,553.1997647371317,0.8898995525976454,0.9807944100400138,0.9714200939236646,0.9307452083012439,khong
stt4,chép tay (lt1),SUY ĐOÁN,H4,H1+H2+H3,17440,965,5.53,16475,925,832,9024,0,,0.982525020322632,0.9645158384171852,0.9921727299556525,0.9892708682124285,0.9749729606731344,0.9952779694995955,0.9932541521102035,0.9895428777440508,0.9968947604560571,,,16.9,0.9645158384171852,Σp(bản bỏ bộ kiểm) × tỉ lệ nhận trượt viết tay Borg; bi quan = không tính bộ kiểm,6.5097432136535645,2.9965561599049098,10.09112297699095,0.7112494707107544,,,tỉ lệ lỗi nhãn IHR cùng hướng (bi quan = max L16/TK/L83/KVK) + cầu tự dạng/rescue vòng 2 + bể Hán hoá lt1,,,,,,10.353612175006518,4.556759432890381,24.151092950425237,,,34.2,"[0.00231, 0.00712, 0.0207]","[2.3, 3.5, 4.3]",6.867355166296752,19.97317848691644,87.0183229931508,0.8847985327009574,0.9861377218860619,0.9688452834570908,0.8891279777408629,khong
stt4,chép tay (lt1),SUY ĐOÁN,H5,H1 + vòng sửa hộp,17440,11663,66.88,5777,925,100,122,0,,0.9466476421853574,0.9305744382200661,0.9635799642726934,0.951582685587042,0.9373315824987971,0.966439311132964,0.9950649565983154,0.993242855721269,0.9971406531397294,,,622.2,0.9305744382200661,Σp trượt vòng 2 (STT: bể 1.630–2.500),57.557411193847656,33.34856243133545,78.80857372283934,18.52649688720703,,,tỉ lệ lỗi nhãn IHR cùng hướng (bi quan = max L16/TK/L83/KVK) + cầu tự dạng/rescue vòng 2 + bể Hán hoá lt1,,,,,,564.691137998329,391.4183142562407,730.9017533165293,,,809.7,"[0.01014, 0.01428, 0.02182]","[276.0, 403.9, 487.0]",166.58840416668957,254.51887084546104,553.1997647371317,0.8898995525976454,0.9807814614284028,0.9714200939236646,0.9307452083012439,khong
stt4,chép tay (lt1),SUY ĐOÁN,H6,H4 + vòng sửa hộp,17440,965,5.53,16475,925,832,9024,0,,0.9823904478628049,0.9645158384171852,0.9919709175899738,0.9891362957526014,0.9749729606731344,0.9950761571339167,0.9932541521102035,0.9895428777440508,0.9968947604560571,,,17.0,0.9645158384171852,Σp(bản bỏ bộ kiểm) × tỉ lệ nhận trượt viết tay Borg; bi quan = không tính bộ kiểm,6.5097432136535645,2.9965561599049098,10.09112297699095,0.7112494707107544,,,tỉ lệ lỗi nhãn IHR cùng hướng (bi quan = max L16/TK/L83/KVK) + cầu tự dạng/rescue vòng 2 + bể Hán hoá lt1,,,,,,10.483474598739623,4.751508365770386,24.151092950425237,,,34.2,"[0.00251, 0.00725, 0.0207]","[2.3, 3.5, 4.3]",6.997691832420213,19.97317848691644,87.0183229931508,0.8847985327009574,0.9860026579833432,0.9688452834570908,0.8891279777408629,khong
stt4,chép tay (lt1),SUY ĐOÁN,Rv3,"tham chiếu: H4 + luật A + M-OCR (luật ô v3, bỏ cổng bộ)",17440,936,5.37,16504,925,834,9050,0,,0.985815049984492,0.9686748720314476,0.9941996355408922,0.9918786269314026,0.9780597109174494,0.9970205054816973,0.9939364230530894,0.9906151611139983,0.9971791300591949,,,13.3,0.9686748720314476,Σp(bản bỏ bộ kiểm) × tỉ lệ nhận trượt viết tay Borg; bi quan = không tính bộ kiểm,5.67550802230835,2.6403342645935832,8.784209197297578,0.6895204782485962,,,tỉ lệ lỗi nhãn IHR cùng hướng (bi quan = max L16/TK/L83/KVK) + cầu tự dạng/rescue vòng 2 + bể Hán hoá lt1,,,,,,7.601605192207158,2.7888068691313004,20.536110581267444,,,29.3,"[0.00231, 0.00712, 0.0207]","[0.6, 0.9, 1.2]",6.660978689796643,19.372948252594597,76.04310622877416,0.8968170760576478,0.9868199928289476,0.9699175668270382,0.8980597708532385,khong
stt11,chép tay (lt1),SUY ĐOÁN,H0,giữ nguyên GOLD,17589,17589,100.0,0,876,0,0,0,,0.9199766845343732,0.8978397889015513,0.9398159107733973,0.9623451461905397,0.9492123326364384,0.9741451940915068,0.9576315383438335,0.9486274562651129,0.9656707166818905,,,1407.5,0.8978397889015513,Σp trượt vòng 2 (STT: bể 1.630–2.500),745.2188720703125,603.8177642822266,903.5916717529296,244.2074432373047,,,tỉ lệ lỗi nhãn IHR cùng hướng (bi quan = max L16/TK/L83/KVK) + cầu tự dạng/rescue vòng 2 + bể Hán hoá lt1,,,,,,662.3112236545973,454.76018112448793,893.3042812576848,,,1796.9,"[0.01001, 0.01432, 0.0227]","[281.5, 416.4, 505.5]",251.86011099258067,399.287007988228,834.2819739313563,0.9017803027352868,0.9433123552752918,0.9259265063539054,0.9298670201876409,khong
stt11,chép tay (lt1),SUY ĐOÁN,H1,cổng hình học,17589,10877,61.84,6712,876,95,120,0,,0.9582021296085429,0.9443851695988109,0.9715911514485638,0.9620669292770979,0.9497113839457672,0.9738275593807693,0.996135200331445,0.9946737856530438,0.9977635920677946,,,454.6,0.9443851695988109,Σp trượt vòng 2 (STT: bể 1.630–2.500),42.03742599487305,24.32540907859802,57.93323345184326,13.0269193649292,,,tỉ lệ lỗi nhãn IHR cùng hướng (bi quan = max L16/TK/L83/KVK) + cầu tự dạng/rescue vòng 2 + bể Hán hoá lt1,,,,,,412.59801025300595,284.67763661537316,546.9892768218905,,,604.9,"[0.01014, 0.01427, 0.02182]","[176.2, 261.1, 316.5]",155.22073491464675,237.36618007254393,515.9181892348265,0.9022793540446155,0.9818646537731434,0.9728510238554393,0.9307452083012439,khong
stt11,chép tay (lt1),SUY ĐOÁN,H2,"H1 + bộ kiểm ảnh τ=0,995",17589,1644,9.35,15945,876,754,7171,0,,0.9828699024074113,0.9661999492192652,0.9916037102486208,0.9857618930875954,0.9706643278530104,0.9929542690191645,0.9971080093198159,0.9955356213662548,0.9986494412294563,,,28.2,0.9661999492192652,Σp(bản bỏ bộ kiểm) × tỉ lệ nhận trượt viết tay Borg; bi quan = không tính bộ kiểm,4.754432678222656,2.220318618773855,7.339438473877114,1.127663493156433,,,tỉ lệ lỗi nhãn IHR cùng hướng (bi quan = max L16/TK/L83/KVK) + cầu tự dạng/rescue vòng 2 + bể Hán hoá lt1,,,,,,23.40744776399306,11.583181732493518,48.227845009650856,,,55.6,"[0.00231, 0.00712, 0.0207]","[7.8, 11.8, 14.5]",11.699411288488974,34.026845007762304,81.1539311666382,0.9213006227638144,0.9899915790956741,0.9748380270792948,0.929938700623844,khong
stt11,chép tay (lt1),SUY ĐOÁN,H3,H1 + dị bản người,17589,10877,61.84,6712,876,95,120,0,,0.9582021296085429,0.9443851695988109,0.9715911514485638,0.9620669292770979,0.9497113839457672,0.9738275593807693,0.996135200331445,0.9946737856530438,0.9977635920677946,,,454.6,0.9443851695988109,Σp trượt vòng 2 (STT: bể 1.630–2.500),42.03742599487305,24.32540907859802,57.93323345184326,13.0269193649292,,,tỉ lệ lỗi nhãn IHR cùng hướng (bi quan = max L16/TK/L83/KVK) + cầu tự dạng/rescue vòng 2 + bể Hán hoá lt1,,,,,,412.59801025300595,284.67763661537316,546.9892768218905,,,604.9,"[0.01014, 0.01427, 0.02182]","[176.2, 261.1, 316.5]",155.22073491464675,237.36618007254393,515.9181892348265,0.9022793540446155,0.9818646537731434,0.9728510238554393,0.9307452083012439,khong
stt11,chép tay (lt1),SUY ĐOÁN,H4,H1+H2+H3,17589,1644,9.35,15945,876,754,7171,0,,0.9828699024074113,0.9661999492192652,0.9916037102486208,0.9857618930875954,0.9706643278530104,0.9929542690191645,0.9971080093198159,0.9955356213662548,0.9986494412294563,,,28.2,0.9661999492192652,Σp(bản bỏ bộ kiểm) × tỉ lệ nhận trượt viết tay Borg; bi quan = không tính bộ kiểm,4.754432678222656,2.220318618773855,7.339438473877114,1.127663493156433,,,tỉ lệ lỗi nhãn IHR cùng hướng (bi quan = max L16/TK/L83/KVK) + cầu tự dạng/rescue vòng 2 + bể Hán hoá lt1,,,,,,23.40744776399306,11.583181732493518,48.227845009650856,,,55.6,"[0.00231, 0.00712, 0.0207]","[7.8, 11.8, 14.5]",11.699411288488974,34.026845007762304,81.1539311666382,0.9213006227638144,0.9899915790956741,0.9748380270792948,0.929938700623844,khong
stt11,chép tay (lt1),SUY ĐOÁN,H5,H1 + vòng sửa hộp,17589,10878,61.85,6711,876,95,120,1,,0.9581886793183917,0.9443841468694708,0.971592395059791,0.9620564667337167,0.9497140007737003,0.9738290333563029,0.9961322125846749,0.9946701460957705,0.997763361703488,,,454.8,0.9443841468694708,Σp trượt vòng 2 (STT: bể 1.630–2.500),42.07379150390625,24.33015138945692,57.97815077020865,13.0269193649292,,,tỉ lệ lỗi nhãn IHR cùng hướng (bi quan = max L16/TK/L83/KVK) + cầu tự dạng/rescue vòng 2 + bể Hán hoá lt1,,,,,,412.7497548706292,284.68777515013676,547.0110995836881,,,605.0,"[0.01014, 0.01428, 0.02182]","[176.2, 261.1, 316.5]",155.37586045830827,237.3880028343415,515.9181892348265,0.9022863312356578,0.9818487174147624,0.972847384298166,0.930749568664353,khong
stt11,chép tay (lt1),SUY ĐOÁN,H6,H4 + vòng sửa hộp,17589,1645,9.35,15944,876,754,7171,1,,0.9827197884942906,0.9661690410434582,0.9913853564142794,0.985632126658368,0.9706695789641715,0.9927558055665231,0.9970876618359227,0.9954994620792867,0.9986295508477563,,,28.4,0.9661690410434582,Σp(bản bỏ bộ kiểm) × tỉ lệ nhận trượt viết tay Borg; bi quan = không tính bộ kiểm,4.790796279907227,2.25438885544089,7.403384879573367,1.127663493156433,,,tỉ lệ lỗi nhãn IHR cùng hướng (bi quan = max L16/TK/L83/KVK) + cầu tự dạng/rescue vòng 2 + bể Hán hoá lt1,,,,,,23.635151646984735,11.91669984306947,48.248542603937814,,,55.7,"[0.00251, 0.00725, 0.0207]","[7.8, 11.8, 14.5]",11.928707838685234,34.04754260204926,81.1539311666382,0.9213358822063368,0.9898361677090624,0.9748018677923267,0.9299687089552052,khong
stt11,chép tay (lt1),SUY ĐOÁN,Rv3,"tham chiếu: H4 + luật A + M-OCR (luật ô v3, bỏ cổng bộ)",17589,1580,8.98,16009,876,762,7426,0,,0.9890408201495638,0.9737190679521665,0.9956415693534563,0.9916929033171108,0.9778300483349731,0.9968969413594715,0.997347916832453,0.9958890196171933,0.9987446279939848,,,17.3,0.9737190679521665,Σp(bản bỏ bộ kiểm) × tỉ lệ nhận trượt viết tay Borg; bi quan = không tính bộ kiểm,4.190291404724121,1.9834877695040176,6.495349004834474,1.0843628644943237,,,tỉ lệ lỗi nhãn IHR cùng hướng (bi quan = max L16/TK/L83/KVK) + cầu tự dạng/rescue vòng 2 + bể Hán hoá lt1,,,,,,13.125212758964935,4.902832652034997,35.028523630742555,,,41.5,"[0.00231, 0.00712, 0.0207]","[1.3, 1.9, 2.4]",11.243959754143905,32.70219897339686,72.60355835088318,0.9318784291255533,0.9902314866083114,0.9751914253302333,0.9333507865036202,khong
Chr,in văn xuôi,SUY ĐOÁN,H0,giữ nguyên GOLD,4238,4238,100.0,0,705,0,0,0,,0.919865605576419,0.8796293845600086,0.9695347628586924,0.9856808169314583,0.9772990500887926,0.9899867886065992,0.9341847886449608,0.902330334471216,0.9795479742520933,,,339.6,0.8796293845600086,Σp trượt vòng 2,278.92486572265625,86.67568511962891,413.92404251098634,,,,tỉ lệ lỗi nhãn IHR cùng hướng (bi quan = max L16/TK/L83/KVK),,,,,,60.6846978444799,42.435989885232736,96.20662572369723,,,510.1,"[0.01001, 0.01432, 0.0227]",,,,,,,,,khong
Chr,in văn xuôi,SUY ĐOÁN,H1,cổng hình học,4238,1788,42.19,2450,705,226,339,0,,0.9830177839977273,0.9727325085808838,0.9893414165742318,0.9857294534416984,0.9781772382023955,0.9898614652364185,0.997288330556029,0.9945552703784883,0.9994799513378133,,,30.4,0.9727325085808838,Σp trượt vòng 2,4.8484649658203125,0.9298470079898834,9.735176563262936,,,,tỉ lệ lỗi nhãn IHR cùng hướng (bi quan = max L16/TK/L83/KVK),,,,,,25.5157372462433,18.127700157283737,39.019098094116806,,,48.8,"[0.01014, 0.01427, 0.02182]",,,,,,,,,khong
Chr,in văn xuôi,SUY ĐOÁN,H2,"H1 + bộ kiểm ảnh τ=0,995",4238,190,4.48,4048,705,630,2808,0,,0.9902884949089109,0.9731985227783834,0.9972772215550123,0.9928835697758583,0.97930240571304,0.9976891058690835,0.9974049251330527,0.9938961170653434,0.9995881156859288,,,1.8,0.9731985227783834,Σp(bản bỏ bộ kiểm) × tỉ lệ nhận trượt IHR; bi quan = không tính bộ kiểm,0.4930642247200012,0.07825801967353281,1.1597377575847587,,,,tỉ lệ lỗi nhãn IHR cùng hướng (bi quan = max L16/TK/L83/KVK),,,,,,1.3521217425869252,0.4390698848741259,3.9325429145224073,,,5.1,"[0.00231, 0.00712, 0.0207]",,,,,,,,,khong
Chr,in văn xuôi,SUY ĐOÁN,H3,H1 + dị bản người,4238,1788,42.19,2450,705,226,339,0,,0.9830177839977273,0.9727325085808838,0.9893414165742318,0.9857294534416984,0.9781772382023955,0.9898614652364185,0.997288330556029,0.9945552703784883,0.9994799513378133,,,30.4,0.9727325085808838,Σp trượt vòng 2,4.8484649658203125,0.9298470079898834,9.735176563262936,,,,tỉ lệ lỗi nhãn IHR cùng hướng (bi quan = max L16/TK/L83/KVK),,,,,,25.5157372462433,18.127700157283737,39.019098094116806,,,48.8,"[0.01014, 0.01427, 0.02182]",,,,,,,,,khong
Chr,in văn xuôi,SUY ĐOÁN,H4,H1+H2+H3,4238,190,4.48,4048,705,630,2808,0,,0.9902884949089109,0.9731985227783834,0.9972772215550123,0.9928835697758583,0.97930240571304,0.9976891058690835,0.9974049251330527,0.9938961170653434,0.9995881156859288,,,1.8,0.9731985227783834,Σp(bản bỏ bộ kiểm) × tỉ lệ nhận trượt IHR; bi quan = không tính bộ kiểm,0.4930642247200012,0.07825801967353281,1.1597377575847587,,,,tỉ lệ lỗi nhãn IHR cùng hướng (bi quan = max L16/TK/L83/KVK),,,,,,1.3521217425869252,0.4390698848741259,3.9325429145224073,,,5.1,"[0.00231, 0.00712, 0.0207]",,,,,,,,,khong
Chr,in văn xuôi,SUY ĐOÁN,H5,H1 + vòng sửa hộp,4238,1792,42.28,2446,705,226,339,4,,0.9829297194659365,0.9725721210337132,0.989218470954703,0.9857165048300875,0.9781772382023955,0.9898614652364185,0.997213214635849,0.9943948828313176,0.9993570057182846,,,30.6,0.9725721210337132,Σp trượt vòng 2,4.993919372558594,1.1522457528340337,10.044369966278811,,,,tỉ lệ lỗi nhãn IHR cùng hướng (bi quan = max L16/TK/L83/KVK),,,,,,25.596023344483214,18.168254296338063,39.106389141307226,,,49.2,"[0.01014, 0.01428, 0.02182]",,,,,,,,,khong
Chr,in văn xuôi,SUY ĐOÁN,H6,H4 + vòng sửa hộp,4238,194,4.58,4044,705,629,2712,4,,0.9894571721068119,0.9725763634393602,0.9965538714039366,0.9927485058731397,0.97930240571304,0.9974868045976422,0.9967086662336723,0.9932739577263202,0.9990670668062944,,,2.0,0.9725763634393602,Σp(bản bỏ bộ kiểm) × tỉ lệ nhận trượt IHR; bi quan = không tính bộ kiểm,0.638518750667572,0.18098903957887258,1.3048522010938866,,,,tỉ lệ lỗi nhãn IHR cùng hướng (bi quan = max L16/TK/L83/KVK),,,,,,1.406789860610903,0.48755990805742044,4.015333291670247,,,5.3,"[0.00251, 0.00725, 0.0207]",,,,,,,,,khong
Chr,in văn xuôi,SUY ĐOÁN,Rv3,"tham chiếu: H4 + luật A + M-OCR (luật ô v3, bỏ cổng bộ)",4238,190,4.48,4048,705,630,2808,0,,0.9902884949089109,0.9731985227783834,0.9972772215550123,0.9928835697758583,0.97930240571304,0.9976891058690835,0.9974049251330527,0.9938961170653434,0.9995881156859288,,,1.8,0.9731985227783834,Σp(bản bỏ bộ kiểm) × tỉ lệ nhận trượt IHR; bi quan = không tính bộ kiểm,0.4930642247200012,0.07825801967353281,1.1597377575847587,,,,tỉ lệ lỗi nhãn IHR cùng hướng (bi quan = max L16/TK/L83/KVK),,,,,,1.3521217425869252,0.4390698848741259,3.9325429145224073,,,5.1,"[0.00231, 0.00712, 0.0207]",,,,,,,,,khong
L83,thạch bản,ƯỚC LƯỢNG,H0,giữ nguyên GOLD,10910,10910,100.0,0,1610,0,0,0,,0.9795111807025054,0.7232561055781306,0.9862682636669873,0.9823982671949163,0.728254483239132,0.9873339269247121,0.9971129135075891,0.9950016223389987,0.9989343367422753,,,223.5,0.7232561055781306,Σp trượt vòng 2,31.49811363220215,11.626386141777038,54.53230028152465,,"{""T_ci_tren"": 247.7, ""can_khong_can_d"": 2964.7, ""M_OCR_v2_ci_tren"": 366.0}",365.9553527832031,"lớp dị bản × tỉ lệ lỗi TK cùng hướng; bi quan = max(CI trên, cận không-d, M-OCR)",can_khong_can_d,"{""attested"": 3212, ""contradicted"": 694, ""unattestable"": 7004, ""na"": 0}","{""attested"": ""H0"", ""contradicted"": ""H0"", ""unattestable"": ""H0""}",0.17768,2964.7,192.03490490346306,138.18685725139116,2964.74358786107,247.6673635312734,0.9614585102598783,3019.3,,,,,,,,,,khong
L83,thạch bản,ƯỚC LƯỢNG,H1,cổng hình học,10910,10011,91.76,899,1610,50,52,0,,0.9824941719479607,0.7230110270695946,0.9879851573145731,0.9833640299997337,0.7247074866790891,0.9882724884148268,0.999130141948227,0.9983035403905054,0.9997126688997463,,,175.3,0.7230110270695946,Σp trượt vòng 2,8.708148956298828,2.876471644639969,16.983257150650022,,"{""T_ci_tren"": 218.5, ""can_khong_can_d"": 2756.0, ""M_OCR_v2_ci_tren"": 339.2}",339.159423828125,"lớp dị bản × tỉ lệ lỗi TK cùng hướng; bi quan = max(CI trên, cận không-d, M-OCR)",can_khong_can_d,"{""attested"": 2984, ""contradicted"": 655, ""unattestable"": 6372, ""na"": 0}","{""attested"": ""H1"", ""contradicted"": ""H1"", ""unattestable"": ""H1""}",0.17999,2756.0,166.5426956726659,117.40411847916829,2755.9533508556387,218.46766835581843,0.9644248645511163,2772.9,,,,,,,,,,khong
L83,thạch bản,ƯỚC LƯỢNG,H2,"H1 + bộ kiểm ảnh τ=0,995",10910,2132,19.54,8778,1610,1201,4831,0,,0.9848801098863975,0.8626041035009931,0.9906559544464397,0.9852954825224339,0.86433801065519,0.9907637093110213,0.9995846273639636,0.9982660928458031,0.9998922451354185,,,32.2,0.8626041035009931,Σp(bản bỏ bộ kiểm) × tỉ lệ nhận trượt IHR; bi quan = không tính bộ kiểm,0.885574460029602,0.22973337128779853,3.696690052747726,,"{""T_ci_tren"": 44.1, ""can_khong_can_d"": 289.2, ""M_OCR_v2_ci_tren"": 46.0}",46.01734924316406,"lớp dị bản × tỉ lệ lỗi TK cùng hướng; bi quan = max(CI trên, cận không-d, M-OCR)",can_khong_can_d,"{""attested"": 750, ""contradicted"": 73, ""unattestable"": 1309, ""na"": 0}","{""attested"": ""H2"", ""contradicted"": ""H2"", ""unattestable"": ""H2""}",0.0887,289.2,31.3500312621709,19.691771748902678,289.23136128313496,44.127271019798805,0.9766819703114861,292.9,,,,,,,,,,khong
L83,thạch bản,ƯỚC LƯỢNG,H3,H1 + dị bản người,10910,2984,27.35,7926,1610,814,2346,0,,0.9965913022895266,0.8820981248651605,0.998002647181644,0.9974556795797768,0.8837836943784201,0.9982906989334632,0.9991356227097499,0.9983144304867404,0.9997119482481808,,,10.2,0.8820981248651605,Σp trượt vòng 2,2.5793018341064453,0.8595464274287223,5.029739427566528,,"{""T_ci_tren"": 10.5, ""can_khong_can_d"": 346.8, ""M_OCR_v2_ci_tren"": 78.3}",78.32451629638672,"lớp dị bản × tỉ lệ lỗi TK cùng hướng; bi quan = max(CI trên, cận không-d, M-OCR)",can_khong_can_d,"{""attested"": 2984, ""contradicted"": 0, ""unattestable"": 0, ""na"": 0}","{""attested"": ""H3""}",0.17999,346.8,7.592252133946158,5.100554382545612,346.78945597479463,10.4873227071203,0.9720662681890238,351.8,,,,,,,,,,khong
L83,thạch bản,ƯỚC LƯỢNG,H4,H1+H2+H3,10910,750,6.87,10160,1610,1396,6801,0,,0.9982791937694211,0.9467476718710823,0.9992103082853714,0.9986289295857409,0.9484669103589618,0.9993009268388878,0.9996502641836802,0.9982807615121205,0.9999093814464837,,,1.3,0.9467476718710823,Σp(bản bỏ bộ kiểm) × tỉ lệ nhận trượt IHR; bi quan = không tính bộ kiểm,0.26230186223983765,0.06796391513728406,1.2894288659095763,,"{""T_ci_tren"": 1.6, ""can_khong_can_d"": 38.6, ""M_OCR_v2_ci_tren"": 15.6}",15.638480186462402,"lớp dị bản × tỉ lệ lỗi TK cùng hướng; bi quan = max(CI trên, cận không-d, M-OCR)",can_khong_can_d,"{""attested"": 750, ""contradicted"": 0, ""unattestable"": 0, ""na"": 0}","{""attested"": ""H4""}",0.0887,38.6,1.0283028106943493,0.524304870834155,38.649817230778645,1.5665371832980166,0.9774294545968374,39.9,,,,,,,,,,khong
L83,thạch bản,ƯỚC LƯỢNG,H5,H1 + vòng sửa hộp,10910,10011,91.76,899,1610,50,52,0,,0.9824941719479607,0.7230110270695946,0.9879851573145731,0.9833640299997337,0.7247074866790891,0.9882724884148268,0.999130141948227,0.9983035403905054,0.9997126688997463,,,175.3,0.7230110270695946,Σp trượt vòng 2,8.708148956298828,2.876471644639969,16.983257150650022,,"{""T_ci_tren"": 218.5, ""can_khong_can_d"": 2756.0, ""M_OCR_v2_ci_tren"": 339.2}",339.159423828125,"lớp dị bản × tỉ lệ lỗi TK cùng hướng; bi quan = max(CI trên, cận không-d, M-OCR)",can_khong_can_d,"{""attested"": 2984, ""contradicted"": 655, ""unattestable"": 6372, ""na"": 0}","{""attested"": ""H5"", ""contradicted"": ""H5"", ""unattestable"": ""H5""}",0.17999,2756.0,166.5426956726659,117.40411847916829,2755.9533508556387,218.46766835581843,0.9644248645511163,2772.9,,,,,,,,,,khong
L83,thạch bản,ƯỚC LƯỢNG,H6,H4 + vòng sửa hộp,10910,750,6.87,10160,1610,1396,6801,0,,0.9982791937694211,0.9467476718710823,0.9992103082853714,0.9986289295857409,0.9484669103589618,0.9993009268388878,0.9996502641836802,0.9982807615121205,0.9999093814464837,,,1.3,0.9467476718710823,Σp(bản bỏ bộ kiểm) × tỉ lệ nhận trượt IHR; bi quan = không tính bộ kiểm,0.26230186223983765,0.06796391513728406,1.2894288659095763,,"{""T_ci_tren"": 1.6, ""can_khong_can_d"": 38.6, ""M_OCR_v2_ci_tren"": 15.6}",15.638480186462402,"lớp dị bản × tỉ lệ lỗi TK cùng hướng; bi quan = max(CI trên, cận không-d, M-OCR)",can_khong_can_d,"{""attested"": 750, ""contradicted"": 0, ""unattestable"": 0, ""na"": 0}","{""attested"": ""H6""}",0.0887,38.6,1.0283028106943493,0.524304870834155,38.649817230778645,1.5665371832980166,0.9774294545968374,39.9,,,,,,,,,,khong
L83,thạch bản,ƯỚC LƯỢNG,Rv3,"tham chiếu: H4 + luật A + M-OCR (luật ô v3, bỏ cổng bộ)",10910,750,6.87,10160,1610,1396,6801,0,,0.9982815727497398,0.9467476718710823,0.9992109141818031,0.9986289295857409,0.9484669103589618,0.9993009268388878,0.9996526431639989,0.9982807615121205,0.9999099873429153,,,1.3,0.9467476718710823,Σp(bản bỏ bộ kiểm) × tỉ lệ nhận trượt IHR; bi quan = không tính bộ kiểm,0.2605176270008087,0.0675094928135313,1.2894288659095763,,"{""T_ci_tren"": 1.6, ""can_khong_can_d"": 38.6, ""M_OCR_v2_ci_tren"": 15.6}",15.638480186462402,"lớp dị bản × tỉ lệ lỗi TK cùng hướng; bi quan = max(CI trên, cận không-d, M-OCR)",can_khong_can_d,"{""attested"": 750, ""contradicted"": 0, ""unattestable"": 0, ""na"": 0}","{""attested"": ""Rv3""}",0.0887,38.6,1.0283028106943493,0.524304870834155,38.649817230778645,1.5665371832980166,0.9774294545968374,39.9,,,,,,,,,,khong
KVK,thạch bản,ƯỚC LƯỢNG,H0,giữ nguyên GOLD,19958,19958,100.0,0,2337,0,0,0,,0.9893687534349271,0.7937835063538756,0.992110897315953,0.9915938603482879,0.79724199514775,0.9931429611787859,0.9977748930866391,0.9965415112061257,0.9989679361371672,,,212.2,0.7937835063538756,Σp trượt vòng 2,44.40868377685547,20.597930574417113,69.02451934814451,,"{""T_ci_tren"": 200.7, ""can_khong_can_d"": 4046.6, ""M_OCR_v2_ci_tren"": 355.9}",355.91339111328125,"lớp dị bản × tỉ lệ lỗi TK cùng hướng; bi quan = max(CI trên, cận không-d, M-OCR)",can_khong_can_d,"{""attested"": 14815, ""contradicted"": 1406, ""unattestable"": 3737, ""na"": 0}","{""attested"": ""H0"", ""contradicted"": ""H0"", ""unattestable"": ""H0""}",0.08668,4046.6,167.76973516886926,136.85278079379142,4046.6442608412062,200.67597352312836,0.9787083921003394,4115.7,,,,,,,,,,khong
KVK,thạch bản,ƯỚC LƯỢNG,H1,cổng hình học,19958,18740,93.9,1218,2337,44,47,0,,0.9907937406816004,0.791731660151404,0.9929690031424315,0.991705978917644,0.7935218938326747,0.9932909968233071,0.9990877617639564,0.9982097663187294,0.9996780063191244,,,172.5,0.791731660151404,Σp trượt vòng 2,17.09534454345703,6.034161579608917,33.54897918701172,,"{""T_ci_tren"": 185.9, ""can_khong_can_d"": 3869.4, ""M_OCR_v2_ci_tren"": 340.9}",340.87030029296875,"lớp dị bản × tỉ lệ lỗi TK cùng hướng; bi quan = max(CI trên, cận không-d, M-OCR)",can_khong_can_d,"{""attested"": 13903, ""contradicted"": 1346, ""unattestable"": 3491, ""na"": 0}","{""attested"": ""H1"", ""contradicted"": ""H1"", ""unattestable"": ""H1""}",0.08827,3869.4,155.42995508335156,125.72671953122514,3869.3997095756777,185.8591845567106,0.9800203159295635,3902.9,,,,,,,,,,khong
KVK,thạch bản,ƯỚC LƯỢNG,H2,"H1 + bộ kiểm ảnh τ=0,995",19958,5334,26.73,14624,2337,1692,8071,0,,0.9939497358488392,0.9674472191036436,0.9960413673299443,0.994275665645575,0.9692497436513421,0.9961287171467343,0.999674070203264,0.9981974754523015,0.99991265018321,,,32.3,0.9674472191036436,Σp(bản bỏ bộ kiểm) × tỉ lệ nhận trượt IHR; bi quan = không tính bộ kiểm,1.7385095357894897,0.46592392275781114,9.614665937423705,,"{""T_ci_tren"": 41.1, ""can_khong_can_d"": 164.0, ""M_OCR_v2_ci_tren"": 55.5}",55.45097351074219,"lớp dị bản × tỉ lệ lỗi TK cùng hướng; bi quan = max(CI trên, cận không-d, M-OCR)",can_khong_can_d,"{""attested"": 4204, ""contradicted"": 56, ""unattestable"": 1074, ""na"": 0}","{""attested"": ""H2"", ""contradicted"": ""H2"", ""unattestable"": ""H2""}",0.01315,164.0,30.533599446502684,20.649422739319252,164.02186736374128,41.066015258077115,0.9878017173887953,173.6,,,,,,,,,,khong
KVK,thạch bản,ƯỚC LƯỢNG,H3,H1 + dị bản người,19958,13903,69.66,6055,2337,327,860,0,,0.9965418643636925,0.8685504184019861,0.9979674096535008,0.9974556795797768,0.8703456346870787,0.9982906989334632,0.9990861847839158,0.9982047837149074,0.9996767107200376,,,48.1,0.8685504184019861,Σp trượt vòng 2,12.70477294921875,4.49469085931778,24.958892011642455,,"{""T_ci_tren"": 48.9, ""can_khong_can_d"": 1802.6, ""M_OCR_v2_ci_tren"": 181.6}",181.6486358642578,"lớp dị bản × tỉ lệ lỗi TK cùng hướng; bi quan = max(CI trên, cận không-d, M-OCR)",can_khong_can_d,"{""attested"": 13903, ""contradicted"": 0, ""unattestable"": 0, ""na"": 0}","{""attested"": ""H3""}",0.08827,1802.6,35.37368680236376,23.764412728060204,1802.5846409455448,48.86234839044689,0.9851393564068258,1827.5,,,,,,,,,,khong
KVK,thạch bản,ƯỚC LƯỢNG,H4,H1+H2+H3,19958,4204,21.06,15754,2337,1771,9315,0,,0.9983216006646778,0.9803594586057567,0.9992183464431138,0.9986289295857409,0.9821607773441288,0.9993009268388878,0.9996926710789369,0.9981986812616279,0.9999174196042261,,,7.1,0.9803594586057567,Σp(bản bỏ bộ kiểm) × tỉ lệ nhận trượt IHR; bi quan = không tính bộ kiểm,1.29201078414917,0.3471679838337542,7.57274397611618,,"{""T_ci_tren"": 8.8, ""can_khong_can_d"": 75.0, ""M_OCR_v2_ci_tren"": 42.1}",42.143524169921875,"lớp dị bản × tỉ lệ lỗi TK cùng hướng; bi quan = max(CI trên, cận không-d, M-OCR)",can_khong_can_d,"{""attested"": 4204, ""contradicted"": 0, ""unattestable"": 0, ""na"": 0}","{""attested"": ""H4""}",0.01315,75.0,5.763980021545392,2.938903569315717,74.9960920452827,8.780963091446482,0.9881740561022745,82.6,,,,,,,,,,khong
KVK,thạch bản,ƯỚC LƯỢNG,H5,H1 + vòng sửa hộp,19958,18740,93.9,1218,2337,44,47,0,,0.9907937406816004,0.791731660151404,0.9929690031424315,0.991705978917644,0.7935218938326747,0.9932909968233071,0.9990877617639564,0.9982097663187294,0.9996780063191244,,,172.5,0.791731660151404,Σp trượt vòng 2,17.09534454345703,6.034161579608917,33.54897918701172,,"{""T_ci_tren"": 185.9, ""can_khong_can_d"": 3869.4, ""M_OCR_v2_ci_tren"": 340.9}",340.87030029296875,"lớp dị bản × tỉ lệ lỗi TK cùng hướng; bi quan = max(CI trên, cận không-d, M-OCR)",can_khong_can_d,"{""attested"": 13903, ""contradicted"": 1346, ""unattestable"": 3491, ""na"": 0}","{""attested"": ""H5"", ""contradicted"": ""H5"", ""unattestable"": ""H5""}",0.08827,3869.4,155.42995508335156,125.72671953122514,3869.3997095756777,185.8591845567106,0.9800203159295635,3902.9,,,,,,,,,,khong
KVK,thạch bản,ƯỚC LƯỢNG,H6,H4 + vòng sửa hộp,19958,4204,21.06,15754,2337,1771,9315,0,,0.9983216006646778,0.9803594586057567,0.9992183464431138,0.9986289295857409,0.9821607773441288,0.9993009268388878,0.9996926710789369,0.9981986812616279,0.9999174196042261,,,7.1,0.9803594586057567,Σp(bản bỏ bộ kiểm) × tỉ lệ nhận trượt IHR; bi quan = không tính bộ kiểm,1.29201078414917,0.3471679838337542,7.57274397611618,,"{""T_ci_tren"": 8.8, ""can_khong_can_d"": 75.0, ""M_OCR_v2_ci_tren"": 42.1}",42.143524169921875,"lớp dị bản × tỉ lệ lỗi TK cùng hướng; bi quan = max(CI trên, cận không-d, M-OCR)",can_khong_can_d,"{""attested"": 4204, ""contradicted"": 0, ""unattestable"": 0, ""na"": 0}","{""attested"": ""H6""}",0.01315,75.0,5.763980021545392,2.938903569315717,74.9960920452827,8.780963091446482,0.9881740561022745,82.6,,,,,,,,,,khong
KVK,thạch bản,ƯỚC LƯỢNG,Rv3,"tham chiếu: H4 + luật A + M-OCR (luật ô v3, bỏ cổng bộ)",19958,4191,21.0,15767,2337,1771,9315,0,,0.9983223481816176,0.980623137170366,0.9992184570981387,0.9986289295857409,0.9824249878034115,0.9993009268388878,0.9996934185958768,0.9981981493669545,0.9999175302592509,,,7.0,0.980623137170366,Σp(bản bỏ bộ kiểm) × tỉ lệ nhận trượt IHR; bi quan = không tính bộ kiểm,1.284882664680481,0.3456306834794883,7.551556003093719,,"{""T_ci_tren"": 8.8, ""can_khong_can_d"": 73.7, ""M_OCR_v2_ci_tren"": 32.7}",32.68292999267578,"lớp dị bản × tỉ lệ lỗi TK cùng hướng; bi quan = max(CI trên, cận không-d, M-OCR)",can_khong_can_d,"{""attested"": 4191, ""contradicted"": 0, ""unattestable"": 0, ""na"": 0}","{""attested"": ""Rv3""}",0.01295,73.7,5.746156106160023,2.929815618221258,73.65687611590265,8.753809780269316,0.990399788595617,81.2,,,,,,,,,,khong
L16,mộc bản IHR,ĐO,H0,giữ nguyên GOLD,11587,11587,100.0,0,1923,0,0,0,11585.0,0.9635735865343116,0.9566009205847816,0.970291418212005,0.9827362969356928,0.9793688548512179,0.985998001293176,0.9782477341389728,0.9712633306884315,0.9845183909453875,200.0,252.0,422.0,0.9566009205847816,,,,,,,,,,,,,,,,,,,,,,,,,,,,,khong
L16,mộc bản IHR,ĐO,H1,cổng hình học,11587,10359,89.4,1228,1923,80,89,0,10358.0,0.9805947094033597,0.9763314016409097,0.9844622726281395,0.9830083027611508,0.9794743039277364,0.9862644648868539,0.994883182081483,0.9915743549103166,0.9975926206694827,176.0,53.0,201.0,0.9763314016409097,,,,,,,,,,,,,,,,,,,,,,,,,,,,,khong
L16,mộc bản IHR,ĐO,H2,"H1 + bộ kiểm ảnh τ=0,995",11587,2750,23.73,8837,1923,1419,4748,0,2749.0,0.9949072389959985,0.991552195963532,0.9976891058690835,0.9949072389959985,0.991552195963532,0.9976891058690835,0.9981811567842852,0.9964525167648859,0.9996318182606331,14.0,5.0,14.0,0.991552195963532,,,,,,,,,,,,,,,,,,,,,,,,,,,,,khong
L16,mộc bản IHR,ĐO,H3,H1 + dị bản người,11587,10359,89.4,1228,1923,80,89,0,10358.0,0.9805947094033597,0.9763314016409097,0.9844622726281395,0.9830083027611508,0.9794743039277364,0.9862644648868539,0.994883182081483,0.9915743549103166,0.9975926206694827,176.0,53.0,201.0,0.9763314016409097,,,,,,,,,,,,,,,,,,,,,,,,,,,,,khong
L16,mộc bản IHR,ĐO,H4,H1+H2+H3,11587,2750,23.73,8837,1923,1419,4748,0,2749.0,0.9949072389959985,0.991552195963532,0.9976891058690835,0.9949072389959985,0.991552195963532,0.9976891058690835,0.9981811567842852,0.9964525167648859,0.9996318182606331,14.0,5.0,14.0,0.991552195963532,,,,,,,,,,,,,,,,,,,,,,,,,,,,,khong
L16,mộc bản IHR,ĐO,H5,H1 + vòng sửa hộp,11587,10402,89.77,1185,1923,79,88,48,10401.0,0.9805787905009133,0.9762732658387324,0.984406509999201,0.982982405537929,0.9794571549149067,0.986244612507491,0.9948081915200462,0.9913995861612034,0.9975626190013729,177.0,54.0,202.0,0.9762732658387324,,,,,,,,,,,,,,,,,,,,,,,,,,,,,khong
L16,mộc bản IHR,ĐO,H6,H4 + vòng sửa hộp,11587,2798,24.15,8789,1923,1412,4692,48,2797.0,0.9942795852699321,0.9906918980564227,0.9972213148704631,0.9946371111905613,0.9912750623336208,0.9974868045976422,0.9974973185555953,0.9952943701964074,0.9992927989164389,15.0,7.0,16.0,0.9906918980564227,,,,,,,,,,,,,,,,,,,,,,,,,,,,,khong
L16,mộc bản IHR,ĐO,Rv3,"tham chiếu: H4 + luật A + M-OCR (luật ô v3, bỏ cổng bộ)",11587,2750,23.73,8837,1923,1419,4748,0,2749.0,0.9949072389959985,0.991552195963532,0.9976891058690835,0.9949072389959985,0.991552195963532,0.9976891058690835,0.9981811567842852,0.9964525167648859,0.9996318182606331,14.0,5.0,14.0,0.991552195963532,,,,,,,,,,,,,,,,,,,,,,,,,,,,,khong
TK,mộc bản IHR,ĐO,H0,giữ nguyên GOLD,19554,19554,100.0,0,2682,0,0,0,18550.0,0.981455525606469,0.9785900778021391,0.9839533803401884,0.9886253369272238,0.9871392886527517,0.9899867886065992,0.9926145552560647,0.9901284021536697,0.9948548131988999,211.0,137.0,344.0,0.9785900778021391,,,,,,,,,,,,,,,,,,,,,,,,,,,,,khong
TK,mộc bản IHR,ĐO,H1,cổng hình học,19554,17828,91.17,1726,2682,76,80,0,16884.0,0.9881544657664061,0.9865594171234532,0.9896313379016481,0.988450604122246,0.9868716637316902,0.9898614652364185,0.9996446339729922,0.999275966769759,0.9998847437882576,195.0,6.0,200.0,0.9865594171234532,,,,,,,,,,,,,,,,,,,,,,,,,,,,,khong
TK,mộc bản IHR,ĐO,H2,"H1 + bộ kiểm ảnh τ=0,995",19554,14436,73.83,5118,2682,829,1611,0,13676.0,0.990859900555718,0.9891992760189116,0.992386973714456,0.990859900555718,0.9891992760189116,0.992386973714456,0.9999268792044458,0.9997765009351461,1.0,125.0,1.0,125.0,0.9891992760189116,,,,,,,,,,,,,,,,,,,,,,,,,,,,,khong
TK,mộc bản IHR,ĐO,H3,H1 + dị bản người,19554,12184,62.31,7370,2682,764,2197,0,12184.0,0.9970453053184505,0.9959976967676104,0.9980144120538387,0.9974556795797768,0.9964874650155953,0.9983497328356414,0.9995896257386737,0.9990918810027855,0.9999187411351447,31.0,5.0,36.0,0.9959976967676104,,,,,,,,,,,,,,,,,,,,,,,,,,,,,dat_chac
TK,mộc bản IHR,ĐO,H4,H1+H2+H3,19554,10211,52.22,9343,2682,1228,3444,0,10211.0,0.9986289295857409,0.9979302188054405,0.999296385070813,0.9986289295857409,0.9979302188054405,0.999296385070813,1.0,1.0,1.0,14.0,0.0,14.0,0.9979302188054405,,,,,,,,,,,,,,,,,,,,,,,,,,,,,dat_chac
TK,mộc bản IHR,ĐO,H5,H1 + vòng sửa hộp,19554,17828,91.17,1726,2682,76,80,0,16884.0,0.9881544657664061,0.9865594171234532,0.9896313379016481,0.988450604122246,0.9868716637316902,0.9898614652364185,0.9996446339729922,0.999275966769759,0.9998847437882576,195.0,6.0,200.0,0.9865594171234532,,,,,,,,,,,,,,,,,,,,,,,,,,,,,khong
TK,mộc bản IHR,ĐO,H6,H4 + vòng sửa hộp,19554,10211,52.22,9343,2682,1228,3444,0,10211.0,0.9986289295857409,0.9979302188054405,0.999296385070813,0.9986289295857409,0.9979302188054405,0.999296385070813,1.0,1.0,1.0,14.0,0.0,14.0,0.9979302188054405,,,,,,,,,,,,,,,,,,,,,,,,,,,,,dat_chac
TK,mộc bản IHR,ĐO,Rv3,"tham chiếu: H4 + luật A + M-OCR (luật ô v3, bỏ cổng bộ)",19554,10211,52.22,9343,2682,1228,3444,0,10211.0,0.9986289295857409,0.9979302188054405,0.999296385070813,0.9986289295857409,0.9979302188054405,0.999296385070813,1.0,1.0,1.0,14.0,0.0,14.0,0.9979302188054405,,,,,,,,,,,,,,,,,,,,,,,,,,,,,dat_chac
