item_id,verdict,book,page,iou,image_new,label_old,label_new,label_match,tier_new,status
7f833d0917321374,correct,yen11,page_0018,1.0,gold/yen11_page_0018_c05_094.png,麻,麻,True,GOLD,matched
3a7abd1c50596c14,correct,yen2,page_0016,1.0,gold/yen2_page_0016_c09_181.png,朱,朱,True,GOLD,matched
496bbf0770291fb7,correct,yen11,page_0114,1.0,gold/yen11_page_0114_c07_139.png,於,於,True,GOLD,matched
75b66675d06dd893,correct,yen2,page_0042,1.0,gold/yen2_page_0042_c07_143.png,耒,耒,True,GOLD,matched
534d701a2ba25006,correct,yen11,page_0148,1.0,gold/yen11_page_0148_c06_112.png,沁,沁,True,GOLD,matched
4e9fdaa4f3130f1c,correct,yen4,page_0154,1.0,gold/yen4_page_0154_c02_032.png,旦,旦,True,GOLD,matched
cc4a039c350297dd,correct,yen11,page_0060,1.0,gold/yen11_page_0060_c01_016.png,傷,傷,True,GOLD,matched
256fbaac15b78d80,correct,yen2,page_0276,1.0,gold/yen2_page_0276_c07_118.png,尼,尼,True,GOLD,matched
8dcbd4a8e3589eae,correct,yen2,page_0094,1.0,gold/yen2_page_0094_c05_096.png,主,主,True,GOLD,matched
62addaa3e08841ef,correct,yen2,page_0100,1.0,gold/yen2_page_0100_c01_009.png,恪,恪,True,GOLD,matched
a8013f463aa49a83,correct,yen11,page_0052,1.0,gold/yen11_page_0052_c05_086.png,麻,麻,True,GOLD,matched
947d2511f8e6b9f0,correct,yen4,page_0062,1.0,gold/yen4_page_0062_c05_091.png,之,之,True,GOLD,matched
a36c943cdd893269,correct,yen2,page_0058,1.0,gold/yen2_page_0058_c08_161.png,末,末,True,GOLD,matched
a67fda44b330803b,correct,yen2,page_0286,1.0,gold/yen2_page_0286_c09_156.png,麻,麻,True,GOLD,matched
9029b1577dad7414,correct,yen2,page_0240,1.0,gold/yen2_page_0240_c04_070.png,豸,豸,True,GOLD,matched
7a7eedfc10a13a9c,correct,yen2,page_0182,1.0,gold/yen2_page_0182_c03_055.png,連,連,True,GOLD,matched
9e3f311acfbb2564,correct,yen2,page_0088,1.0,gold/yen2_page_0088_c02_036.png,真,真,True,GOLD,matched
1a72cef20a99584d,correct,yen11,page_0270,1.0,gold/yen11_page_0270_c02_042.png,道,道,True,GOLD,matched
8a26b116f1d77096,correct,yen2,page_0146,1.0,gold/yen2_page_0146_c05_070.png,垩,垩,True,GOLD,matched
f37223619c1db595,correct,yen2,page_0196,1.0,gold/yen2_page_0196_c08_121.png,連,連,True,GOLD,matched
47da58cfaa9cb2a2,correct,yen2,page_0304,1.0,gold/yen2_page_0304_c07_135.png,把,把,True,GOLD,matched
02bd5aaab01dcec9,correct,yen2,page_0070,1.0,gold/yen2_page_0070_c09_151.png,共,共,True,GOLD,matched
294a0d5323bb0d7e,correct,yen11,page_0064,1.0,gold/yen11_page_0064_c06_116.png,時,時,True,GOLD,matched
13875d91667d3a3a,correct,yen11,page_0192,1.0,gold/yen11_page_0192_c08_161.png,𥘉,𥘉,True,GOLD,matched
e6ac0c6138bf6dce,correct,yen4,page_0182,1.0,gold/yen4_page_0182_c01_011.png,庄,庄,True,GOLD,matched
46c287ce48c87dad,correct,yen2,page_0192,1.0,gold/yen2_page_0192_c03_040.png,鬼,鬼,True,GOLD,matched
1fc4fe66bdfe4a85,correct,yen4,page_0242,1.0,gold/yen4_page_0242_c07_126.png,翁,翁,True,GOLD,matched
e871774e04ca9725,correct,yen2,page_0066,1.0,gold/yen2_page_0066_c01_019.png,虖,虖,True,GOLD,matched
57b13235162f2f68,correct,yen11,page_0076,1.0,gold/yen11_page_0076_c08_143.png,時,時,True,GOLD,matched
5c551a39201c69b7,correct,yen4,page_0264,1.0,gold/yen4_page_0264_c04_071.png,那,那,True,GOLD,matched
f44d4124deda4da0,correct,yen2,page_0284,1.0,gold/yen2_page_0284_c06_099.png,改,改,True,GOLD,matched
747d9a15493eb75c,correct,yen4,page_0140,1.0,gold/yen4_page_0140_c07_135.png,其,其,True,GOLD,matched
89cfd364ee5b93c4,correct,yen2,page_0210,1.0,gold/yen2_page_0210_c09_142.png,官,官,True,GOLD,matched
31d1924888ec887f,correct,yen4,page_0156,1.0,gold/yen4_page_0156_c03_034.png,畧,畧,True,GOLD,matched
faf81253ffc550ad,correct,yen11,page_0048,1.0,gold/yen11_page_0048_c02_027.png,体,体,True,GOLD,matched
476f2ab363c33dda,correct,yen2,page_0048,1.0,gold/yen2_page_0048_c04_068.png,髙,髙,True,GOLD,matched
9cc837a2226fea9b,correct,yen11,page_0142,1.0,gold/yen11_page_0142_c03_044.png,時,時,True,GOLD,matched
010fc822d16fe144,correct,yen11,page_0216,1.0,gold/yen11_page_0216_c08_165.png,吏,吏,True,GOLD,matched
fb176c02758d6382,correct,yen11,page_0180,1.0,gold/yen11_page_0180_c01_001.png,列,列,True,GOLD,matched
0794be40a2976d8d,correct,yen11,page_0158,1.0,gold/yen11_page_0158_c03_051.png,戈,戈,True,GOLD,matched
f0cefb3fbc0c681d,correct,yen4,page_0290,1.0,gold/yen4_page_0290_c04_085.png,統,統,True,GOLD,matched
9dd6661f747c1595,correct,yen4,page_0066,1.0,gold/yen4_page_0066_c04_067.png,称,称,True,GOLD,matched
893f5459b05b54b9,correct,yen4,page_0042,1.0,gold/yen4_page_0042_c09_191.png,主,主,True,GOLD,matched
755ae56030eb310e,correct,yen4,page_0096,1.0,gold/yen4_page_0096_c06_119.png,巾,巾,True,GOLD,matched
81090cfea2b753c2,correct,yen2,page_0284,1.0,gold/yen2_page_0284_c04_064.png,每,每,True,GOLD,matched
7b088bd3f90e29a9,correct,yen4,page_0096,1.0,gold/yen4_page_0096_c03_045.png,嗔,嗔,True,GOLD,matched
07e369369e2e633c,correct,yen2,page_0072,1.0,gold/yen2_page_0072_c09_168.png,主,主,True,GOLD,matched
11f8e04a1b4ef433,correct,yen11,page_0226,1.0,gold/yen11_page_0226_c04_077.png,吏,吏,True,GOLD,matched
7a21eacb9a6ec4ec,correct,yen11,page_0022,1.0,gold/yen11_page_0022_c05_093.png,犯,犯,True,GOLD,matched
824ff30171c69504,correct,yen4,page_0142,1.0,gold/yen4_page_0142_c05_095.png,底,底,True,GOLD,matched
ddd78c57c87761ce,correct,yen4,page_0240,0.439,,凜,,False,,orphan
245d24eaa3968a6d,correct,yen2,page_0214,0.162,,𥙷,,False,,orphan
22d8d2cfd7128bac,correct,yen11,page_0124,1.0,gold/yen11_page_0124_c07_145.png,奸,奸,True,GOLD,matched
03d9a9b55f9405c2,correct,yen4,page_0136,1.0,gold/yen4_page_0136_c01_005.png,昂,昂,True,GOLD,matched
ecb53506c95690c0,correct,yen4,page_0198,0.69,gold/yen4_page_0198_c07_111.png,於,下,False,GOLD,label_changed
ac4677bf4395d1fd,correct,yen11,page_0060,1.0,gold/yen11_page_0060_c09_167.png,楼,楼,True,GOLD,matched
f9b75153cf426819,correct,yen11,page_0026,1.0,gold/yen11_page_0026_c07_145.png,罢,罢,True,GOLD,matched
a988492a2e7d7525,correct,yen4,page_0040,1.0,gold/yen4_page_0040_c01_001.png,尼,尼,True,GOLD,matched
d0964b395c13222c,correct,yen4,page_0036,0.576,gold/yen4_page_0036_c01_019.png,意,意,True,GOLD,matched
f94535579f0e5fe1,correct,yen11,page_0086,1.0,gold/yen11_page_0086_c07_135.png,末,末,True,GOLD,matched
f544ac11b2d9d361,correct,yen11,page_0138,1.0,gold/yen11_page_0138_c05_095.png,旦,旦,True,GOLD,matched
f6cfe6f0be516ba3,correct,yen4,page_0036,1.0,gold/yen4_page_0036_c03_053.png,德,德,True,GOLD,matched
609b6a91b331dd73,correct,yen2,page_0250,1.0,gold/yen2_page_0250_c06_105.png,㝵,㝵,True,GOLD,matched
e0434184fd0c2546,correct,yen11,page_0174,1.0,gold/yen11_page_0174_c06_110.png,哭,哭,True,GOLD,matched
509cfb052d25a25f,correct,yen2,page_0300,1.0,gold/yen2_page_0300_c03_053.png,求,求,True,GOLD,matched
c02ff68c2945f056,correct,yen2,page_0074,1.0,gold/yen2_page_0074_c09_188.png,差,差,True,GOLD,matched
52de644620e7b25b,correct,yen2,page_0072,1.0,gold/yen2_page_0072_c01_015.png,𠄼,𠄼,True,GOLD,matched
dd42069e8cb058a8,correct,yen4,page_0066,1.0,gold/yen4_page_0066_c08_146.png,倘,倘,True,GOLD,matched
2cc165d4a9d82827,correct,yen2,page_0170,1.0,gold/yen2_page_0170_c07_115.png,葩,葩,True,GOLD,matched
40164d4041a7a5c4,correct,yen11,page_0260,1.0,gold/yen11_page_0260_c04_078.png,忌,忌,True,GOLD,matched
333ae65b880eabab,correct,yen2,page_0224,1.0,gold/yen2_page_0224_c05_089.png,旦,旦,True,GOLD,matched
e73699f239ef1619,correct,yen2,page_0046,0.795,gold/yen2_page_0046_c08_155.png,天,天,True,GOLD,matched
5637a504792bb0cb,correct,yen2,page_0116,1.0,gold/yen2_page_0116_c01_009.png,沛,沛,True,GOLD,matched
24c9d4735f6237d1,correct,yen4,page_0074,0.86,,先,nan,False,REVIEW,label_changed
0723ebe6bf35cf46,correct,yen11,page_0156,1.0,gold/yen11_page_0156_c09_179.png,沚,沚,True,GOLD,matched
32168062c312077b,correct,yen11,page_0092,1.0,gold/yen11_page_0092_c03_041.png,自,自,True,GOLD,matched
a08eec8d43eeb3ba,correct,yen4,page_0098,1.0,gold/yen4_page_0098_c04_067.png,時,時,True,GOLD,matched
6bf192ea3fc8b0ea,correct,yen4,page_0220,1.0,gold/yen4_page_0220_c05_090.png,庫,庫,True,GOLD,matched
a8c612900a17efc3,correct,yen11,page_0066,0.873,gold/yen11_page_0066_c02_027.png,願,願,True,GOLD,matched
4ae1d272f7d8c502,correct,yen11,page_0134,1.0,gold/yen11_page_0134_c08_174.png,垩,垩,True,GOLD,matched
6ef3faaceaef839e,correct,yen11,page_0028,1.0,gold/yen11_page_0028_c03_048.png,㝵,㝵,True,GOLD,matched
5a51ca239358db6d,correct,yen2,page_0140,1.0,gold/yen2_page_0140_c06_105.png,為,為,True,GOLD,matched
ac72d0984aea99b5,correct,yen4,page_0120,1.0,gold/yen4_page_0120_c09_184.png,翁,翁,True,GOLD,matched
b851a0547e52893c,correct,yen4,page_0258,1.0,gold/yen4_page_0258_c03_059.png,腮,腮,True,GOLD,matched
a7ed559878bcc312,correct,yen4,page_0292,1.0,gold/yen4_page_0292_c06_125.png,福,福,True,GOLD,matched
d1ee3cd027754097,correct,yen4,page_0078,1.0,gold/yen4_page_0078_c02_027.png,各,各,True,GOLD,matched
d6cdae1de79ae6b1,correct,yen11,page_0150,1.0,gold/yen11_page_0150_c04_075.png,仍,仍,True,GOLD,matched
f4566b6dd0247f61,correct,yen11,page_0236,1.0,gold/yen11_page_0236_c07_152.png,衣,衣,True,GOLD,matched
925d127e4d0b4401,correct,yen11,page_0282,1.0,gold/yen11_page_0282_c07_148.png,恩,恩,True,GOLD,matched
0c5524f8391e2dfb,correct,yen11,page_0298,1.0,gold/yen11_page_0298_c06_124.png,折,折,True,GOLD,matched
54bde2ab5f50cf9c,correct,yen11,page_0024,1.0,gold/yen11_page_0024_c07_143.png,天,天,True,GOLD,matched
2c1b8d8a740dfba5,correct,yen2,page_0230,1.0,gold/yen2_page_0230_c05_105.png,麻,麻,True,GOLD,matched
2d0e5d7cf199c6e9,correct,yen4,page_0066,0.885,gold/yen4_page_0066_c06_116.png,秋,秋,True,GOLD,matched
8cf537b8337553d8,correct,yen11,page_0216,1.0,gold/yen11_page_0216_c06_113.png,於,於,True,GOLD,matched
96dd7be48b2f128a,correct,yen2,page_0068,1.0,gold/yen2_page_0068_c01_018.png,浪,浪,True,GOLD,matched
45c64a98a7f0327f,correct,yen11,page_0024,1.0,gold/yen11_page_0024_c04_071.png,几,几,True,GOLD,matched
fe03c029765f1fb3,correct,yen4,page_0240,1.0,gold/yen4_page_0240_c01_003.png,麻,麻,True,GOLD,matched
ad0350fe0d21c0f9,correct,yen4,page_0278,1.0,gold/yen4_page_0278_c06_129.png,黙,黙,True,GOLD,matched
c92ef721e6ae33d9,correct,yen4,page_0090,0.846,gold/yen4_page_0090_c08_150.png,德,德,True,GOLD,matched
124fc3100c3d6dce,correct,yen11,page_0036,0.57,gold/yen11_page_0036_c08_153.png,眉,眉,True,GOLD,matched
97d8e0711f268012,correct,yen2,page_0058,1.0,gold/yen2_page_0058_c06_127.png,綿,綿,True,GOLD,matched
1c8c36d16fe0554d,correct,yen4,page_0118,1.0,gold/yen4_page_0118_c05_097.png,鬼,鬼,True,GOLD,matched
a80e96aeda6aeb4a,correct,yen2,page_0148,1.0,gold/yen2_page_0148_c06_107.png,略,略,True,GOLD,matched
cb28a7b34f3676ad,correct,yen4,page_0192,1.0,gold/yen4_page_0192_c04_064.png,帝,帝,True,GOLD,matched
fa1b29c26025464f,correct,yen11,page_0116,1.0,gold/yen11_page_0116_c06_121.png,翁,翁,True,GOLD,matched
ed65915635e12bb0,correct,yen11,page_0026,1.0,gold/yen11_page_0026_c05_107.png,低,低,True,GOLD,matched
4abb7c79e20276f1,correct,yen11,page_0216,1.0,gold/yen11_page_0216_c02_039.png,長,長,True,GOLD,matched
747ea22ae5668dd9,correct,yen2,page_0084,1.0,gold/yen2_page_0084_c04_081.png,連,連,True,GOLD,matched
086d1e0ccf0a3205,correct,yen2,page_0230,1.0,gold/yen2_page_0230_c05_106.png,皇,皇,True,GOLD,matched
f2d521aa4af40ef0,correct,yen2,page_0088,1.0,gold/yen2_page_0088_c08_150.png,主,主,True,GOLD,matched
6074794318d41f65,correct,yen11,page_0208,1.0,gold/yen11_page_0208_c07_151.png,庒,庒,True,GOLD,matched
9524ad60fbddbadc,correct,yen11,page_0228,1.0,gold/yen11_page_0228_c09_190.png,墓,墓,True,GOLD,matched
14b1c9abc581aeeb,correct,yen4,page_0112,0.35,,本,,False,,orphan
aeb3a5cfe79ab4d3,correct,yen11,page_0078,1.0,gold/yen11_page_0078_c09_173.png,柴,柴,True,GOLD,matched
f62bf39d6b9903e3,correct,yen2,page_0038,1.0,gold/yen2_page_0038_c07_136.png,朱,朱,True,GOLD,matched
edcfc8583c32fa2b,correct,yen2,page_0086,1.0,gold/yen2_page_0086_c04_082.png,撑,撑,True,GOLD,matched
8d94b769102b679d,correct,yen2,page_0106,1.0,gold/yen2_page_0106_c04_070.png,庄,庄,True,GOLD,matched
d8a33dcd44fbee76,correct,yen11,page_0030,1.0,gold/yen11_page_0030_c03_062.png,灵,灵,True,GOLD,matched
6bc423e498ecd65e,correct,yen4,page_0290,1.0,gold/yen4_page_0290_c08_169.png,天,天,True,GOLD,matched
b026b16b6c9884d8,correct,yen4,page_0200,1.0,gold/yen4_page_0200_c01_013.png,罰,罰,True,GOLD,matched
78d30f8c9ee5fec6,correct,yen11,page_0036,1.0,gold/yen11_page_0036_c06_114.png,冷,冷,True,GOLD,matched
cc8652c987e6d11f,correct,yen11,page_0032,1.0,gold/yen11_page_0032_c08_167.png,時,時,True,GOLD,matched
06f2fa88f1221912,correct,yen11,page_0258,1.0,gold/yen11_page_0258_c09_195.png,安,安,True,GOLD,matched
f584e752c143c1ca,correct,yen11,page_0288,1.0,gold/yen11_page_0288_c06_113.png,垩,垩,True,GOLD,matched
1bfb6f8f15815ffc,correct,yen4,page_0104,1.0,gold/yen4_page_0104_c03_045.png,旦,旦,True,GOLD,matched
bcde513855951560,correct,yen11,page_0184,1.0,gold/yen11_page_0184_c07_132.png,味,味,True,GOLD,matched
c751cb77484a4a80,correct,yen11,page_0182,1.0,gold/yen11_page_0182_c02_037.png,犯,犯,True,GOLD,matched
174b972e9280ecdd,correct,yen2,page_0146,1.0,gold/yen2_page_0146_c05_073.png,牙,牙,True,GOLD,matched
e27a4be70cc7f397,correct,yen11,page_0280,1.0,gold/yen11_page_0280_c03_058.png,挭,挭,True,GOLD,matched
e84d1daa1ab15e37,correct,yen4,page_0248,1.0,gold/yen4_page_0248_c08_170.png,特,特,True,GOLD,matched
3b771108829834f9,correct,yen11,page_0256,1.0,gold/yen11_page_0256_c06_115.png,理,理,True,GOLD,matched
96e54fc1068d6ebe,correct,yen11,page_0296,1.0,gold/yen11_page_0296_c07_135.png,時,時,True,GOLD,matched
d757b801fd53d3af,correct,yen2,page_0226,1.0,gold/yen2_page_0226_c01_005.png,𧗱,𧗱,True,GOLD,matched
52f13014b1e47572,correct,yen2,page_0194,1.0,gold/yen2_page_0194_c09_150.png,破,破,True,GOLD,matched
1c8d1771c187aa75,correct,yen11,page_0072,1.0,gold/yen11_page_0072_c06_115.png,共,共,True,GOLD,matched
8e4d83de483069bf,correct,yen4,page_0058,1.0,gold/yen4_page_0058_c07_126.png,庄,庄,True,GOLD,matched
b707677015e27bff,correct,yen4,page_0154,1.0,gold/yen4_page_0154_c03_052.png,双,双,True,GOLD,matched
f54c6ce999631a4b,correct,yen2,page_0046,1.0,gold/yen2_page_0046_c08_161.png,朗,朗,True,GOLD,matched
66cfed45a4921079,correct,yen2,page_0178,1.0,gold/yen2_page_0178_c03_042.png,助,助,True,GOLD,matched
3998fc02a6e243ff,correct,yen11,page_0078,1.0,gold/yen11_page_0078_c08_158.png,曰,曰,True,GOLD,matched
947add78fefe789b,correct,yen11,page_0200,1.0,gold/yen11_page_0200_c03_045.png,㤙,㤙,True,GOLD,matched
980268fd9474714a,correct,yen11,page_0188,1.0,gold/yen11_page_0188_c01_000.png,除,除,True,GOLD,matched
d3ec8868dbad1d8e,correct,yen11,page_0088,0.271,,重,,False,,orphan
84e69e6b398823aa,correct,yen2,page_0280,1.0,gold/yen2_page_0280_c06_116.png,白,白,True,GOLD,matched
0ca24d2bbca3abfb,correct,yen4,page_0120,1.0,gold/yen4_page_0120_c01_002.png,㝵,㝵,True,GOLD,matched
8059c260f8e50dce,correct,yen11,page_0236,1.0,gold/yen11_page_0236_c07_133.png,時,時,True,GOLD,matched
717ecff1f68ff813,correct,yen2,page_0054,1.0,gold/yen2_page_0054_c05_085.png,連,連,True,GOLD,matched
c26ae5934333cde0,correct,yen4,page_0174,1.0,gold/yen4_page_0174_c09_180.png,旦,旦,True,GOLD,matched
c1cb5b4b61d14cf3,correct,yen11,page_0108,1.0,gold/yen11_page_0108_c09_190.png,主,主,True,GOLD,matched
786b9a3cd999679a,correct,yen11,page_0088,1.0,gold/yen11_page_0088_c05_121.png,罢,罢,True,GOLD,matched
8b07e1f326724507,correct,yen2,page_0154,1.0,gold/yen2_page_0154_c06_112.png,吹,吹,True,GOLD,matched
fe61443483ec9c37,correct,yen11,page_0232,1.0,gold/yen11_page_0232_c01_017.png,庄,庄,True,GOLD,matched
28f5a0f21776980e,correct,yen2,page_0296,1.0,gold/yen2_page_0296_c08_129.png,㝵,㝵,True,GOLD,matched
52de009c56862cd0,correct,yen2,page_0076,1.0,gold/yen2_page_0076_c02_033.png,位,位,True,GOLD,matched
f947bb54dd8ed6ae,correct,yen2,page_0102,1.0,gold/yen2_page_0102_c06_123.png,庄,庄,True,GOLD,matched
f1599836ef4f7f71,correct,yen2,page_0028,1.0,gold/yen2_page_0028_c09_189.png,衆,衆,True,GOLD,matched
26d0542a27176e61,correct,yen11,page_0090,1.0,gold/yen11_page_0090_c08_159.png,麻,麻,True,GOLD,matched
1e7c20aa4c5cea4a,correct,yen11,page_0040,1.0,gold/yen11_page_0040_c03_051.png,贖,贖,True,GOLD,matched
8e8f53bbd1318bcc,correct,yen11,page_0246,1.0,gold/yen11_page_0246_c08_165.png,字,字,True,GOLD,matched
99e8dcf01a6438fa,correct,yen11,page_0136,1.0,gold/yen11_page_0136_c03_047.png,塊,塊,True,GOLD,matched
4968bcf27d95477f,correct,yen4,page_0120,1.0,gold/yen4_page_0120_c06_105.png,浪,浪,True,GOLD,matched
b01de61d7914142d,correct,yen11,page_0218,1.0,gold/yen11_page_0218_c08_155.png,扒,扒,True,GOLD,matched
a6e8a16b12faaf87,correct,yen4,page_0040,1.0,gold/yen4_page_0040_c01_010.png,沫,沫,True,GOLD,matched
c1058aa4e14d786e,wrong_label,yen4,page_0232,1.0,gold/yen4_page_0232_c03_051.png,㝵,㝵,True,GOLD,matched
2200267dc47a2377,correct,yen2,page_0232,1.0,gold/yen2_page_0232_c09_173.png,麻,麻,True,GOLD,matched
f794ea347990c154,correct,yen2,page_0082,1.0,gold/yen2_page_0082_c09_167.png,園,園,True,GOLD,matched
532d867ef0cd1138,correct,yen2,page_0234,1.0,gold/yen2_page_0234_c03_042.png,各,各,True,GOLD,matched
39c69e199219f321,correct,yen4,page_0126,1.0,gold/yen4_page_0126_c02_037.png,㝵,㝵,True,GOLD,matched
483023e3f5897de1,correct,yen2,page_0064,1.0,gold/yen2_page_0064_c06_110.png,束,束,True,GOLD,matched
6a7f0079d1abb206,correct,yen11,page_0076,1.0,gold/yen11_page_0076_c09_163.png,聀,聀,True,GOLD,matched
5e188c0b38d029d8,correct,yen2,page_0206,1.0,gold/yen2_page_0206_c07_123.png,主,主,True,GOLD,matched
98d488efd327c34b,correct,yen4,page_0270,1.0,gold/yen4_page_0270_c08_160.png,枸,枸,True,GOLD,matched
dbe62a2aec7e947c,correct,yen11,page_0058,1.0,gold/yen11_page_0058_c08_166.png,時,時,True,GOLD,matched
bd905e39f4cbac5c,correct,yen2,page_0028,1.0,gold/yen2_page_0028_c01_006.png,共,共,True,GOLD,matched
7586427f9303eed7,correct,yen4,page_0282,1.0,gold/yen4_page_0282_c02_029.png,黙,黙,True,GOLD,matched
209b125c8a280336,correct,yen11,page_0290,1.0,gold/yen11_page_0290_c02_031.png,穷,穷,True,GOLD,matched
2bbecacc0db89a17,correct,yen2,page_0032,1.0,gold/yen2_page_0032_c04_087.png,浪,浪,True,GOLD,matched
23cb8b5f7f03ab56,correct,yen11,page_0018,1.0,gold/yen11_page_0018_c05_095.png,庒,庒,True,GOLD,matched
9e4bf805bd55d790,correct,yen4,page_0052,1.0,gold/yen4_page_0052_c08_139.png,眉,眉,True,GOLD,matched
1a8d3e5a221667a5,correct,yen4,page_0256,1.0,gold/yen4_page_0256_c02_026.png,其,其,True,GOLD,matched
d8a74f61d493f53d,correct,yen11,page_0106,1.0,gold/yen11_page_0106_c01_009.png,時,時,True,GOLD,matched
04d98326bff63a85,correct,yen4,page_0166,1.0,gold/yen4_page_0166_c05_104.png,朱,朱,True,GOLD,matched
fc46fff1d685541f,correct,yen4,page_0296,1.0,gold/yen4_page_0296_c02_026.png,冷,冷,True,GOLD,matched
c98bf9e30981608f,correct,yen2,page_0156,1.0,gold/yen2_page_0156_c02_024.png,命,命,True,GOLD,matched
3da5994fe22cb82e,correct,yen4,page_0020,1.0,gold/yen4_page_0020_c05_104.png,柴,柴,True,GOLD,matched
f0e72095a235a13b,correct,yen11,page_0262,1.0,gold/yen11_page_0262_c01_011.png,罢,罢,True,GOLD,matched
823c01840c293c04,correct,yen2,page_0038,1.0,gold/yen2_page_0038_c02_023.png,罢,罢,True,GOLD,matched
942449e3f05753ce,correct,yen11,page_0220,1.0,gold/yen11_page_0220_c08_166.png,事,事,True,GOLD,matched
68f7ba6becfa75f6,correct,yen11,page_0226,1.0,gold/yen11_page_0226_c08_166.png,奴,奴,True,GOLD,matched
8c28a8eb7607f123,correct,yen4,page_0222,1.0,gold/yen4_page_0222_c05_098.png,体,体,True,GOLD,matched
12b67ff5415243b8,correct,yen2,page_0188,1.0,gold/yen2_page_0188_c01_003.png,麻,麻,True,GOLD,matched
56758a32bf1092cd,correct,yen4,page_0264,1.0,gold/yen4_page_0264_c07_134.png,旁,旁,True,GOLD,matched
c1cc0318fb5110a1,correct,yen2,page_0140,0.859,gold/yen2_page_0140_c04_051.png,巴,巴,True,GOLD,matched
e6cf5a7e6d0a2852,correct,yen4,page_0178,1.0,gold/yen4_page_0178_c07_124.png,特,特,True,GOLD,matched
1afe2ca152e05e63,correct,yen2,page_0016,1.0,gold/yen2_page_0016_c02_028.png,付,付,True,GOLD,matched
2c19410d506605f9,correct,yen2,page_0220,1.0,gold/yen2_page_0220_c04_076.png,燒,燒,True,GOLD,matched
a8543cd67986ad93,correct,yen11,page_0294,1.0,gold/yen11_page_0294_c02_021.png,双,双,True,GOLD,matched
dfc2944702f7e59e,correct,yen4,page_0294,1.0,gold/yen4_page_0294_c03_053.png,绵,绵,True,GOLD,matched
935966cb6a8c1529,correct,yen11,page_0106,1.0,gold/yen11_page_0106_c01_005.png,強,強,True,GOLD,matched
1d65e0f234b6df56,correct,yen2,page_0108,1.0,gold/yen2_page_0108_c08_140.png,欺,欺,True,GOLD,matched
1b34d5953df1c87d,correct,yen4,page_0162,1.0,gold/yen4_page_0162_c04_075.png,連,連,True,GOLD,matched
eb76b754e4eeb157,wrong_label,yen2,page_0194,1.0,gold/yen2_page_0194_c05_077.png,連,連,True,GOLD,matched
7be94a6b7aae3e4d,correct,yen2,page_0282,1.0,gold/yen2_page_0282_c09_176.png,打,打,True,GOLD,matched
29059985968b1899,correct,yen2,page_0018,1.0,gold/yen2_page_0018_c02_030.png,那,那,True,GOLD,matched
63db6ecccda3feaa,correct,yen4,page_0238,1.0,gold/yen4_page_0238_c09_181.png,吏,吏,True,GOLD,matched
5abeda728c108d1e,correct,yen2,page_0182,1.0,gold/yen2_page_0182_c01_006.png,麻,麻,True,GOLD,matched
c49119dd8a4ff6a1,correct,yen4,page_0174,1.0,gold/yen4_page_0174_c02_038.png,包,包,True,GOLD,matched
e61a86cba061b6ad,correct,yen11,page_0032,1.0,gold/yen11_page_0032_c04_075.png,庫,庫,True,GOLD,matched
a7d0c66dbc6213df,correct,yen4,page_0196,1.0,gold/yen4_page_0196_c07_128.png,連,連,True,GOLD,matched
df929b6a39d80128,correct,yen2,page_0036,1.0,gold/yen2_page_0036_c04_076.png,邁,邁,True,GOLD,matched
d5ea2f23a68905d3,correct,yen2,page_0182,1.0,gold/yen2_page_0182_c03_043.png,君,君,True,GOLD,matched
b8c21f720519fcb0,correct,yen4,page_0014,1.0,gold/yen4_page_0014_c02_035.png,下,下,True,GOLD,matched
7a88dbae1e38fe4f,correct,yen11,page_0066,1.0,gold/yen11_page_0066_c05_105.png,各,各,True,GOLD,matched
42f09b17b4e672f2,correct,yen11,page_0126,0.72,gold/yen11_page_0126_c03_046.png,𢃄,𢃄,True,GOLD,matched
0697e00f74209901,correct,yen11,page_0220,1.0,gold/yen11_page_0220_c07_133.png,共,共,True,GOLD,matched
074e3e11d7af50ea,correct,yen4,page_0218,1.0,gold/yen4_page_0218_c09_174.png,補,補,True,GOLD,matched
72039866d3306486,correct,yen2,page_0290,1.0,gold/yen2_page_0290_c06_108.png,求,求,True,GOLD,matched
6f3056d31f148816,correct,yen11,page_0036,1.0,gold/yen11_page_0036_c08_160.png,嗔,嗔,True,GOLD,matched
0ceeb710e43d8c50,correct,yen4,page_0234,1.0,gold/yen4_page_0234_c09_167.png,事,事,True,GOLD,matched
99a5930aa9b9b8de,correct,yen11,page_0106,1.0,gold/yen11_page_0106_c01_017.png,特,特,True,GOLD,matched
5140642f8e3e46d4,correct,yen11,page_0066,0.973,gold/yen11_page_0066_c02_028.png,中,中,True,GOLD,matched
02355be8563a323b,correct,yen4,page_0032,1.0,gold/yen4_page_0032_c07_129.png,燒,燒,True,GOLD,matched
2983b023cd2dd46f,correct,yen2,page_0296,1.0,gold/yen2_page_0296_c07_119.png,哿,哿,True,GOLD,matched
b82ad90627aab0d4,correct,yen2,page_0194,1.0,gold/yen2_page_0194_c06_096.png,中,中,True,GOLD,matched
c8e276a84b067055,correct,yen2,page_0278,1.0,gold/yen2_page_0278_c03_048.png,黄,黄,True,GOLD,matched
8c9092240decd5a7,correct,yen2,page_0304,1.0,gold/yen2_page_0304_c03_040.png,寺,寺,True,GOLD,matched
93107c20119898ee,correct,yen2,page_0178,1.0,gold/yen2_page_0178_c08_142.png,信,信,True,GOLD,matched
334347d71bb2f7f9,correct,yen11,page_0160,0.87,gold/yen11_page_0160_c08_134.png,体,尋,False,GOLD,label_changed
be98820f3238143d,correct,yen4,page_0284,1.0,gold/yen4_page_0284_c01_011.png,固,固,True,GOLD,matched
52a2be357ea95ac3,correct,yen11,page_0254,1.0,gold/yen11_page_0254_c04_074.png,勧,勧,True,GOLD,matched
b5b0734f2af9eac4,correct,yen4,page_0016,1.0,gold/yen4_page_0016_c08_171.png,戎,戎,True,GOLD,matched
d55df1eaf5ea6093,correct,yen11,page_0186,1.0,gold/yen11_page_0186_c06_118.png,時,時,True,GOLD,matched
eff92c35d26caa4c,correct,yen11,page_0180,1.0,gold/yen11_page_0180_c09_176.png,除,除,True,GOLD,matched
f950fb15c4a1e8ad,wrong_label,yen2,page_0048,1.0,gold/yen2_page_0048_c06_099.png,㝵,㝵,True,GOLD,matched
9f69c3e7cf582247,correct,yen11,page_0050,1.0,gold/yen11_page_0050_c05_095.png,時,時,True,GOLD,matched
9cfc5bf0095bd2e7,correct,yen4,page_0288,1.0,gold/yen4_page_0288_c07_142.png,寺,寺,True,GOLD,matched
754dd281fc558121,correct,yen2,page_0012,1.0,gold/yen2_page_0012_c07_112.png,庄,庄,True,GOLD,matched
2358abc4b306c3c8,correct,yen2,page_0110,1.0,gold/yen2_page_0110_c03_055.png,麻,麻,True,GOLD,matched
53665505b4dbe10e,correct,yen4,page_0256,1.0,gold/yen4_page_0256_c02_012.png,事,事,True,GOLD,matched
15127fd3fcf625f6,correct,yen2,page_0018,0.907,gold/yen2_page_0018_c09_178.png,於,於,True,GOLD,matched
7c75e6cdfdfb060d,correct,yen4,page_0150,1.0,gold/yen4_page_0150_c06_115.png,事,事,True,GOLD,matched
52fd9a5551a52939,correct,yen4,page_0054,1.0,gold/yen4_page_0054_c04_083.png,旦,旦,True,GOLD,matched
e7aec664b95d750a,correct,yen2,page_0162,1.0,gold/yen2_page_0162_c06_097.png,塊,塊,True,GOLD,matched
8934634ea540c14b,correct,yen2,page_0072,1.0,gold/yen2_page_0072_c09_164.png,巴,巴,True,GOLD,matched
91ea36384241e737,correct,yen11,page_0124,1.0,gold/yen11_page_0124_c09_183.png,沛,沛,True,GOLD,matched
f4562ea0e37b25f7,correct,yen2,page_0136,1.0,gold/yen2_page_0136_c06_093.png,罰,罰,True,GOLD,matched
96f7b68c30a1b05b,correct,yen11,page_0254,1.0,gold/yen11_page_0254_c02_033.png,燒,燒,True,GOLD,matched
a85a6252abbd8e9f,correct,yen4,page_0242,1.0,gold/yen4_page_0242_c08_151.png,寺,寺,True,GOLD,matched
24532e1ac4d38c15,correct,yen4,page_0132,1.0,gold/yen4_page_0132_c04_038.png,於,於,True,GOLD,matched
ec48604e8649d968,correct,yen11,page_0298,1.0,gold/yen11_page_0298_c04_069.png,信,信,True,GOLD,matched
15096c70e6ee150c,correct,yen11,page_0250,1.0,gold/yen11_page_0250_c09_205.png,核,核,True,GOLD,matched
278617925fc57d7c,correct,yen2,page_0090,1.0,gold/yen2_page_0090_c07_129.png,代,代,True,GOLD,matched
dfc4580f04e795d2,correct,yen11,page_0256,1.0,gold/yen11_page_0256_c09_188.png,卒,卒,True,GOLD,matched
53378eb6dbed6f98,correct,yen2,page_0040,1.0,gold/yen2_page_0040_c03_042.png,打,打,True,GOLD,matched
50eb09cf6295e8a7,correct,yen2,page_0058,1.0,gold/yen2_page_0058_c09_190.png,調,調,True,GOLD,matched
7ae25d918f12edc4,correct,yen4,page_0270,1.0,gold/yen4_page_0270_c06_119.png,碎,碎,True,GOLD,matched
0f08fdce40ffb980,correct,yen2,page_0208,0.928,gold/yen2_page_0208_c07_119.png,支,支,True,GOLD,matched
67f32d2df1abfeff,correct,yen2,page_0190,1.0,gold/yen2_page_0190_c08_142.png,婦,婦,True,GOLD,matched
bbf1cf7f16fba1d1,correct,yen11,page_0040,0.785,gold/yen11_page_0040_c09_189.png,殚,殚,True,GOLD,matched
8d1a99b0d3bab65b,correct,yen4,page_0034,1.0,gold/yen4_page_0034_c05_092.png,平,平,True,GOLD,matched
eea66c0381c1552f,correct,yen11,page_0282,1.0,gold/yen11_page_0282_c02_042.png,折,折,True,GOLD,matched
6b8b34076178aba0,correct,yen4,page_0206,1.0,gold/yen4_page_0206_c04_078.png,詳,詳,True,GOLD,matched
029d0dfeaf7fcb7a,correct,yen11,page_0170,0.82,gold/yen11_page_0170_c09_111.png,罢,罢,True,GOLD,matched
e4e452b7063497cd,correct,yen11,page_0106,1.0,gold/yen11_page_0106_c01_016.png,庒,庒,True,GOLD,matched
61a76f15e15a119c,correct,yen4,page_0060,1.0,gold/yen4_page_0060_c08_157.png,除,除,True,GOLD,matched
71900ad0ce9bd7e3,correct,yen4,page_0290,1.0,gold/yen4_page_0290_c03_052.png,列,列,True,GOLD,matched
d7e1be4c908434fe,correct,yen11,page_0106,1.0,gold/yen11_page_0106_c01_008.png,茹,茹,True,GOLD,matched
dc2c1497189624da,correct,yen2,page_0048,0.776,gold/yen2_page_0048_c03_043.png,㝵,㝵,True,GOLD,matched
b83a8be03844b4cd,correct,yen4,page_0088,0.417,,欣,,False,,orphan
024d91ad0d6be252,correct,yen11,page_0128,1.0,gold/yen11_page_0128_c04_069.png,於,於,True,GOLD,matched
95ff8ff809a896ce,correct,yen4,page_0140,1.0,gold/yen4_page_0140_c08_170.png,年,年,True,GOLD,matched
083825a0ba52dd3d,correct,yen4,page_0132,1.0,gold/yen4_page_0132_c05_072.png,扒,扒,True,GOLD,matched
7cb9dd5fc0747d6e,correct,yen4,page_0208,1.0,gold/yen4_page_0208_c07_146.png,証,証,True,GOLD,matched
222dcc7633363641,correct,yen2,page_0202,1.0,gold/yen2_page_0202_c09_152.png,終,終,True,GOLD,matched
6d39c910ea16af80,correct,yen2,page_0326,1.0,gold/yen2_page_0326_c07_126.png,寺,寺,True,GOLD,matched
a1747b99b18d8c93,correct,yen2,page_0052,0.936,gold/yen2_page_0052_c01_015.png,道,道,True,GOLD,matched
40d8df854ef07f39,correct,yen2,page_0032,0.677,gold/yen2_page_0032_c07_144.png,連,連,True,GOLD,matched
3f66ccfdd1029be8,correct,yen11,page_0090,0.397,,傳,,False,,orphan
fe505a5e082495e1,correct,yen4,page_0136,1.0,gold/yen4_page_0136_c03_057.png,礼,礼,True,GOLD,matched
750ad472cdac0cbc,correct,yen11,page_0190,1.0,gold/yen11_page_0190_c06_121.png,官,官,True,GOLD,matched
2101341af67dbe98,correct,yen4,page_0016,1.0,gold/yen4_page_0016_c09_184.png,离,离,True,GOLD,matched
783ac2ff97269f68,correct,yen11,page_0188,1.0,gold/yen11_page_0188_c02_026.png,字,字,True,GOLD,matched
33ee808543e064d1,wrong_image,yen11,page_0136,1.0,gold/yen11_page_0136_c01_021.png,眉,眉,True,GOLD,matched
400495a89d3de3f2,correct,yen11,page_0030,0.614,gold/yen11_page_0030_c08_142.png,伝,伝,True,GOLD,matched
207f383b0195d436,correct,yen11,page_0264,1.0,gold/yen11_page_0264_c03_045.png,奴,奴,True,GOLD,matched
b6241918c11470bc,correct,yen4,page_0084,1.0,gold/yen4_page_0084_c09_182.png,改,改,True,GOLD,matched
b4f98e4b3679c3ca,correct,yen2,page_0174,1.0,gold/yen2_page_0174_c02_035.png,几,几,True,GOLD,matched
b4659e011eaf5842,correct,yen4,page_0166,1.0,gold/yen4_page_0166_c08_171.png,碎,碎,True,GOLD,matched
dfbf9b5e0973d0ef,correct,yen2,page_0210,1.0,gold/yen2_page_0210_c02_035.png,刀,刀,True,GOLD,matched
95e3c2115994f8df,correct,yen2,page_0282,1.0,gold/yen2_page_0282_c05_084.png,別,別,True,GOLD,matched
6b13fe8ab5601264,correct,yen4,page_0096,1.0,gold/yen4_page_0096_c01_017.png,主,主,True,GOLD,matched
53489b04ab528a18,correct,yen2,page_0328,1.0,gold/yen2_page_0328_c09_170.png,之,之,True,GOLD,matched
3039da70f729f3db,correct,yen2,page_0244,1.0,gold/yen2_page_0244_c09_162.png,城,城,True,GOLD,matched
3c150304916ef7f3,correct,yen2,page_0216,1.0,gold/yen2_page_0216_c04_068.png,命,命,True,GOLD,matched
fd44f7d957eab647,correct,yen2,page_0182,1.0,gold/yen2_page_0182_c05_081.png,覩,覩,True,GOLD,matched
5cabdf5c220d4a63,correct,yen11,page_0022,1.0,gold/yen11_page_0022_c07_153.png,罪,罪,True,GOLD,matched
72c2cc3bbb45f332,correct,yen11,page_0166,1.0,gold/yen11_page_0166_c03_051.png,女,女,True,GOLD,matched
9d33c0abca68679a,correct,yen4,page_0260,1.0,gold/yen4_page_0260_c09_181.png,碎,碎,True,GOLD,matched
89d24a8c2a8df8ea,correct,yen4,page_0156,1.0,gold/yen4_page_0156_c04_059.png,年,年,True,GOLD,matched
eb4196b227209f5e,correct,yen11,page_0054,1.0,gold/yen11_page_0054_c04_082.png,娘,娘,True,GOLD,matched
a3f7957bc9efca20,correct,yen4,page_0244,1.0,gold/yen4_page_0244_c08_164.png,底,底,True,GOLD,matched
21094c74b50f5b3d,correct,yen4,page_0054,1.0,gold/yen4_page_0054_c02_025.png,体,体,True,GOLD,matched
773c60eb6bc18691,correct,yen2,page_0018,1.0,gold/yen2_page_0018_c01_014.png,庄,庄,True,GOLD,matched
13d91eabe27b4f97,correct,yen4,page_0034,1.0,gold/yen4_page_0034_c03_060.png,饒,饒,True,GOLD,matched
88799bb026c5dffc,correct,yen11,page_0146,1.0,gold/yen11_page_0146_c03_044.png,帝,帝,True,GOLD,matched
3c105a86dea26342,correct,yen4,page_0208,1.0,gold/yen4_page_0208_c06_130.png,歇,歇,True,GOLD,matched
703c6af1ffc2a56c,correct,yen11,page_0086,1.0,gold/yen11_page_0086_c03_033.png,昆,昆,True,GOLD,matched
beb1058a9185d2e2,correct,yen11,page_0166,1.0,gold/yen11_page_0166_c03_052.png,為,為,True,GOLD,matched
2c3ae57f8a954517,correct,yen2,page_0238,1.0,gold/yen2_page_0238_c01_007.png,批,批,True,GOLD,matched
1b2c4f301d3cb9d0,correct,yen2,page_0262,1.0,gold/yen2_page_0262_c03_039.png,㐌,㐌,True,GOLD,matched
b30c5496c57f89bc,correct,yen11,page_0108,1.0,gold/yen11_page_0108_c04_068.png,主,主,True,GOLD,matched
65f07b7073d91d1e,correct,yen11,page_0192,1.0,gold/yen11_page_0192_c08_158.png,迦,迦,True,GOLD,matched
dfcb59d6f6a5ebbc,correct,yen11,page_0286,1.0,gold/yen11_page_0286_c03_061.png,堂,堂,True,GOLD,matched
bb59ece9ca39c8e5,correct,yen4,page_0054,0.196,,徳,,False,,orphan
2d276138d76331fd,wrong_label,yen11,page_0256,1.0,gold/yen11_page_0256_c09_180.png,㝵,㝵,True,GOLD,matched
753015f921fa3d0a,correct,yen4,page_0056,1.0,gold/yen4_page_0056_c02_039.png,罢,罢,True,GOLD,matched
f04c2f46d24a2863,correct,yen2,page_0244,1.0,gold/yen2_page_0244_c06_101.png,嵩,嵩,True,GOLD,matched
f084f6d066b9a6f3,correct,yen2,page_0182,1.0,gold/yen2_page_0182_c01_008.png,門,門,True,GOLD,matched
e3ba9f0d6b32553e,correct,yen4,page_0290,1.0,gold/yen4_page_0290_c03_058.png,願,願,True,GOLD,matched
b821060ff1c38763,correct,yen11,page_0240,1.0,gold/yen11_page_0240_c08_162.png,眉,眉,True,GOLD,matched
e51d430397f3d554,correct,yen11,page_0068,1.0,gold/yen11_page_0068_c03_055.png,四,四,True,GOLD,matched
26eb9ebb4b2774bb,correct,yen11,page_0198,1.0,gold/yen11_page_0198_c03_049.png,宜,宜,True,GOLD,matched
8e4762cd43609b71,correct,yen2,page_0306,1.0,gold/yen2_page_0306_c01_010.png,徳,徳,True,GOLD,matched
39426b7b89232035,correct,yen2,page_0060,1.0,gold/yen2_page_0060_c06_129.png,主,主,True,GOLD,matched
6c0a7f34348176b7,correct,yen2,page_0020,1.0,gold/yen2_page_0020_c09_165.png,碎,碎,True,GOLD,matched
f62d0ccaacffd1d5,correct,yen2,page_0064,1.0,gold/yen2_page_0064_c01_009.png,官,官,True,GOLD,matched
51f21d03c26e6976,correct,yen11,page_0018,0.45,,旦,,False,,orphan
1084d8626fe03077,correct,yen2,page_0168,1.0,gold/yen2_page_0168_c05_074.png,内,内,True,GOLD,matched
d99a45b6b8b39ea8,correct,yen11,page_0154,1.0,gold/yen11_page_0154_c02_029.png,塊,塊,True,GOLD,matched
cf4a9ba4a9ff23ef,correct,yen11,page_0212,1.0,gold/yen11_page_0212_c07_137.png,欺,欺,True,GOLD,matched
fcacbcb97e8a0e1f,correct,yen4,page_0176,1.0,gold/yen4_page_0176_c06_125.png,駭,駭,True,GOLD,matched
0b318c4c8b7dc81d,correct,yen11,page_0244,1.0,gold/yen11_page_0244_c09_186.png,厨,厨,True,GOLD,matched
89ff385491e91afe,correct,yen4,page_0192,1.0,gold/yen4_page_0192_c08_143.png,固,固,True,GOLD,matched
14d69d0b2f373a82,correct,yen11,page_0086,1.0,gold/yen11_page_0086_c08_140.png,凜,凜,True,GOLD,matched
6f91331744e73586,correct,yen4,page_0140,1.0,gold/yen4_page_0140_c09_190.png,時,時,True,GOLD,matched
6774cc1f513cf8d5,correct,yen11,page_0070,1.0,gold/yen11_page_0070_c02_039.png,功,功,True,GOLD,matched
ffeecfba82aa9c66,correct,yen11,page_0126,1.0,gold/yen11_page_0126_c01_021.png,固,固,True,GOLD,matched
50c0fc21775927ea,correct,yen4,page_0058,1.0,,意,nan,False,REVIEW,label_changed
f72f9732e5491c0c,correct,yen4,page_0188,1.0,gold/yen4_page_0188_c07_133.png,体,体,True,GOLD,matched
50f019d497ae30ea,correct,yen4,page_0102,1.0,gold/yen4_page_0102_c01_010.png,命,命,True,GOLD,matched
07b7202c1de96bbd,correct,yen2,page_0088,1.0,gold/yen2_page_0088_c01_000.png,共,共,True,GOLD,matched
cb0dd27f19258e67,correct,yen4,page_0066,1.0,gold/yen4_page_0066_c09_171.png,扒,扒,True,GOLD,matched
5f9d00e2dc9bc80d,correct,yen11,page_0088,1.0,gold/yen11_page_0088_c08_174.png,尼,尼,True,GOLD,matched
edde71ff5ff98aba,correct,yen2,page_0250,1.0,gold/yen2_page_0250_c01_013.png,朱,朱,True,GOLD,matched
ccdb92bcbfab52ae,correct,yen2,page_0046,1.0,gold/yen2_page_0046_c03_045.png,官,官,True,GOLD,matched
42900866d108bd9a,correct,yen11,page_0270,1.0,gold/yen11_page_0270_c03_050.png,命,命,True,GOLD,matched
08a75e08359d0065,correct,yen11,page_0034,1.0,gold/yen11_page_0034_c02_034.png,時,時,True,GOLD,matched
6335c8cd78033538,correct,yen4,page_0116,0.752,gold/yen4_page_0116_c04_074.png,几,几,True,GOLD,matched
10ab90232c4c965c,correct,yen4,page_0088,1.0,gold/yen4_page_0088_c03_035.png,先,先,True,GOLD,matched
ab9ba129157f6832,correct,yen2,page_0228,1.0,gold/yen2_page_0228_c08_134.png,几,几,True,GOLD,matched
7fd134904ca63730,correct,yen11,page_0036,1.0,gold/yen11_page_0036_c04_073.png,奴,奴,True,GOLD,matched
e9319d6c1dea7d19,correct,yen2,page_0316,1.0,gold/yen2_page_0316_c09_135.png,牙,牙,True,GOLD,matched
2203e6521c69cf6b,correct,yen2,page_0038,1.0,gold/yen2_page_0038_c02_034.png,衣,衣,True,GOLD,matched
b5c8f903b5e6085c,correct,yen4,page_0226,1.0,gold/yen4_page_0226_c05_091.png,其,其,True,GOLD,matched
8b1a3b99675c8114,correct,yen4,page_0298,1.0,gold/yen4_page_0298_c03_049.png,㐌,㐌,True,GOLD,matched
ab24c1bebf6392c3,correct,yen11,page_0104,1.0,gold/yen11_page_0104_c06_108.png,之,之,True,GOLD,matched
15a90afff87f1ee7,correct,yen2,page_0200,1.0,gold/yen2_page_0200_c05_095.png,連,連,True,GOLD,matched
ba6d9eff8c7d9e33,unsure,yen2,page_0222,1.0,gold/yen2_page_0222_c07_118.png,庄,庄,True,GOLD,matched
43491783fdf2e94c,correct,yen4,page_0150,1.0,gold/yen4_page_0150_c02_033.png,意,意,True,GOLD,matched
e2c6759d791648be,correct,yen4,page_0046,0.819,gold/yen4_page_0046_c07_141.png,沚,沚,True,GOLD,matched
db158dd708da66c6,correct,yen11,page_0104,1.0,gold/yen11_page_0104_c06_102.png,踈,踈,True,GOLD,matched
78b0990f9cd1b9fe,correct,yen11,page_0144,1.0,gold/yen11_page_0144_c06_113.png,如,如,True,GOLD,matched
33b6c4260283de04,correct,yen2,page_0142,1.0,gold/yen2_page_0142_c01_001.png,中,中,True,GOLD,matched
ff953601f52ea907,correct,yen4,page_0034,1.0,gold/yen4_page_0034_c05_105.png,朱,朱,True,GOLD,matched
7df9dd4d3b0da25b,correct,yen2,page_0194,1.0,gold/yen2_page_0194_c01_003.png,中,中,True,GOLD,matched
5e05207db7ee0178,correct,yen11,page_0190,1.0,gold/yen11_page_0190_c08_150.png,先,先,True,GOLD,matched
d24419ae41ec9895,correct,yen2,page_0172,1.0,gold/yen2_page_0172_c05_087.png,虚,虚,True,GOLD,matched
1ddc32bf2b26664f,correct,yen11,page_0012,1.0,gold/yen11_page_0012_c05_089.png,撰,撰,True,GOLD,matched
047eb13ec683f353,correct,yen11,page_0228,1.0,gold/yen11_page_0228_c08_165.png,嵬,嵬,True,GOLD,matched
fb438aa292d7a054,correct,yen11,page_0076,1.0,gold/yen11_page_0076_c08_151.png,庄,庄,True,GOLD,matched
05ea3a40b89d3de2,wrong_label,yen4,page_0282,1.0,gold/yen4_page_0282_c07_147.png,㝵,㝵,True,GOLD,matched
2471bd5df39a75c5,correct,yen2,page_0188,1.0,gold/yen2_page_0188_c04_058.png,主,主,True,GOLD,matched
2a8a3dc5a8dc9ee1,correct,yen11,page_0220,0.697,gold/yen11_page_0220_c09_179.png,麻,麻,True,GOLD,matched
17546e985c1488fb,correct,yen4,page_0060,1.0,gold/yen4_page_0060_c05_099.png,朱,朱,True,GOLD,matched
4575305912972a21,correct,yen4,page_0146,1.0,gold/yen4_page_0146_c05_067.png,欣,欣,True,GOLD,matched
4755a029e5515ae2,correct,yen4,page_0276,1.0,gold/yen4_page_0276_c06_113.png,碌,碌,True,GOLD,matched
ce29d516cf47f1f5,correct,yen2,page_0284,1.0,gold/yen2_page_0284_c05_092.png,没,没,True,GOLD,matched
84b1ad334f79931a,correct,yen2,page_0198,1.0,gold/yen2_page_0198_c09_164.png,吏,吏,True,GOLD,matched
422e0e0be7626c9b,correct,yen11,page_0234,1.0,gold/yen11_page_0234_c09_173.png,实,实,True,GOLD,matched
4c867ffcda3e90d7,correct,yen4,page_0146,0.858,gold/yen4_page_0146_c08_129.png,鈽,鈽,True,GOLD,matched
faf64ecc073f5590,correct,yen4,page_0132,1.0,gold/yen4_page_0132_c01_002.png,几,几,True,GOLD,matched
d1a5d335ebdd0b8b,correct,yen11,page_0150,1.0,gold/yen11_page_0150_c05_099.png,烏,烏,True,GOLD,matched
1d10b94c507515d8,correct,yen4,page_0210,1.0,gold/yen4_page_0210_c08_171.png,盅,盅,True,GOLD,matched
a9b0ce9b236602c9,correct,yen11,page_0250,0.791,gold/yen11_page_0250_c07_146.png,秋,秋,True,GOLD,matched
b699afebea20a8bf,correct,yen4,page_0182,1.0,gold/yen4_page_0182_c08_187.png,神,神,True,GOLD,matched
43fb3c83ac439fb2,correct,yen2,page_0286,1.0,gold/yen2_page_0286_c02_033.png,末,末,True,GOLD,matched
2490947159a515d0,correct,yen4,page_0176,1.0,gold/yen4_page_0176_c05_093.png,特,特,True,GOLD,matched
b5c200df7c3976c8,correct,yen2,page_0324,1.0,gold/yen2_page_0324_c02_032.png,蓮,蓮,True,GOLD,matched
dcb0d8f6215709c1,correct,yen11,page_0188,1.0,gold/yen11_page_0188_c08_151.png,之,之,True,GOLD,matched
74eaf3b00b78f752,correct,yen4,page_0030,1.0,gold/yen4_page_0030_c09_187.png,麻,麻,True,GOLD,matched
414af306039dcdfc,wrong_label,yen2,page_0078,1.0,gold/yen2_page_0078_c07_146.png,灵,灵,True,GOLD,matched
beb5d6ddf1fd5c67,correct,yen11,page_0016,1.0,gold/yen11_page_0016_c03_045.png,渚,渚,True,GOLD,matched
99566e482f0019f0,correct,yen4,page_0030,1.0,gold/yen4_page_0030_c04_077.png,麻,麻,True,GOLD,matched
3dd8de4eed3f261d,correct,yen2,page_0028,1.0,gold/yen2_page_0028_c08_157.png,於,於,True,GOLD,matched
94275e39921b87ae,correct,yen11,page_0150,1.0,gold/yen11_page_0150_c04_079.png,矯,矯,True,GOLD,matched
8218b5cd77546002,correct,yen2,page_0220,1.0,gold/yen2_page_0220_c07_121.png,役,役,True,GOLD,matched
5516006cc38cf929,correct,yen11,page_0260,1.0,gold/yen11_page_0260_c05_090.png,朱,朱,True,GOLD,matched
2ca653e2d1875a24,correct,yen2,page_0148,1.0,gold/yen2_page_0148_c04_072.png,朱,朱,True,GOLD,matched
90728ef9e4e204ff,correct,yen11,page_0226,1.0,gold/yen11_page_0226_c05_095.png,欺,欺,True,GOLD,matched
3499820801848a72,correct,yen11,page_0044,0.809,gold/yen11_page_0044_c02_038.png,悶,悶,True,GOLD,matched
e419781d70fc74a6,correct,yen2,page_0056,0.491,,漂,,False,,orphan
46ce9fdc39d8cbde,correct,yen4,page_0144,1.0,gold/yen4_page_0144_c01_016.png,麻,麻,True,GOLD,matched
954afcaa66eabbd1,correct,yen2,page_0052,1.0,gold/yen2_page_0052_c02_043.png,麻,麻,True,GOLD,matched
1dd656c995122cbe,correct,yen4,page_0252,1.0,gold/yen4_page_0252_c07_160.png,畧,畧,True,GOLD,matched
bcb2edaba36b81aa,correct,yen11,page_0096,1.0,gold/yen11_page_0096_c04_070.png,矯,矯,True,GOLD,matched
f3511f4e5ce0dbc5,correct,yen2,page_0068,1.0,gold/yen2_page_0068_c02_027.png,事,事,True,GOLD,matched
6c86e87e66ae8bfa,correct,yen4,page_0046,0.613,gold/yen4_page_0046_c06_120.png,别,别,True,GOLD,matched
320e856d2cc85e36,correct,yen4,page_0092,1.0,gold/yen4_page_0092_c07_138.png,主,主,True,GOLD,matched
be468d6edd88feba,correct,yen2,page_0132,1.0,gold/yen2_page_0132_c06_116.png,悶,悶,True,GOLD,matched
617cd60ad64866ee,correct,yen11,page_0150,1.0,gold/yen11_page_0150_c08_167.png,奴,奴,True,GOLD,matched
277b8353cbc00057,correct,yen11,page_0030,1.0,gold/yen11_page_0030_c09_147.png,㝵,㝵,True,GOLD,matched
c9e67833120d58af,correct,yen4,page_0026,1.0,gold/yen4_page_0026_c05_089.png,别,别,True,GOLD,matched
4af36186da5ced03,wrong_image,yen2,page_0134,1.0,gold/yen2_page_0134_c01_015.png,次,次,True,GOLD,matched
7f1965bb0caf8c7b,correct,yen11,page_0246,1.0,gold/yen11_page_0246_c01_007.png,碎,碎,True,GOLD,matched
755a68d8a4fc650a,correct,yen2,page_0148,1.0,gold/yen2_page_0148_c08_154.png,礼,礼,True,GOLD,matched
b01ad31b0525a4ee,correct,yen11,page_0072,1.0,gold/yen11_page_0072_c08_145.png,支,支,True,GOLD,matched
9b7e23751cadc959,correct,yen2,page_0198,1.0,gold/yen2_page_0198_c09_155.png,碎,碎,True,GOLD,matched
000b1e58a0da6ade,correct,yen4,page_0116,1.0,gold/yen4_page_0116_c07_146.png,㐌,㐌,True,GOLD,matched
d95385647f1894d5,correct,yen2,page_0048,1.0,gold/yen2_page_0048_c08_158.png,塊,塊,True,GOLD,matched
12ecdf10dc274f2b,correct,yen2,page_0094,1.0,gold/yen2_page_0094_c09_187.png,𡗶,𡗶,True,GOLD,matched
f152ecb433a291c5,correct,yen4,page_0226,1.0,gold/yen4_page_0226_c05_106.png,庄,庄,True,GOLD,matched
4b179cd823683cca,correct,yen11,page_0100,0.867,gold/yen11_page_0100_c06_120.png,城,城,True,GOLD,matched
a53cb6467f4cae95,correct,yen11,page_0024,0.653,gold/yen11_page_0024_c05_099.png,皮,皮,True,GOLD,matched
7bc65d79da718218,correct,yen2,page_0072,1.0,gold/yen2_page_0072_c06_108.png,衣,衣,True,GOLD,matched
ccd7cce2298935b0,correct,yen4,page_0064,1.0,gold/yen4_page_0064_c06_122.png,事,事,True,GOLD,matched
0d7805214ec67a83,correct,yen2,page_0132,1.0,gold/yen2_page_0132_c09_167.png,𡗶,𡗶,True,GOLD,matched
56b239388a3b1c98,correct,yen11,page_0072,1.0,gold/yen11_page_0072_c05_103.png,中,中,True,GOLD,matched
e9829bd0850a4a13,correct,yen4,page_0056,1.0,gold/yen4_page_0056_c07_138.png,灵,灵,True,GOLD,matched
bcee28dd3afefce2,wrong_label,yen4,page_0252,1.0,gold/yen4_page_0252_c02_046.png,牢,牢,True,GOLD,matched
c3f199422b49ff36,correct,yen4,page_0170,1.0,gold/yen4_page_0170_c01_009.png,油,油,True,GOLD,matched
0afa41db1548a709,correct,yen4,page_0102,1.0,gold/yen4_page_0102_c02_029.png,昆,昆,True,GOLD,matched
44ea6f494dd4636b,correct,yen4,page_0174,1.0,gold/yen4_page_0174_c06_128.png,固,固,True,GOLD,matched
450c3348f0d3fb8f,correct,yen2,page_0024,0.572,gold/yen2_page_0024_c01_009.png,仍,仍,True,GOLD,matched
bf58e986a967f6b2,correct,yen4,page_0090,0.477,,碎,,False,,orphan
3b5b27fd103587be,correct,yen11,page_0140,1.0,gold/yen11_page_0140_c02_027.png,唯,唯,True,GOLD,matched
bfdbac995a95671a,correct,yen11,page_0180,1.0,gold/yen11_page_0180_c05_093.png,世,世,True,GOLD,matched
981861acf115c3dd,correct,yen11,page_0166,1.0,gold/yen11_page_0166_c09_187.png,対,対,True,GOLD,matched
ed72ffae206506d7,correct,yen11,page_0078,1.0,gold/yen11_page_0078_c03_053.png,冷,冷,True,GOLD,matched
cc657c6681231322,correct,yen4,page_0260,1.0,gold/yen4_page_0260_c03_053.png,麻,麻,True,GOLD,matched
e80064eb56100555,correct,yen2,page_0194,1.0,gold/yen2_page_0194_c07_119.png,官,官,True,GOLD,matched
e13dd4bc6e579f1e,correct,yen4,page_0066,1.0,gold/yen4_page_0066_c05_094.png,欺,欺,True,GOLD,matched
e70a422a76935fac,correct,yen4,page_0044,1.0,gold/yen4_page_0044_c07_146.png,浪,浪,True,GOLD,matched
8e35dd3a370d6299,correct,yen4,page_0138,0.7,gold/yen4_page_0138_c05_107.png,庄,庄,True,GOLD,matched
022584f20dcec40f,correct,yen2,page_0252,1.0,gold/yen2_page_0252_c04_069.png,時,時,True,GOLD,matched
9bce493f60cf38fb,correct,yen2,page_0292,1.0,gold/yen2_page_0292_c04_073.png,亊,亊,True,GOLD,matched
7f2506a57e95f151,correct,yen2,page_0140,1.0,gold/yen2_page_0140_c07_109.png,些,些,True,GOLD,matched
9762bba71a1dcf1e,correct,yen11,page_0050,1.0,gold/yen11_page_0050_c01_018.png,㛪,㛪,True,GOLD,matched
53b25f20414e7d41,correct,yen11,page_0212,1.0,gold/yen11_page_0212_c05_093.png,重,重,True,GOLD,matched
d7220a62963e4af5,correct,yen4,page_0278,1.0,gold/yen4_page_0278_c06_130.png,襖,襖,True,GOLD,matched
881d0783dcebabc7,correct,yen2,page_0274,0.807,gold/yen2_page_0274_c03_049.png,懶,懶,True,GOLD,matched
3c67b33480335fd9,correct,yen11,page_0102,1.0,gold/yen11_page_0102_c01_005.png,支,支,True,GOLD,matched
06168e05d6623069,correct,yen4,page_0124,1.0,gold/yen4_page_0124_c02_029.png,冷,冷,True,GOLD,matched
e3955ab0730df7bc,correct,yen2,page_0214,1.0,gold/yen2_page_0214_c01_006.png,生,生,True,GOLD,matched
cfb689fb02cfa20a,correct,yen2,page_0136,1.0,gold/yen2_page_0136_c08_145.png,朱,朱,True,GOLD,matched
a30e8874b0626a45,correct,yen2,page_0200,1.0,gold/yen2_page_0200_c08_141.png,衆,衆,True,GOLD,matched
5e0a650080ae9e7b,correct,yen4,page_0156,1.0,gold/yen4_page_0156_c09_170.png,底,底,True,GOLD,matched
f62a2427a2d8f790,correct,yen4,page_0078,1.0,gold/yen4_page_0078_c09_184.png,古,古,True,GOLD,matched
1c9522be41b6f9b0,correct,yen4,page_0260,1.0,gold/yen4_page_0260_c05_091.png,連,連,True,GOLD,matched
a5b9bb62d0b6b716,correct,yen11,page_0210,1.0,gold/yen11_page_0210_c09_143.png,於,於,True,GOLD,matched
666b5b024d615aa4,correct,yen2,page_0080,1.0,gold/yen2_page_0080_c09_164.png,道,道,True,GOLD,matched
db4b91ca4f9a3104,correct,yen11,page_0028,1.0,gold/yen11_page_0028_c01_010.png,役,役,True,GOLD,matched
671d2189c2ea4145,correct,yen4,page_0102,1.0,gold/yen4_page_0102_c05_095.png,仃,仃,True,GOLD,matched
054462ba97bbdf0c,correct,yen4,page_0260,1.0,gold/yen4_page_0260_c04_071.png,各,各,True,GOLD,matched
307a3e29ef9923eb,correct,yen11,page_0218,1.0,gold/yen11_page_0218_c06_120.png,垩,垩,True,GOLD,matched
a871fa6d2bde0dbf,correct,yen11,page_0246,1.0,gold/yen11_page_0246_c02_035.png,天,天,True,GOLD,matched
b1f56ca13891b1b7,correct,yen2,page_0248,1.0,gold/yen2_page_0248_c03_054.png,藦,藦,True,GOLD,matched
59d8019ecac30004,correct,yen2,page_0242,1.0,gold/yen2_page_0242_c08_145.png,女,女,True,GOLD,matched
2007edc6c0c0577d,correct,yen11,page_0048,1.0,gold/yen11_page_0048_c01_010.png,各,各,True,GOLD,matched
e8bb7bae6e027f6f,correct,yen2,page_0236,1.0,gold/yen2_page_0236_c03_047.png,逐,逐,True,GOLD,matched
42fb5e047899688c,correct,yen2,page_0076,1.0,gold/yen2_page_0076_c07_144.png,双,双,True,GOLD,matched
aff8e8b92a0840ec,correct,yen4,page_0134,1.0,gold/yen4_page_0134_c04_050.png,欺,欺,True,GOLD,matched
bb1c4e6cde950eb1,correct,yen11,page_0246,1.0,gold/yen11_page_0246_c01_000.png,畧,畧,True,GOLD,matched
45b5374489241a5e,correct,yen2,page_0032,1.0,gold/yen2_page_0032_c08_156.png,婦,婦,True,GOLD,matched
9943a81a684da790,correct,yen4,page_0140,1.0,gold/yen4_page_0140_c07_153.png,意,意,True,GOLD,matched
c53b64312ee33b04,correct,yen4,page_0020,1.0,gold/yen4_page_0020_c01_019.png,時,時,True,GOLD,matched
9586441379817249,correct,yen4,page_0064,1.0,gold/yen4_page_0064_c04_081.png,下,下,True,GOLD,matched
f09b7f557988fb5c,correct,yen11,page_0248,1.0,gold/yen11_page_0248_c08_163.png,孛,孛,True,GOLD,matched
a3cce623644fc08b,correct,yen11,page_0128,1.0,gold/yen11_page_0128_c09_197.png,柴,柴,True,GOLD,matched
25c83132b13777fa,correct,yen4,page_0234,1.0,gold/yen4_page_0234_c01_007.png,傳,傳,True,GOLD,matched
bec89c8a427cbfe7,correct,yen2,page_0140,1.0,gold/yen2_page_0140_c01_000.png,弄,弄,True,GOLD,matched
64862f5bf28ee296,correct,yen4,page_0018,1.0,gold/yen4_page_0018_c07_115.png,世,世,True,GOLD,matched
1fac7cb93c366aad,correct,yen4,page_0224,1.0,gold/yen4_page_0224_c01_017.png,支,支,True,GOLD,matched
31970a2d8b30e5a2,correct,yen2,page_0134,1.0,gold/yen2_page_0134_c01_002.png,沙,沙,True,GOLD,matched
4e04335ebe6361b0,correct,yen2,page_0156,1.0,gold/yen2_page_0156_c01_014.png,巴,巴,True,GOLD,matched
1a07edaec2e547f7,wrong_label,yen2,page_0036,1.0,gold/yen2_page_0036_c02_030.png,㝵,㝵,True,GOLD,matched
1aaa44fe017f0550,correct,yen4,page_0062,1.0,gold/yen4_page_0062_c08_172.png,別,別,True,GOLD,matched
700ad74248fcc723,correct,yen2,page_0198,1.0,gold/yen2_page_0198_c06_091.png,碎,碎,True,GOLD,matched
db9c302c24aa4420,correct,yen11,page_0182,1.0,gold/yen11_page_0182_c03_047.png,共,共,True,GOLD,matched
d3aa523c2a31619b,correct,yen4,page_0080,1.0,gold/yen4_page_0080_c04_077.png,鋪,鋪,True,GOLD,matched
98c064df1d98f5e9,correct,yen4,page_0044,1.0,gold/yen4_page_0044_c08_160.png,及,及,True,GOLD,matched
538a33bab7ac8217,wrong_image,yen4,page_0202,1.0,gold/yen4_page_0202_c07_133.png,曰,曰,True,GOLD,matched
1bf454a300ca2764,correct,yen4,page_0268,0.75,gold/yen4_page_0268_c08_159.png,女,女,True,GOLD,matched
3fe65e9a4addb9e8,correct,yen2,page_0102,1.0,gold/yen2_page_0102_c02_031.png,聀,聀,True,GOLD,matched
e1e45f13bcca6e41,correct,yen4,page_0234,1.0,gold/yen4_page_0234_c07_114.png,時,時,True,GOLD,matched
b1b8bb052d5c8436,correct,yen11,page_0222,1.0,gold/yen11_page_0222_c03_051.png,房,房,True,GOLD,matched
66dde628e33ed234,correct,yen2,page_0088,1.0,gold/yen2_page_0088_c07_145.png,𨺻,𨺻,True,GOLD,matched
ad97336cc895115a,correct,yen2,page_0166,1.0,gold/yen2_page_0166_c03_048.png,灵,灵,True,GOLD,matched
90d43f1efdf4e746,correct,yen11,page_0228,1.0,gold/yen11_page_0228_c09_179.png,麻,麻,True,GOLD,matched
68bf104a6fa95dea,correct,yen11,page_0100,1.0,gold/yen11_page_0100_c05_096.png,共,共,True,GOLD,matched
0bf87fbfe5840699,correct,yen2,page_0314,1.0,gold/yen2_page_0314_c01_013.png,末,末,True,GOLD,matched
00107a5a014656f1,correct,yen11,page_0200,1.0,gold/yen11_page_0200_c03_042.png,連,連,True,GOLD,matched
c020770a082df45a,correct,yen4,page_0092,1.0,gold/yen4_page_0092_c01_003.png,年,年,True,GOLD,matched
60cca3ca14455e7e,correct,yen4,page_0036,1.0,gold/yen4_page_0036_c07_136.png,碎,碎,True,GOLD,matched
7410948a9ae14820,correct,yen2,page_0228,1.0,gold/yen2_page_0228_c02_028.png,道,道,True,GOLD,matched
363a31ed2f1cfec7,correct,yen2,page_0242,1.0,gold/yen2_page_0242_c05_072.png,除,除,True,GOLD,matched
50e231c3cf0bbaba,correct,yen4,page_0034,1.0,gold/yen4_page_0034_c05_099.png,弄,弄,True,GOLD,matched
9e96b74775d95f4d,correct,yen11,page_0294,1.0,gold/yen11_page_0294_c03_062.png,除,除,True,GOLD,matched
13230365032379fb,correct,yen4,page_0070,1.0,gold/yen4_page_0070_c04_074.png,宐,宐,True,GOLD,matched
61d3a12c264bf591,correct,yen2,page_0208,1.0,gold/yen2_page_0208_c08_143.png,訴,訴,True,GOLD,matched
496e363189359f0c,correct,yen11,page_0098,1.0,gold/yen11_page_0098_c09_151.png,生,生,True,GOLD,matched
7029a8698283b99f,correct,yen2,page_0256,1.0,gold/yen2_page_0256_c05_086.png,求,求,True,GOLD,matched
f0b764f70b809521,correct,yen11,page_0206,1.0,gold/yen11_page_0206_c02_038.png,沙,沙,True,GOLD,matched
123a86ce57b99ae4,correct,yen4,page_0092,1.0,gold/yen4_page_0092_c02_037.png,几,几,True,GOLD,matched
7495a49f694ba627,correct,yen2,page_0282,1.0,gold/yen2_page_0282_c08_145.png,双,双,True,GOLD,matched
d498ff3d894670df,correct,yen2,page_0040,1.0,gold/yen2_page_0040_c07_128.png,庫,庫,True,GOLD,matched
ea60c922377f877d,correct,yen4,page_0228,1.0,gold/yen4_page_0228_c06_117.png,浪,浪,True,GOLD,matched
42125b43c5a33752,correct,yen4,page_0112,1.0,gold/yen4_page_0112_c09_152.png,生,生,True,GOLD,matched
0b168f4e60843195,correct,yen2,page_0032,1.0,gold/yen2_page_0032_c04_076.png,㝵,㝵,True,GOLD,matched
fcfa7c651716a9c6,wrong_label,yen2,page_0052,1.0,gold/yen2_page_0052_c02_039.png,烏,烏,True,GOLD,matched
030b227c00f42fc9,correct,yen2,page_0300,1.0,gold/yen2_page_0300_c06_112.png,𠱋,𠱋,True,GOLD,matched
db67cd5d2f7a6bb2,correct,yen11,page_0172,1.0,gold/yen11_page_0172_c01_016.png,㝵,㝵,True,GOLD,matched
2d3333b65dd949f8,correct,yen4,page_0290,1.0,gold/yen4_page_0290_c09_194.png,巾,巾,True,GOLD,matched
9b3767a343bfa7ad,correct,yen2,page_0280,1.0,gold/yen2_page_0280_c02_030.png,模,模,True,GOLD,matched
7be832ca501c380c,correct,yen2,page_0028,1.0,gold/yen2_page_0028_c05_110.png,連,連,True,GOLD,matched
97337fcb534a5400,correct,yen11,page_0118,0.63,gold/yen11_page_0118_c01_016.png,司,司,True,GOLD,matched
5acdd2a85d05d473,correct,yen4,page_0274,1.0,gold/yen4_page_0274_c03_066.png,時,時,True,GOLD,matched
195ea192707ace50,correct,yen2,page_0298,1.0,gold/yen2_page_0298_c02_021.png,终,终,True,GOLD,matched
9808afe55747a67e,correct,yen2,page_0224,1.0,gold/yen2_page_0224_c01_018.png,間,間,True,GOLD,matched
42d02f2c76d356ea,correct,yen4,page_0270,1.0,gold/yen4_page_0270_c08_159.png,連,連,True,GOLD,matched
18c2d8fc15824aa1,correct,yen11,page_0250,1.0,gold/yen11_page_0250_c02_025.png,翁,翁,True,GOLD,matched
66e4497212756d2f,correct,yen11,page_0132,1.0,gold/yen11_page_0132_c02_033.png,安,安,True,GOLD,matched
eb2f31153d480dce,correct,yen11,page_0054,1.0,gold/yen11_page_0054_c08_171.png,麻,麻,True,GOLD,matched
6074416bf9fc5ffa,correct,yen2,page_0088,1.0,gold/yen2_page_0088_c05_097.png,罰,罰,True,GOLD,matched
e124655280892fc8,correct,yen11,page_0072,1.0,gold/yen11_page_0072_c01_002.png,共,共,True,GOLD,matched
8e9fd3d27145e7e2,correct,yen4,page_0248,1.0,gold/yen4_page_0248_c03_032.png,尼,尼,True,GOLD,matched
c0a31fb01577e242,correct,yen11,page_0198,1.0,gold/yen11_page_0198_c05_089.png,召,召,True,GOLD,matched
2e63d42ed9cf7fc9,correct,yen4,page_0294,1.0,gold/yen4_page_0294_c03_049.png,各,各,True,GOLD,matched
a6829e7ddef1fc0c,wrong_image,yen4,page_0108,1.0,gold/yen4_page_0108_c07_152.png,晜,晜,True,GOLD,matched
59ea760eb2c783bd,correct,yen2,page_0160,1.0,gold/yen2_page_0160_c02_034.png,旦,旦,True,GOLD,matched
6203db186465ea96,correct,yen11,page_0130,1.0,gold/yen11_page_0130_c03_044.png,㝵,㝵,True,GOLD,matched
ad4f19debb9b4ffb,correct,yen11,page_0066,1.0,gold/yen11_page_0066_c01_005.png,几,几,True,GOLD,matched
5461a463ce8df9b2,correct,yen4,page_0258,1.0,gold/yen4_page_0258_c03_055.png,連,連,True,GOLD,matched
966dfbd92be48777,correct,yen11,page_0150,1.0,gold/yen11_page_0150_c07_138.png,魔,魔,True,GOLD,matched
a143b430232eddb0,correct,yen2,page_0130,1.0,gold/yen2_page_0130_c08_162.png,其,其,True,GOLD,matched
d9c0d0e17df617d5,correct,yen11,page_0226,1.0,gold/yen11_page_0226_c08_168.png,宜,宜,True,GOLD,matched
f73a6ace64643aeb,correct,yen4,page_0038,0.89,gold/yen4_page_0038_c02_021.png,旦,旦,True,GOLD,matched
65ed51c89616766c,correct,yen4,page_0200,1.0,gold/yen4_page_0200_c09_163.png,礼,礼,True,GOLD,matched
364d5b633e0b6555,correct,yen2,page_0186,1.0,gold/yen2_page_0186_c07_118.png,呂,呂,True,GOLD,matched
d622a458aec1b05a,correct,yen11,page_0208,1.0,gold/yen11_page_0208_c02_032.png,時,時,True,GOLD,matched
7e22fabaadf59b9d,correct,yen4,page_0070,1.0,gold/yen4_page_0070_c04_067.png,賊,賊,True,GOLD,matched
271a203b2ac184d4,correct,yen4,page_0044,1.0,gold/yen4_page_0044_c06_105.png,㐌,㐌,True,GOLD,matched
efd800b418943f46,correct,yen11,page_0104,1.0,gold/yen11_page_0104_c04_059.png,圭,圭,True,GOLD,matched
3e6441cd470a16a6,correct,yen11,page_0260,1.0,gold/yen11_page_0260_c01_016.png,断,断,True,GOLD,matched
5a7b598eab7b4daf,correct,yen2,page_0082,1.0,gold/yen2_page_0082_c03_050.png,仍,仍,True,GOLD,matched
0bbd63d349fceecd,correct,yen4,page_0098,0.804,gold/yen4_page_0098_c03_059.png,仕,仕,True,GOLD,matched
7e3a322f18c6cb32,correct,yen4,page_0040,1.0,gold/yen4_page_0040_c06_113.png,丕,丕,True,GOLD,matched
16bc9d3946959065,correct,yen4,page_0024,1.0,gold/yen4_page_0024_c05_091.png,歇,歇,True,GOLD,matched
71926728d6e363d5,correct,yen4,page_0142,1.0,gold/yen4_page_0142_c01_000.png,德,德,True,GOLD,matched
ef991f7c22238e95,correct,yen4,page_0084,1.0,gold/yen4_page_0084_c09_186.png,事,事,True,GOLD,matched
95493dc0d81ca31e,correct,yen2,page_0296,0.717,gold/yen2_page_0296_c09_144.png,些,些,True,GOLD,matched
bb4a3bddf065ca82,correct,yen11,page_0220,0.825,gold/yen11_page_0220_c09_177.png,時,時,True,GOLD,matched
3848cb424aa3cbc1,correct,yen2,page_0176,1.0,gold/yen2_page_0176_c01_011.png,衣,衣,True,GOLD,matched
57a03f6ca375dcd5,correct,yen2,page_0234,1.0,gold/yen2_page_0234_c04_072.png,几,几,True,GOLD,matched
6e0099d9db6cbd9d,correct,yen4,page_0258,1.0,gold/yen4_page_0258_c02_035.png,事,事,True,GOLD,matched
8e95ef3ceae66828,correct,yen11,page_0140,1.0,gold/yen11_page_0140_c06_118.png,命,命,True,GOLD,matched
7861485e16bcf2ba,correct,yen4,page_0034,1.0,gold/yen4_page_0034_c09_185.png,除,除,True,GOLD,matched
820a90b5e8b866a4,correct,yen2,page_0056,1.0,gold/yen2_page_0056_c03_057.png,没,没,True,GOLD,matched
89ec09fe6c488ec1,correct,yen11,page_0258,1.0,gold/yen11_page_0258_c01_001.png,事,事,True,GOLD,matched
417768169eb8b8c6,correct,yen4,page_0286,1.0,gold/yen4_page_0286_c02_037.png,瑰,瑰,True,GOLD,matched
c120888f8bd16354,correct,yen4,page_0260,1.0,gold/yen4_page_0260_c04_072.png,官,官,True,GOLD,matched
3bd96c68c12fb46f,correct,yen2,page_0240,1.0,gold/yen2_page_0240_c07_124.png,生,生,True,GOLD,matched
8c8cea952dc60621,correct,yen11,page_0054,0.794,,枸,nan,False,REVIEW,label_changed
1a73a490a5fdea2b,correct,yen2,page_0250,1.0,gold/yen2_page_0250_c03_049.png,末,末,True,GOLD,matched
9275c41555b0a5b6,correct,yen4,page_0156,1.0,gold/yen4_page_0156_c03_042.png,固,固,True,GOLD,matched
18911c7c83ce45fd,correct,yen11,page_0288,1.0,gold/yen11_page_0288_c03_060.png,冉,冉,True,GOLD,matched
dccc7a7ee7b6f558,correct,yen4,page_0218,1.0,gold/yen4_page_0218_c07_134.png,朱,朱,True,GOLD,matched
e0f7795c5a239813,correct,yen11,page_0086,0.304,,自,,False,,orphan
69ed3a32da677a1e,correct,yen2,page_0154,1.0,gold/yen2_page_0154_c07_129.png,碎,碎,True,GOLD,matched
dfae6265e96cb1c6,correct,yen2,page_0052,1.0,gold/yen2_page_0052_c02_024.png,示,示,True,GOLD,matched
8bb366d77abce227,correct,yen2,page_0056,1.0,gold/yen2_page_0056_c06_120.png,於,於,True,GOLD,matched
5acd43ce3470f250,correct,yen4,page_0032,1.0,gold/yen4_page_0032_c06_103.png,体,体,True,GOLD,matched
7f23d4e0f3425ed9,correct,yen11,page_0252,1.0,gold/yen11_page_0252_c08_175.png,之,之,True,GOLD,matched
b9ec62f6f31d111d,correct,yen4,page_0162,1.0,gold/yen4_page_0162_c03_052.png,仍,仍,True,GOLD,matched
48d654f0f5b5efc0,wrong_label,yen11,page_0148,1.0,gold/yen11_page_0148_c04_070.png,斈,斈,True,GOLD,matched
baf22f3aed1c9df0,correct,yen2,page_0024,1.0,gold/yen2_page_0024_c08_173.png,垩,垩,True,GOLD,matched
55ba61146aa8d446,correct,yen11,page_0092,1.0,gold/yen11_page_0092_c07_115.png,麻,麻,True,GOLD,matched
86d22c9cee19139e,correct,yen11,page_0118,1.0,gold/yen11_page_0118_c04_078.png,𧗱,𧗱,True,GOLD,matched
0c54e9f564f9c21f,correct,yen2,page_0314,1.0,gold/yen2_page_0314_c04_074.png,主,主,True,GOLD,matched
d4344fbe1ab5d4d6,wrong_label,yen11,page_0054,0.101,,尼,,False,,orphan
b57df76d880c56d9,correct,yen2,page_0056,1.0,gold/yen2_page_0056_c07_140.png,半,半,True,GOLD,matched
cedfd1f4cefdb2b2,correct,yen2,page_0034,1.0,gold/yen2_page_0034_c06_112.png,朱,朱,True,GOLD,matched
f631cc4dc5784384,correct,yen11,page_0106,1.0,gold/yen11_page_0106_c06_126.png,折,折,True,GOLD,matched
4682e50cb60f6041,correct,yen2,page_0086,1.0,gold/yen2_page_0086_c03_048.png,郎,郎,True,GOLD,matched
0291cfadfafbae3e,correct,yen2,page_0040,1.0,gold/yen2_page_0040_c09_179.png,連,連,True,GOLD,matched
a9795f63227d791a,correct,yen4,page_0206,1.0,gold/yen4_page_0206_c06_097.png,自,自,True,GOLD,matched
6636347e94bebc3d,correct,yen2,page_0246,1.0,gold/yen2_page_0246_c09_179.png,法,法,True,GOLD,matched
71279e8824c162d4,correct,yen4,page_0164,1.0,syllable/yen4_page_0164_c05_109.png,生,nan,False,SYLLABLE,label_changed
64d1c37acf9d257d,correct,yen11,page_0226,1.0,gold/yen11_page_0226_c06_123.png,郎,郎,True,GOLD,matched
c0e2310020f8344d,correct,yen2,page_0072,1.0,gold/yen2_page_0072_c08_149.png,役,役,True,GOLD,matched
5b33beee7a435ce8,correct,yen2,page_0152,1.0,gold/yen2_page_0152_c06_116.png,㝵,㝵,True,GOLD,matched
c2f3d14618aedf7d,correct,yen4,page_0078,1.0,gold/yen4_page_0078_c05_108.png,呐,呐,True,GOLD,matched
67a4cddc1587ae79,correct,yen11,page_0198,1.0,gold/yen11_page_0198_c04_075.png,固,固,True,GOLD,matched
a7432cd166d44294,correct,yen11,page_0206,1.0,gold/yen11_page_0206_c03_053.png,朱,朱,True,GOLD,matched
af488b1437bd90fb,correct,yen11,page_0120,1.0,gold/yen11_page_0120_c03_060.png,功,功,True,GOLD,matched
7feaaebd43999e40,correct,yen2,page_0024,0.855,gold/yen2_page_0024_c01_001.png,堵,堵,True,GOLD,matched
17b323eb384cb7a9,correct,yen4,page_0288,1.0,gold/yen4_page_0288_c02_039.png,浪,浪,True,GOLD,matched
80d05b7c7360c841,correct,yen2,page_0188,1.0,gold/yen2_page_0188_c04_073.png,神,神,True,GOLD,matched
12d57490a2a23502,correct,yen11,page_0248,1.0,gold/yen11_page_0248_c09_195.png,𥘉,𥘉,True,GOLD,matched
622c89d15c9571bc,correct,yen4,page_0272,1.0,gold/yen4_page_0272_c06_117.png,渚,渚,True,GOLD,matched
9b703b8663fa3e1c,correct,yen11,page_0250,0.854,gold/yen11_page_0250_c07_148.png,朱,朱,True,GOLD,matched
7ab1490a64aeec17,correct,yen11,page_0148,1.0,gold/yen11_page_0148_c02_027.png,連,連,True,GOLD,matched
ffe7179aa1243ddd,correct,yen2,page_0262,0.421,,㝵,,False,,orphan
6b873972b6beac4b,correct,yen11,page_0256,1.0,gold/yen11_page_0256_c06_128.png,斫,斫,True,GOLD,matched
9d46075317fac677,correct,yen4,page_0190,1.0,gold/yen4_page_0190_c01_016.png,拖,拖,True,GOLD,matched
94c5f229b918e432,correct,yen2,page_0160,1.0,gold/yen2_page_0160_c06_101.png,旦,旦,True,GOLD,matched
188c20ff4b303512,correct,yen2,page_0168,1.0,gold/yen2_page_0168_c05_088.png,垩,垩,True,GOLD,matched
4e19d3ae782a1399,correct,yen4,page_0138,0.741,gold/yen4_page_0138_c05_110.png,麻,麻,True,GOLD,matched
c838bc0784e3de57,correct,yen2,page_0030,0.871,gold/yen2_page_0030_c04_089.png,主,主,True,GOLD,matched
a9a715ff7d835117,correct,yen4,page_0016,1.0,gold/yen4_page_0016_c03_065.png,多,多,True,GOLD,matched
57d15c0ca2bd8df1,correct,yen11,page_0076,1.0,gold/yen11_page_0076_c08_146.png,曰,曰,True,GOLD,matched
a6b805d599f664a1,wrong_label,yen11,page_0242,1.0,gold/yen11_page_0242_c02_025.png,黄,黄,True,GOLD,matched
ff52a3ec4e3c28ec,correct,yen4,page_0058,1.0,gold/yen4_page_0058_c05_084.png,中,中,True,GOLD,matched
629544cc9fa08478,correct,yen2,page_0110,1.0,gold/yen2_page_0110_c04_066.png,塊,塊,True,GOLD,matched
42179299ece304d6,correct,yen11,page_0298,1.0,gold/yen11_page_0298_c04_076.png,咍,咍,True,GOLD,matched
d98211c231d3983f,correct,yen4,page_0148,1.0,gold/yen4_page_0148_c07_134.png,特,特,True,GOLD,matched
af8d2b00679b9476,correct,yen2,page_0326,1.0,gold/yen2_page_0326_c03_046.png,末,末,True,GOLD,matched
e23926cf0744c454,correct,yen11,page_0048,1.0,gold/yen11_page_0048_c07_128.png,㝵,㝵,True,GOLD,matched
92d93b6879eba1df,correct,yen4,page_0152,1.0,gold/yen4_page_0152_c06_113.png,道,道,True,GOLD,matched
93d8f440f298a4c9,correct,yen2,page_0072,1.0,gold/yen2_page_0072_c02_019.png,翁,翁,True,GOLD,matched
466d9ba6d650a8d1,correct,yen4,page_0292,1.0,gold/yen4_page_0292_c07_151.png,共,共,True,GOLD,matched
fef342ea5507b82f,correct,yen2,page_0016,1.0,gold/yen2_page_0016_c01_018.png,扒,扒,True,GOLD,matched
84c6defbba7ec54c,correct,yen2,page_0202,1.0,gold/yen2_page_0202_c06_112.png,時,時,True,GOLD,matched
4e7789d14d8631f9,wrong_label,yen4,page_0088,1.0,gold/yen4_page_0088_c04_065.png,共,共,True,GOLD,matched
3312ae02853e4f57,correct,yen4,page_0062,1.0,gold/yen4_page_0062_c03_047.png,宜,宜,True,GOLD,matched
43a75e0b26db0a16,correct,yen11,page_0210,0.522,gold/yen11_page_0210_c03_048.png,朱,朱,True,GOLD,matched
980f4ab61839a380,correct,yen4,page_0292,1.0,gold/yen4_page_0292_c03_064.png,意,意,True,GOLD,matched
2fd2ba456289fcfb,correct,yen2,page_0284,1.0,gold/yen2_page_0284_c04_065.png,事,事,True,GOLD,matched
6fbe8c9d24d9ad0d,correct,yen4,page_0020,0.516,gold/yen4_page_0020_c09_181.png,㝵,㝵,True,GOLD,matched
2702878dd62fb77f,correct,yen11,page_0146,1.0,gold/yen11_page_0146_c06_121.png,共,共,True,GOLD,matched
faf024c70cbf7bd6,correct,yen11,page_0048,1.0,gold/yen11_page_0048_c07_132.png,真,真,True,GOLD,matched
cfe7e2c6395cdb36,correct,yen4,page_0288,1.0,gold/yen4_page_0288_c03_048.png,特,特,True,GOLD,matched
6b3c6fa81ea1a912,correct,yen11,page_0026,1.0,gold/yen11_page_0026_c02_039.png,旦,旦,True,GOLD,matched
5ff3517b76162c82,correct,yen2,page_0106,1.0,gold/yen2_page_0106_c05_077.png,多,多,True,GOLD,matched
08aee1d9bc6a3395,correct,yen2,page_0150,1.0,gold/yen2_page_0150_c07_136.png,特,特,True,GOLD,matched
d4636bf06dc7eaa3,correct,yen4,page_0088,1.0,gold/yen4_page_0088_c07_128.png,詳,詳,True,GOLD,matched
b422d6dde0d7da64,correct,yen4,page_0140,1.0,gold/yen4_page_0140_c09_175.png,塊,塊,True,GOLD,matched
10c793c0ffde3e52,correct,yen11,page_0016,1.0,gold/yen11_page_0016_c07_145.png,各,各,True,GOLD,matched
f78d6810a18f2ff6,correct,yen11,page_0278,1.0,gold/yen11_page_0278_c08_147.png,悶,悶,True,GOLD,matched
e85499255a95b0e4,correct,yen11,page_0120,0.91,gold/yen11_page_0120_c09_188.png,离,离,True,GOLD,matched
bc43f9850d874b64,correct,yen2,page_0318,1.0,gold/yen2_page_0318_c06_106.png,補,補,True,GOLD,matched
c80565a5c2be2296,correct,yen4,page_0230,1.0,gold/yen4_page_0230_c09_173.png,体,体,True,GOLD,matched
c8b20b9e9e7aa94d,correct,yen11,page_0080,0.82,gold/yen11_page_0080_c06_121.png,除,除,True,GOLD,matched
01fccfb2ef595ae8,correct,yen11,page_0130,1.0,gold/yen11_page_0130_c07_131.png,時,時,True,GOLD,matched
401d341c7c3700da,correct,yen11,page_0190,1.0,gold/yen11_page_0190_c06_123.png,朱,朱,True,GOLD,matched
bf2afb864d86e452,correct,yen2,page_0062,1.0,gold/yen2_page_0062_c01_009.png,麻,麻,True,GOLD,matched
1caa17cbe9949dd7,correct,yen11,page_0044,1.0,gold/yen11_page_0044_c01_000.png,朱,朱,True,GOLD,matched
3b5331b9860ff534,correct,yen11,page_0218,1.0,gold/yen11_page_0218_c06_118.png,調,調,True,GOLD,matched
8d698bb119c82c78,correct,yen2,page_0228,1.0,gold/yen2_page_0228_c03_047.png,巴,巴,True,GOLD,matched
721c48fbf7ee79a3,correct,yen4,page_0264,1.0,gold/yen4_page_0264_c03_052.png,道,道,True,GOLD,matched
90374f79beea22ce,wrong_image,yen11,page_0128,1.0,gold/yen11_page_0128_c09_187.png,福,福,True,GOLD,matched
e14744cfffeb8208,correct,yen2,page_0140,1.0,gold/yen2_page_0140_c08_133.png,吒,吒,True,GOLD,matched
66eaa57bd9ce1e6d,correct,yen4,page_0202,1.0,gold/yen4_page_0202_c01_015.png,押,押,True,GOLD,matched
400341b6a7a1d6fe,correct,yen4,page_0178,1.0,gold/yen4_page_0178_c05_101.png,特,特,True,GOLD,matched
7761bc07ca0a1581,correct,yen11,page_0278,1.0,gold/yen11_page_0278_c07_125.png,爲,爲,True,GOLD,matched
37fb2985baf3922f,correct,yen4,page_0210,1.0,gold/yen4_page_0210_c01_006.png,死,死,True,GOLD,matched
419a1d28f9a8d7dd,correct,yen2,page_0298,1.0,gold/yen2_page_0298_c08_146.png,㝵,㝵,True,GOLD,matched
bbd5e0f3bb844afd,correct,yen2,page_0324,1.0,gold/yen2_page_0324_c09_161.png,碎,碎,True,GOLD,matched
d4277772bf0f7c84,correct,yen4,page_0150,1.0,gold/yen4_page_0150_c05_107.png,道,道,True,GOLD,matched
609748a044c822c8,wrong_label,yen4,page_0120,1.0,gold/yen4_page_0120_c02_039.png,㝵,㝵,True,GOLD,matched
bba915e5a8873610,correct,yen11,page_0132,1.0,gold/yen11_page_0132_c04_081.png,法,法,True,GOLD,matched
d9a7fd279e9af93a,correct,yen11,page_0296,1.0,gold/yen11_page_0296_c04_075.png,之,之,True,GOLD,matched
a5f2ea6c3db54ced,correct,yen2,page_0298,1.0,gold/yen2_page_0298_c04_056.png,國,國,True,GOLD,matched
65e76279e34d39bf,correct,yen4,page_0018,1.0,gold/yen4_page_0018_c02_027.png,饒,饒,True,GOLD,matched
3b327dd687d58abb,correct,yen2,page_0232,1.0,gold/yen2_page_0232_c07_119.png,翁,翁,True,GOLD,matched
083c5eef8e96dd05,correct,yen11,page_0072,1.0,gold/yen11_page_0072_c06_111.png,奴,奴,True,GOLD,matched
a52b7ecfd613689c,correct,yen4,page_0230,1.0,gold/yen4_page_0230_c02_040.png,朝,朝,True,GOLD,matched
79c793170a88e767,correct,yen4,page_0092,1.0,gold/yen4_page_0092_c03_059.png,連,連,True,GOLD,matched
753827ebcaecb95b,correct,yen2,page_0076,1.0,gold/yen2_page_0076_c08_165.png,凭,凭,True,GOLD,matched
2931717605d240d2,correct,yen11,page_0296,1.0,gold/yen11_page_0296_c07_122.png,斫,斫,True,GOLD,matched
e15a65c6e35598a8,correct,yen4,page_0212,1.0,gold/yen4_page_0212_c07_138.png,特,特,True,GOLD,matched
bda4abbd892a7a72,correct,yen2,page_0180,1.0,gold/yen2_page_0180_c02_026.png,恩,恩,True,GOLD,matched
5c365a69cc468a03,correct,yen4,page_0034,1.0,gold/yen4_page_0034_c07_140.png,除,除,True,GOLD,matched
f79264f6f76e2a83,correct,yen4,page_0198,1.0,gold/yen4_page_0198_c06_103.png,冷,冷,True,GOLD,matched
15da910a9a55d5e5,correct,yen2,page_0224,1.0,gold/yen2_page_0224_c01_017.png,世,世,True,GOLD,matched
99862e01bf28263e,correct,yen2,page_0048,1.0,gold/yen2_page_0048_c06_109.png,沛,沛,True,GOLD,matched
b198fd0eab0ade2a,correct,yen11,page_0268,1.0,gold/yen11_page_0268_c08_156.png,𥙷,𥙷,True,GOLD,matched
3dc4ddef784860b6,correct,yen2,page_0324,1.0,gold/yen2_page_0324_c01_017.png,丕,丕,True,GOLD,matched
6a2be18588ecfd68,correct,yen11,page_0048,1.0,gold/yen11_page_0048_c06_113.png,空,空,True,GOLD,matched
a4aad79dc084bf8a,correct,yen2,page_0304,1.0,gold/yen2_page_0304_c09_169.png,重,重,True,GOLD,matched
5f90029ce11faadd,correct,yen2,page_0152,1.0,gold/yen2_page_0152_c08_148.png,主,主,True,GOLD,matched
6f8505bc96baf4f8,correct,yen2,page_0208,1.0,gold/yen2_page_0208_c04_073.png,囉,囉,True,GOLD,matched
d8d3b6ab0b2902d4,correct,yen2,page_0228,1.0,gold/yen2_page_0228_c09_151.png,意,意,True,GOLD,matched
2ac6990c5388d20e,correct,yen4,page_0250,1.0,gold/yen4_page_0250_c06_119.png,城,城,True,GOLD,matched
ddf464e734d8e375,correct,yen11,page_0080,1.0,gold/yen11_page_0080_c01_020.png,車,車,True,GOLD,matched
a0cd50c873ee72ec,correct,yen11,page_0186,1.0,gold/yen11_page_0186_c03_054.png,边,边,True,GOLD,matched
6a2673ee442b053e,wrong_label,yen11,page_0210,0.762,gold/yen11_page_0210_c08_128.png,連,連,True,GOLD,matched
d6602d89f05df202,correct,yen2,page_0066,1.0,gold/yen2_page_0066_c04_067.png,麻,麻,True,GOLD,matched
9bddbcbc1b708719,correct,yen4,page_0192,0.502,gold/yen4_page_0192_c09_158.png,罢,罢,True,GOLD,matched
a1fcdd00abaf521b,correct,yen2,page_0060,1.0,gold/yen2_page_0060_c06_124.png,礼,礼,True,GOLD,matched
c4380b5001bfbdd1,correct,yen11,page_0124,1.0,gold/yen11_page_0124_c08_175.png,庫,庫,True,GOLD,matched
84de9aafcd6cc393,correct,yen2,page_0162,1.0,gold/yen2_page_0162_c04_070.png,𧗱,𧗱,True,GOLD,matched
f591637edaa314f7,correct,yen4,page_0042,1.0,gold/yen4_page_0042_c03_047.png,朱,朱,True,GOLD,matched
5335bbeb9daa2e57,correct,yen11,page_0036,1.0,gold/yen11_page_0036_c03_042.png,麻,麻,True,GOLD,matched
eee7d11b88eb77b6,correct,yen2,page_0048,1.0,gold/yen2_page_0048_c08_154.png,体,体,True,GOLD,matched
7c9aecc075a4591e,correct,yen11,page_0250,1.0,gold/yen11_page_0250_c03_049.png,麻,麻,True,GOLD,matched
f24879f95497ef5f,correct,yen4,page_0056,1.0,gold/yen4_page_0056_c04_083.png,獄,獄,True,GOLD,matched
04bdeef767ed4694,correct,yen11,page_0274,1.0,gold/yen11_page_0274_c08_177.png,麻,麻,True,GOLD,matched
200da6ae6781f3cc,correct,yen11,page_0126,1.0,gold/yen11_page_0126_c09_153.png,願,願,True,GOLD,matched
362aec3f21e138ea,correct,yen11,page_0162,1.0,gold/yen11_page_0162_c04_073.png,邁,邁,True,GOLD,matched
61e4ac8f7b17e19f,correct,yen2,page_0032,1.0,gold/yen2_page_0032_c01_005.png,朱,朱,True,GOLD,matched
a607e9cd22352bd5,correct,yen11,page_0054,1.0,gold/yen11_page_0054_c02_042.png,事,事,True,GOLD,matched
3a56e343e1876cb3,correct,yen11,page_0036,0.45,,昆,,False,,orphan
3fdefcedae65194e,correct,yen11,page_0198,1.0,gold/yen11_page_0198_c04_066.png,麻,麻,True,GOLD,matched
04d57665501adfa4,correct,yen4,page_0062,1.0,gold/yen4_page_0062_c01_007.png,渚,渚,True,GOLD,matched
a98d8de9a51e1049,correct,yen2,page_0254,1.0,gold/yen2_page_0254_c06_107.png,於,於,True,GOLD,matched
c2d99fc292c0633f,correct,yen11,page_0012,0.741,gold/yen11_page_0012_c02_035.png,固,固,True,GOLD,matched
4c606964e5d1a910,correct,yen11,page_0092,1.0,gold/yen11_page_0092_c03_045.png,秋,秋,True,GOLD,matched
365e1515aca06385,correct,yen2,page_0274,1.0,gold/yen2_page_0274_c09_171.png,施,施,True,GOLD,matched
115c912bd68755e0,wrong_label,yen11,page_0134,1.0,gold/yen11_page_0134_c07_156.png,麻,麻,True,GOLD,matched
6222ba8952a8e5bf,correct,yen2,page_0280,1.0,gold/yen2_page_0280_c04_075.png,模,模,True,GOLD,matched
ef50e43da4d21373,correct,yen4,page_0276,1.0,gold/yen4_page_0276_c05_090.png,願,願,True,GOLD,matched
3f18788b102a6387,correct,yen2,page_0040,1.0,gold/yen2_page_0040_c08_169.png,仍,仍,True,GOLD,matched
38739afa9df433e0,correct,yen4,page_0236,1.0,gold/yen4_page_0236_c02_031.png,爲,爲,True,GOLD,matched
57d6048e4ce77ecf,correct,yen4,page_0216,1.0,gold/yen4_page_0216_c01_008.png,翁,翁,True,GOLD,matched
94886f173a57b94d,correct,yen11,page_0256,0.826,gold/yen11_page_0256_c01_020.png,几,几,True,GOLD,matched
008acbba5c04baaf,correct,yen4,page_0236,1.0,gold/yen4_page_0236_c07_127.png,黄,黄,True,GOLD,matched
8ed49d7e4e69673c,correct,yen2,page_0268,1.0,gold/yen2_page_0268_c04_058.png,枝,枝,True,GOLD,matched
64ec81c8e4e45aa0,correct,yen2,page_0048,1.0,gold/yen2_page_0048_c04_062.png,双,双,True,GOLD,matched
1f8113a9b9a2d97e,correct,yen11,page_0064,1.0,gold/yen11_page_0064_c09_177.png,澆,澆,True,GOLD,matched
e07fa88b062d66aa,correct,yen11,page_0034,1.0,gold/yen11_page_0034_c05_089.png,打,打,True,GOLD,matched
35fbd2806798d545,correct,yen2,page_0324,1.0,gold/yen2_page_0324_c06_110.png,些,些,True,GOLD,matched
ef25c93303a7f1fc,correct,yen11,page_0292,1.0,gold/yen11_page_0292_c07_141.png,扒,扒,True,GOLD,matched
8a26f139e07e3074,correct,yen2,page_0280,1.0,gold/yen2_page_0280_c02_038.png,半,半,True,GOLD,matched
ba3d1ead706a62da,correct,yen2,page_0014,1.0,gold/yen2_page_0014_c02_040.png,事,事,True,GOLD,matched
41bd0405b405ae97,correct,yen11,page_0032,1.0,gold/yen11_page_0032_c03_052.png,生,生,True,GOLD,matched
6e4b54163e35765b,correct,yen2,page_0130,1.0,gold/yen2_page_0130_c01_016.png,呐,呐,True,GOLD,matched
5890c5f2ae19ec16,correct,yen4,page_0280,1.0,gold/yen4_page_0280_c07_139.png,退,退,True,GOLD,matched
00400d501c2c982b,correct,yen2,page_0230,1.0,gold/yen2_page_0230_c02_026.png,意,意,True,GOLD,matched
b0e346c75a901887,correct,yen2,page_0046,1.0,gold/yen2_page_0046_c05_088.png,沫,沫,True,GOLD,matched
d2f16d2d7c65c2d6,correct,yen4,page_0126,1.0,gold/yen4_page_0126_c03_058.png,書,書,True,GOLD,matched
6a575d58499889d6,correct,yen11,page_0228,1.0,gold/yen11_page_0228_c06_110.png,各,各,True,GOLD,matched
20274b65981a489a,correct,yen4,page_0034,1.0,gold/yen4_page_0034_c08_154.png,庄,庄,True,GOLD,matched
26f728e3c8f017b1,correct,yen11,page_0044,1.0,gold/yen11_page_0044_c05_114.png,共,共,True,GOLD,matched
361832335246d9f7,correct,yen2,page_0106,1.0,gold/yen2_page_0106_c05_084.png,衣,衣,True,GOLD,matched
f3363884b803234f,correct,yen4,page_0160,1.0,gold/yen4_page_0160_c06_122.png,古,古,True,GOLD,matched
fa3aade3e901e73d,correct,yen4,page_0026,1.0,gold/yen4_page_0026_c07_131.png,召,召,True,GOLD,matched
0a63b47f03289727,correct,yen11,page_0262,1.0,gold/yen11_page_0262_c08_155.png,傳,傳,True,GOLD,matched
3b7ff6aa0b6bc192,correct,yen4,page_0240,1.0,gold/yen4_page_0240_c06_105.png,罢,罢,True,GOLD,matched
9d2539c78c2f8ce1,correct,yen4,page_0278,1.0,gold/yen4_page_0278_c05_098.png,固,固,True,GOLD,matched
723daf27489e9857,correct,yen2,page_0292,1.0,gold/yen2_page_0292_c01_002.png,没,没,True,GOLD,matched
318241f8cdf6ba68,correct,yen4,page_0138,0.471,,官,,False,,orphan
8e20a8f76a4f12be,correct,yen11,page_0154,1.0,gold/yen11_page_0154_c07_133.png,共,共,True,GOLD,matched
833262d2f5ea73c5,correct,yen2,page_0136,1.0,gold/yen2_page_0136_c05_069.png,燒,燒,True,GOLD,matched
ff387ca83ce7909d,correct,yen2,page_0226,1.0,gold/yen2_page_0226_c03_047.png,改,改,True,GOLD,matched
76fd97a4da140152,correct,yen2,page_0216,1.0,gold/yen2_page_0216_c06_116.png,命,命,True,GOLD,matched
3ce788e8db386da8,correct,yen2,page_0118,1.0,gold/yen2_page_0118_c07_139.png,坦,坦,True,GOLD,matched
eab9ad9964797dac,correct,yen11,page_0046,1.0,gold/yen11_page_0046_c07_102.png,折,折,True,GOLD,matched
c54fbad76531a020,correct,yen4,page_0102,1.0,gold/yen4_page_0102_c01_006.png,吏,吏,True,GOLD,matched
781cf9cbc6546e72,correct,yen2,page_0280,1.0,gold/yen2_page_0280_c09_175.png,枝,枝,True,GOLD,matched
59d76300358fb9f1,correct,yen2,page_0084,1.0,gold/yen2_page_0084_c06_115.png,代,代,True,GOLD,matched
bb3ca1c7f7ca249d,correct,yen2,page_0028,1.0,gold/yen2_page_0028_c02_034.png,罢,罢,True,GOLD,matched
21a41bbff98b4d5e,correct,yen11,page_0228,0.572,gold/yen11_page_0228_c02_035.png,時,時,True,GOLD,matched
604baaa66914d003,correct,yen11,page_0186,1.0,gold/yen11_page_0186_c08_163.png,主,主,True,GOLD,matched
d2d1d837f60d1a5c,correct,yen4,page_0158,1.0,gold/yen4_page_0158_c08_165.png,思,思,True,GOLD,matched
8491b95aad9a45df,correct,yen2,page_0042,1.0,gold/yen2_page_0042_c08_170.png,矣,矣,True,GOLD,matched
48f2236a15cb845d,correct,yen11,page_0148,0.649,gold/yen11_page_0148_c07_140.png,沙,沙,True,GOLD,matched
d4d1165c7735384f,correct,yen4,page_0086,0.887,gold/yen4_page_0086_c09_164.png,秋,秋,True,GOLD,matched
4800101f65363dbb,correct,yen11,page_0096,1.0,gold/yen11_page_0096_c09_185.png,哿,哿,True,GOLD,matched
bd96dd6ecb3ee5f8,correct,yen11,page_0282,1.0,gold/yen11_page_0282_c06_123.png,咍,咍,True,GOLD,matched
6467fd728e6c49de,wrong_label,yen4,page_0256,1.0,gold/yen4_page_0256_c06_103.png,㝵,㝵,True,GOLD,matched
372f8e8b74730a75,correct,yen4,page_0264,1.0,gold/yen4_page_0264_c03_061.png,官,官,True,GOLD,matched
cbb2b43593072cf3,correct,yen11,page_0176,1.0,gold/yen11_page_0176_c08_169.png,畧,畧,True,GOLD,matched
c1453e4455c2a3e6,correct,yen4,page_0168,1.0,gold/yen4_page_0168_c07_130.png,朱,朱,True,GOLD,matched
a8aec6fb57683a6a,correct,yen2,page_0232,1.0,gold/yen2_page_0232_c09_161.png,翁,翁,True,GOLD,matched
6fefb6a8df55f827,correct,yen11,page_0266,1.0,gold/yen11_page_0266_c02_039.png,庄,庄,True,GOLD,matched
7d2d7e89a1576df5,correct,yen11,page_0104,1.0,gold/yen11_page_0104_c08_158.png,眉,眉,True,GOLD,matched
96bbd6f36875a187,correct,yen2,page_0016,1.0,gold/yen2_page_0016_c03_053.png,道,道,True,GOLD,matched
0025e8c057a1d83d,correct,yen2,page_0130,1.0,gold/yen2_page_0130_c02_024.png,制,制,True,GOLD,matched
410ff46eb55c4822,correct,yen4,page_0184,1.0,gold/yen4_page_0184_c06_118.png,悶,悶,True,GOLD,matched
4249f6516894dbad,correct,yen4,page_0114,1.0,gold/yen4_page_0114_c09_187.png,几,几,True,GOLD,matched
8389524dc1a1c077,correct,yen4,page_0118,1.0,gold/yen4_page_0118_c04_070.png,弄,弄,True,GOLD,matched
213db7289f3c2fd4,correct,yen2,page_0238,1.0,gold/yen2_page_0238_c05_091.png,悲,悲,True,GOLD,matched
6bf7abddd011a3ef,correct,yen2,page_0024,1.0,gold/yen2_page_0024_c08_168.png,共,共,True,GOLD,matched
3c3e1cf540dd2d52,correct,yen4,page_0144,1.0,gold/yen4_page_0144_c07_135.png,世,世,True,GOLD,matched
f90506c69f379827,correct,yen11,page_0226,1.0,gold/yen11_page_0226_c07_135.png,道,道,True,GOLD,matched
3f7ad841c2efb4d6,correct,yen11,page_0068,1.0,gold/yen11_page_0068_c07_145.png,事,事,True,GOLD,matched
9ba1d5f66e0efab5,correct,yen11,page_0014,1.0,gold/yen11_page_0014_c05_091.png,世,世,True,GOLD,matched
555c28164f24c4c0,correct,yen2,page_0104,1.0,gold/yen2_page_0104_c07_143.png,㝵,㝵,True,GOLD,matched
93786953aad544a3,correct,yen2,page_0212,1.0,gold/yen2_page_0212_c08_118.png,像,像,True,GOLD,matched
1157a3ebbb6ec93e,correct,yen2,page_0140,1.0,gold/yen2_page_0140_c08_147.png,之,之,True,GOLD,matched
599aac1da4850a42,correct,yen4,page_0014,1.0,gold/yen4_page_0014_c06_128.png,罪,罪,True,GOLD,matched
e6b3808e72451411,correct,yen2,page_0212,1.0,gold/yen2_page_0212_c06_080.png,寺,寺,True,GOLD,matched
70a15e626941fa6f,correct,yen2,page_0094,1.0,gold/yen2_page_0094_c07_147.png,感,感,True,GOLD,matched
d6e4f7afed78b393,correct,yen2,page_0292,1.0,gold/yen2_page_0292_c04_072.png,每,每,True,GOLD,matched
6ebee536287213b7,correct,yen2,page_0018,1.0,gold/yen2_page_0018_c05_097.png,主,主,True,GOLD,matched
6ab2f60184749e51,correct,yen2,page_0082,1.0,gold/yen2_page_0082_c01_007.png,寺,寺,True,GOLD,matched
cb5346dd223ae1ff,correct,yen2,page_0108,1.0,gold/yen2_page_0108_c04_058.png,支,支,True,GOLD,matched
fb160374053b10d8,correct,yen11,page_0254,1.0,gold/yen11_page_0254_c01_019.png,礼,礼,True,GOLD,matched
aac2d02ea3433bf5,correct,yen2,page_0232,0.748,gold/yen2_page_0232_c02_026.png,几,几,True,GOLD,matched
4157dccbaa27fd47,correct,yen2,page_0098,1.0,gold/yen2_page_0098_c08_141.png,麻,麻,True,GOLD,matched
30cb100de7fdf026,correct,yen2,page_0128,1.0,gold/yen2_page_0128_c03_043.png,罪,罪,True,GOLD,matched
14b664b4e3704f0a,correct,yen2,page_0072,1.0,gold/yen2_page_0072_c08_140.png,各,各,True,GOLD,matched
dc94bc128403f1be,correct,yen2,page_0244,1.0,gold/yen2_page_0244_c01_000.png,自,自,True,GOLD,matched
d111de863090afa0,correct,yen11,page_0148,1.0,gold/yen11_page_0148_c08_162.png,命,命,True,GOLD,matched
60fbad07d717066d,unsure,yen11,page_0294,1.0,gold/yen11_page_0294_c01_002.png,勧,勧,True,GOLD,matched
a1b54dcd43c1d21b,correct,yen4,page_0220,1.0,gold/yen4_page_0220_c03_046.png,𠳨,𠳨,True,GOLD,matched
424d397fc3bccf6e,correct,yen2,page_0042,1.0,gold/yen2_page_0042_c09_179.png,朱,朱,True,GOLD,matched
e1af053f02373ff3,correct,yen4,page_0046,1.0,gold/yen4_page_0046_c03_065.png,先,先,True,GOLD,matched
7d319be93bf215be,correct,yen11,page_0220,1.0,gold/yen11_page_0220_c07_138.png,麻,麻,True,GOLD,matched
06e81961340c3c84,correct,yen2,page_0328,1.0,gold/yen2_page_0328_c04_058.png,官,官,True,GOLD,matched
2894dde3b7b0644a,correct,yen11,page_0264,1.0,gold/yen11_page_0264_c09_196.png,年,年,True,GOLD,matched
5d113ddd19724d1b,correct,yen2,page_0066,1.0,gold/yen2_page_0066_c07_135.png,麻,麻,True,GOLD,matched
575097776a26238e,correct,yen4,page_0030,1.0,gold/yen4_page_0030_c08_177.png,固,固,True,GOLD,matched
1fa22af2770c4f63,correct,yen4,page_0104,1.0,gold/yen4_page_0104_c02_026.png,時,時,True,GOLD,matched
1f33e2a381e5dc01,correct,yen4,page_0086,1.0,gold/yen4_page_0086_c02_025.png,碎,碎,True,GOLD,matched
1d96ed100b025862,correct,yen11,page_0116,1.0,gold/yen11_page_0116_c02_023.png,恪,恪,True,GOLD,matched
bc637580f256ea60,correct,yen11,page_0214,1.0,gold/yen11_page_0214_c04_077.png,神,神,True,GOLD,matched
43252f0c16069deb,correct,yen4,page_0076,1.0,gold/yen4_page_0076_c07_138.png,壳,壳,True,GOLD,matched
d7df6fb7c2e69abc,correct,yen4,page_0298,1.0,gold/yen4_page_0298_c05_086.png,時,時,True,GOLD,matched
8fa3c90f538efa8b,wrong_label,yen4,page_0228,1.0,gold/yen4_page_0228_c02_026.png,死,死,True,GOLD,matched
df325fca952ad2ff,correct,yen4,page_0126,1.0,gold/yen4_page_0126_c01_014.png,之,之,True,GOLD,matched
d8836ffdd5ffb979,correct,yen4,page_0080,1.0,gold/yen4_page_0080_c03_053.png,守,守,True,GOLD,matched
8e1957d5e51ab9ff,correct,yen11,page_0142,1.0,gold/yen11_page_0142_c06_121.png,毎,毎,True,GOLD,matched
93f7a82381bb1498,wrong_image,yen4,page_0244,1.0,gold/yen4_page_0244_c09_195.png,㝵,㝵,True,GOLD,matched
16ee8b8f301e3a58,correct,yen4,page_0094,1.0,gold/yen4_page_0094_c08_162.png,女,女,True,GOLD,matched
593a8a4d479dfb42,correct,yen4,page_0260,1.0,gold/yen4_page_0260_c09_184.png,支,支,True,GOLD,matched
6f78c3c61ac0c804,correct,yen4,page_0206,0.802,gold/yen4_page_0206_c01_017.png,沛,沛,True,GOLD,matched
6c5eb10f7c0a41af,correct,yen11,page_0086,0.799,gold/yen11_page_0086_c01_003.png,支,支,True,GOLD,matched
1d3590bbbd95f13b,correct,yen4,page_0082,1.0,gold/yen4_page_0082_c03_057.png,麻,麻,True,GOLD,matched
b7ebdda6c3d919f7,correct,yen4,page_0192,1.0,gold/yen4_page_0192_c04_066.png,包,包,True,GOLD,matched
772d0841c8a10a60,correct,yen4,page_0222,1.0,gold/yen4_page_0222_c02_021.png,時,時,True,GOLD,matched
395881602d0db07f,correct,yen11,page_0146,0.879,gold/yen11_page_0146_c04_072.png,几,几,True,GOLD,matched
a668b6e0f2cec370,correct,yen11,page_0014,1.0,gold/yen11_page_0014_c03_061.png,道,道,True,GOLD,matched
a071ede8b36fa1d2,correct,yen4,page_0202,1.0,gold/yen4_page_0202_c05_084.png,傷,傷,True,GOLD,matched
8a7d40aa8d75eb72,correct,yen4,page_0172,0.844,gold/yen4_page_0172_c01_006.png,地,地,True,GOLD,matched
f58109526d377ef8,correct,yen4,page_0032,1.0,gold/yen4_page_0032_c09_158.png,黙,黙,True,GOLD,matched
79ea20d0e69125f0,wrong_label,yen4,page_0046,1.0,gold/yen4_page_0046_c03_049.png,殼,殼,True,GOLD,matched
18095c1ebe4628f8,correct,yen4,page_0226,1.0,gold/yen4_page_0226_c06_120.png,喬,喬,True,GOLD,matched
55b748062b8f19d7,correct,yen11,page_0028,1.0,gold/yen11_page_0028_c01_013.png,爲,爲,True,GOLD,matched
7bb2ac64488c0739,correct,yen4,page_0262,0.903,gold/yen4_page_0262_c05_089.png,爭,爭,True,GOLD,matched
318d99e9c4ecb470,correct,yen11,page_0278,0.592,gold/yen11_page_0278_c04_072.png,重,重,True,GOLD,matched
6afcb80fee28daf9,correct,yen4,page_0228,1.0,gold/yen4_page_0228_c03_054.png,女,女,True,GOLD,matched
7fd4dc029b56700d,correct,yen4,page_0152,1.0,gold/yen4_page_0152_c04_065.png,翁,翁,True,GOLD,matched
f11a0c80c9e3a6ef,correct,yen11,page_0122,1.0,gold/yen11_page_0122_c08_133.png,特,特,True,GOLD,matched
fb414b4aea97e89b,correct,yen11,page_0074,1.0,gold/yen11_page_0074_c05_104.png,共,共,True,GOLD,matched
981d0cb8ecd9f88c,correct,yen2,page_0040,1.0,gold/yen2_page_0040_c05_092.png,代,代,True,GOLD,matched
