syllable,label,unicode,population,audit_n,audit_wrong,audit_rate,exp_wrong,ocr_chars,dict_ok,tiers
người,㝵,U+3775,1967,23,8,0.348,684.2,㝵/䒭/与/丹/冐,True,GOLD/SILVER
liên,連,U+9023,147,3,2,0.667,98.0,平/庫/建/肆/逢,True,GOLD/SILVER
phúc,福,U+798F,157,2,1,0.5,78.5,傷/儒/婦/梅/福,True,GOLD/SILVER
con,晜,U+665C,73,1,1,1.0,73.0,冕/宛/寇/寬/崑,True,GOLD/SILVER
mà,麻,U+9EBB,1833,30,1,0.033,61.1,來/冉/再/准/勝,True,GOLD/SILVER
ô,烏,U+70CF,117,2,1,0.5,58.5,与/多/得/烏/焉,True,GOLD/SILVER
cùng,共,U+5171,754,15,1,0.067,50.3,丑/共/去/壬/委,True,GOLD/SILVER
viết,曰,U+66F0,149,3,1,0.333,49.7,口/四/心/曰/舀,True,GOLD/SILVER
linh,灵,U+7075,159,4,1,0.25,39.8,㕛/吴/夷/昊/浸,True,GOLD/SILVER
thứ,次,U+6B21,38,1,1,1.0,38.0,久/乆/吹/咨/文,True,GOLD/SILVER
học,斈,U+6588,33,1,1,1.0,33.0,斈/李,True,GOLD/SILVER
tử,死,U+6B7B,63,2,1,0.5,31.5,死,True,GOLD
mày,眉,U+7709,132,5,1,0.2,26.4,爾/省/眉/蜀/負,True,GOLD/SILVER
vàng,黄,U+9EC4,34,3,1,0.333,11.3,蕭/輩/黄,True,GOLD/SILVER
xác,殼,U+6BBC,6,1,1,1.0,6.0,殼,True,GOLD
lao,牢,U+7262,2,1,1,1.0,2.0,牢,True,GOLD
đời,代,U+4EE3,195,0,0,,,䍐/之/代/伏/伐,True,GOLD/SILVER
mới,買,U+8CB7,183,0,0,,,㝵/㸔/媚/百/眉,True,GOLD/SILVER
còn,群,U+7FA4,173,0,0,,,再/卑/咩/岸/拜,True,GOLD/SILVER
nơi,尼,U+5C3C,166,0,0,,,位/兌/危/只/召,True,GOLD/SILVER
và,喡,U+55A1,154,0,0,,,偉/哮/嗜/嘑/嘗,True,GOLD/SILVER
năm,南,U+5357,148,0,0,,,南/嶺/廟/有/爾,True,GOLD/SILVER
thờ,蜍,U+870D,147,0,0,,,姝/榦/臻/舞/蛛,True,GOLD/SILVER
bà,把,U+628A,133,0,0,,,地/妃/把/旭/舥,True,GOLD/SILVER
nước,渃,U+6E03,125,0,0,,,㴱/侯/医/厉/厨,True,GOLD/SILVER
là,罗,U+7F57,112,0,0,,,䍐/兴/冊/寽/景,True,GOLD/SILVER
hồn,魂,U+9B42,110,0,0,,,媿/思/恕/惣/慇,True,GOLD/SILVER
giữ,佇,U+4F47,104,0,0,,,仔/仲/件/佇/俘,True,GOLD/SILVER
làm,乄,U+4E44,104,0,0,,,不/与/丘/为/以,True,GOLD/SILVER
ai,埃,U+57C3,103,0,0,,,侯/坂/垝/埂/埃,True,GOLD/SILVER
mừng,明,U+660E,102,0,0,,,咱/因/困/明/朗,True,GOLD/SILVER
nhiều,嬈,U+5B08,102,0,0,,,僥/冼/凴/慧/撓,True,GOLD/SILVER
lần,吝,U+541D,99,0,0,,,冬/卷/合/吝/吞,True,GOLD/SILVER
một,蔑,U+8511,92,0,0,,,䘮/兾/厚/夢/戔,True,GOLD/SILVER
sau,娄,U+5A04,90,0,0,,,妻/委/姜/娄/斈,True,GOLD/SILVER
tao,蚤,U+86A4,89,0,0,,,兹/奎/耋/蚕/蚤,True,GOLD/SILVER
bốn,本,U+672C,88,0,0,,,举/器/寨/本/果,True,GOLD/SILVER
sáng,創,U+5275,83,0,0,,,剣/創/劍,True,GOLD/SILVER
cũng,拱,U+62F1,82,0,0,,,我/批/找/拱/按,True,GOLD/SILVER
khốn,困,U+56F0,81,0,0,,,因/困/用,True,GOLD/SILVER
sao,牢,U+7262,81,0,0,,,串/夲/宇/庫/斥,True,GOLD/SILVER
a,阿,U+963F,80,0,0,,,何/傾/冈/囚/愆,True,GOLD/SILVER
thật,實,U+5BE6,80,0,0,,,厭/嗜/宵/實/腐,True,GOLD/SILVER
nào,市,U+5E02,79,0,0,,,事/吊/屰/帀/市,True,GOLD/SILVER
tìm,尋,U+5C0B,79,0,0,,,乎/号/喜/尋/斗,True,GOLD/SILVER
lễ,礼,U+793C,78,0,0,,,礼/祧/花/𭂫,True,GOLD/SILVER
phải,伂,U+4F02,77,0,0,,,乕/伂/布/师/師,True,GOLD/SILVER
kính,敬,U+656C,76,0,0,,,攷/放/政/故/效,True,GOLD/SILVER
tiếng,省,U+7701,76,0,0,,,㸔/哨/嗜/嘴/宿,True,GOLD/SILVER
cũng,共,U+5171,72,0,0,,,丑/共/兵/其/壬,True,GOLD/SILVER
bấy,閉,U+9589,71,0,0,,,朝/閉/開/閒/閱,True,GOLD/SILVER
tha,赦,U+8D66,71,0,0,,,故/敎/救/敖/教,True,GOLD/SILVER
cả,奇,U+5947,68,0,0,,,可/奇/寄/恐/百,True,GOLD/SILVER
dữ,与,U+4E0E,68,0,0,,,与/尚/烏,True,GOLD/SILVER
khiến,遣,U+9063,66,0,0,,,僂/廣/玄/糞/農,True,GOLD/SILVER
bảo,保,U+4FDD,65,0,0,,,保/條,True,GOLD/SILVER
chẳng,庒,U+5E92,65,0,0,,,主/君/庒/生,True,GOLD/SILVER
yêu,腰,U+8170,65,0,0,,,媵/睡/胳/腰/賜,True,GOLD/SILVER
cầm,扲,U+6272,64,0,0,,,半/扑/扮/扲/扵,True,GOLD/SILVER
sức,飭,U+98ED,63,0,0,,,飭/餂,True,GOLD/SILVER
đêm,店,U+5E97,63,0,0,,,告/唐/左/庅/底,True,GOLD/SILVER
dái,曳,U+66F3,62,0,0,,,喫/我/或/曳/毀,True,GOLD/SILVER
đoạn,段,U+6BB5,62,0,0,,,匠/受/叚/張/悶,True,GOLD/SILVER
bấy,闭,U+95ED,61,0,0,,,内/冏/同/周/商,True,GOLD/SILVER
cô,姑,U+59D1,60,0,0,,,兹/古/城/妨/姑,True,GOLD/SILVER
phần,分,U+5206,60,0,0,,,㕣/分/劣/防,True,GOLD/SILVER
một,更,U+66F4,59,0,0,,,兾/受/弟/彧/戔,True,GOLD/SILVER
trăm,林,U+6797,59,0,0,,,㘴/举/吞/喜/奡,True,GOLD/SILVER
chữa,𦔳,U+26533,58,0,0,,,勁/勔/即/取/朝,True,GOLD/SILVER
giảng,講,U+8B1B,58,0,0,,,協/描/攝/朅/滋,True,GOLD/SILVER
li,离,U+79BB,58,0,0,,,内/商/啻/嚼/壽,True,GOLD/SILVER
nhưng,仍,U+4ECD,58,0,0,,,仍/傾,True,GOLD/SILVER
vui,盃,U+76C3,58,0,0,,,到/劉/圖/孟/弱,True,GOLD/SILVER
kêu,呌,U+544C,57,0,0,,,呌/呼/紏,True,GOLD/SILVER
ngoài,外,U+5916,57,0,0,,,外/蚓,True,GOLD/SILVER
ghét,結,U+7D50,56,0,0,,,䏻/兹/弦/法/然,True,GOLD/SILVER
nữ,女,U+5973,56,0,0,,,女/文/玄/立,True,GOLD/SILVER
đồng,童,U+7AE5,56,0,0,,,望/童/重,True,GOLD/SILVER
càng,强,U+5F3A,54,0,0,,,䏻/宛/幽/强/旌,True,GOLD/SILVER
cất,拮,U+62EE,54,0,0,,,去/我/扶/技/拈,True,GOLD/SILVER
cực,極,U+6975,54,0,0,,,極,True,GOLD
đường,唐,U+5510,53,0,0,,,唐/塵/庚/度/李,True,GOLD/SILVER
phán,判,U+5224,52,0,0,,,判/刦/到/制/刾,True,GOLD/SILVER
vô,無,U+7121,52,0,0,,,壬/無/通/𬻝/𭴾,True,GOLD/SILVER
tô,穌,U+7A4C,51,0,0,,,殊/珠/穌/鉌/銖,True,GOLD/SILVER
xem,袩,U+88A9,51,0,0,,,後/拈/枮/枯/砧,True,GOLD/SILVER
cả,竒,U+7AD2,50,0,0,,,㝵/今/付/哥/器,True,GOLD/SILVER
lạ,邏,U+908F,50,0,0,,,是/無/逕/遇/運,True,GOLD/SILVER
mở,美,U+7F8E,49,0,0,,,夷/美/羙/羡/義,True,GOLD/SILVER
quân,軍,U+8ECD,49,0,0,,,軍/𥝝,True,GOLD/SILVER
lắm,廪,U+5EEA,48,0,0,,,亷/廪/禦/𫝗,True,GOLD/SILVER
a,亜,U+4E9C,47,0,0,,,並/亜/匝/更/而,True,GOLD/SILVER
anh,孾,U+5B7E,47,0,0,,,妻/妾/姜/琵/要,True,GOLD/SILVER
lo,卢,U+5362,47,0,0,,,与/五/克/占/卢,True,GOLD/SILVER
lâu,楼,U+697C,45,0,0,,,接/棲/楼,True,GOLD/SILVER
nghiệp,業,U+696D,45,0,0,,,䇿/昔/業/菜/華,True,GOLD/SILVER
thánh,堊,U+580A,45,0,0,,,堊/奎/望/棄/璽,True,GOLD/SILVER
toan,筭,U+7B6D,45,0,0,,,䓁/善/壽/弄/旱,True,GOLD/SILVER
áo,袄,U+8884,45,0,0,,,杖/砍/祅/祇/祓,True,GOLD/SILVER
bổn,本,U+672C,43,0,0,,,本/采,True,GOLD/SILVER
giận,陣,U+9663,43,0,0,,,倬/淖/渾/陣,True,GOLD/SILVER
lê,黎,U+9ECE,43,0,0,,,㳟/恭/添/系/聚,True,GOLD/SILVER
người,𠊚,U+2029A,43,0,0,,,冒/因/子/尋/得,True,GOLD/SILVER
thờ,除,U+9664,43,0,0,,,降/除/餘,True,GOLD/SILVER
máu,泖,U+6CD6,42,0,0,,,仰/帥/抑/柳/泖,True,GOLD/SILVER
mắt,末,U+672B,42,0,0,,,未/末/相,True,GOLD/SILVER
mô,模,U+6A21,41,0,0,,,㨗/侯/授/楼/模,True,GOLD/SILVER
ngày,㝵,U+3775,41,0,0,,,㝵/冒/唱/寄/尋,True,GOLD/SILVER
tù,囚,U+56DA,41,0,0,,,内/冈/囚,True,GOLD/SILVER
đội,隊,U+968A,41,0,0,,,叚/啄/塚/恢/椓,True,GOLD/SILVER
chốc,祝,U+795D,40,0,0,,,祀/祝/裾,True,GOLD/SILVER
lấy,𢬦,U+22B26,40,0,0,,,抛/杷/桃/相/祀,True,GOLD/SILVER
lối,磊,U+78CA,40,0,0,,,姦/恊/昼/爲/磊,True,GOLD/SILVER
mươi,迈,U+8FC8,40,0,0,,,迂/迈/近/返/还,True,GOLD/SILVER
trinh,貞,U+8C9E,40,0,0,,,与/匀/員/有/直,True,GOLD/SILVER
si,瘥,U+7625,39,0,0,,,捃/撓/故/槎/瘥,True,GOLD/SILVER
tâu,奏,U+594F,39,0,0,,,奏,True,GOLD
vi,為,U+70BA,39,0,0,,,為,True,GOLD
dòng,用,U+7528,37,0,0,,,挺/用/翅/𨳩,True,GOLD/SILVER
dấu,𧿫,U+27FEB,37,0,0,,,㪷/呌/料/斜/斟,True,GOLD/SILVER
hành,行,U+884C,37,0,0,,,山/行,True,GOLD/SILVER
kể,計,U+8A08,37,0,0,,,計/討,True,GOLD
rút,椊,U+690A,37,0,0,,,抨/掉/桴/梓/棹,True,GOLD/SILVER
sợ,𢜝,U+2271D,37,0,0,,,事/侓/庫/悸/情,True,GOLD/SILVER
dám,敢,U+6562,36,0,0,,,敀/敢/敬,True,GOLD/SILVER
hình,形,U+5F62,36,0,0,,,形,True,GOLD
mình,𠇮,U+201EE,36,0,0,,,令/仭/分/勝/厨,True,GOLD/SILVER
một,殳,U+6BB3,36,0,0,,,仗/兾/及/受/叚,True,GOLD/SILVER
ngày,𣈜,U+2321C,36,0,0,,,䏷/呼/唱/喝/将,True,GOLD/SILVER
nhà,如,U+5982,35,0,0,,,品/如/姦/於/燕,True,GOLD/SILVER
suy,推,U+63A8,35,0,0,,,惟/推,True,GOLD
vợ,嬏,U+5B0F,35,0,0,,,偹/婚/婿/媚/嬌,True,GOLD/SILVER
xấu,丑,U+4E11,35,0,0,,,丑/刄/留,True,GOLD/SILVER
bảy,罢,U+7F62,34,0,0,,,䵟/數/異/罢/罰,True,GOLD/SILVER
rô,嚕,U+5695,34,0,0,,,嘻/噶/嚌/増/屠,True,SILVER
xin,填,U+586B,34,0,0,,,㜑/值/填/宜/寘,True,GOLD/SILVER
ủi,慰,U+6170,34,0,0,,,尅/慰,True,GOLD/SILVER
bây,悲,U+60B2,33,0,0,,,厯/啓/巷/恐/悲,True,GOLD/SILVER
lâu,娄,U+5A04,33,0,0,,,妻/委/姜/娄/麦,True,GOLD/SILVER
y,衣,U+8863,33,0,0,,,八/在/夂/衣,True,GOLD/SILVER
giu,樞,U+6A1E,32,0,0,,,樞,False,SILVER
mi,眉,U+7709,32,0,0,,,㸔/乃/眉/胷/蜀,True,GOLD/SILVER
ti,𤰞,U+24C1E,32,0,0,,,年/早/昇/𤰞,True,GOLD/SILVER
câu,拘,U+62D8,31,0,0,,,抱/拘/救/杓/狗,True,GOLD/SILVER
giải,觧,U+89E7,31,0,0,,,海/澼/觧/𪠘,True,GOLD/SILVER
trẻ,礼,U+793C,31,0,0,,,䄂/他/桃/礼/祀,True,GOLD/SILVER
bạn,伴,U+4F34,30,0,0,,,件/伴,True,GOLD/SILVER
lạy,礼,U+793C,30,0,0,,,桃/礼/祀/祖/祧,True,GOLD/SILVER
lắm,廩,U+5EE9,30,0,0,,,厚/原/廩/溽/𫝗,True,GOLD/SILVER
rừng,棱,U+68F1,30,0,0,,,㧞/後/援/族/枝,True,GOLD/SILVER
tật,疾,U+75BE,30,0,0,,,疾,True,GOLD
xét,察,U+5BDF,30,0,0,,,察/蔡,True,GOLD/SILVER
cai,該,U+8A72,29,0,0,,,兹/該,True,GOLD/SILVER
dân,民,U+6C11,29,0,0,,,歸/氏/民/良,True,GOLD/SILVER
khăn,中,U+4E2D,29,0,0,,,中/由/甲/申,True,GOLD/SILVER
ngã,我,U+6211,29,0,0,,,㢤/我,True,GOLD/SILVER
ni,尼,U+5C3C,29,0,0,,,后/君/尺/尼/巳,True,GOLD/SILVER
tối,最,U+6700,29,0,0,,,是/暈/曩/最/𭆞,True,GOLD/SILVER
hiện,現,U+73FE,28,0,0,,,現/𠒇,True,GOLD/SILVER
lời,例,U+4F8B,28,0,0,,,例/刻/剡/剤/司,True,GOLD/SILVER
một,沒,U+6C92,28,0,0,,,受/度/戔/授/放,True,GOLD/SILVER
sáu,老,U+8001,28,0,0,,,元/卷/尅/教/秋,True,GOLD/SILVER
trách,責,U+8CAC,28,0,0,,,春/煑/責,True,GOLD/SILVER
tử,子,U+5B50,28,0,0,,,子,True,GOLD
hèn,閑,U+9591,27,0,0,,,困/閉/閑/関/闌,True,GOLD/SILVER
nghĩa,义,U+4E49,27,0,0,,,䓁/又/差/必/支,True,GOLD/SILVER
bạc,泊,U+6CCA,26,0,0,,,为/均/泊/漏/的,True,GOLD/SILVER
ca,歌,U+6B4C,26,0,0,,,教/敬/欹/歌/歙,True,GOLD/SILVER
cái,丐,U+4E10,26,0,0,,,与/丐,True,GOLD/SILVER
năng,䏻,U+43FB,26,0,0,,,䏻/潮/猷/駐,True,GOLD/SILVER
sửa,所,U+6240,26,0,0,,,所/𢦶,True,GOLD/SILVER
tuổi,歲,U+6B72,26,0,0,,,戲/昏/星/歲/𫞓,True,GOLD/SILVER
buồn,盆,U+76C6,25,0,0,,,盆/益/蔓,True,GOLD/SILVER
cửa,㪯,U+3AAF,25,0,0,,,㪯/夅/奉/宰/朝,True,GOLD/SILVER
dối,対,U+5BFE,25,0,0,,,対/封/尅/时/衬,True,GOLD/SILVER
gia,加,U+52A0,24,0,0,,,加/反/叔/四/奴,True,GOLD/SILVER
giống,種,U+7A2E,24,0,0,,,禋/種/踵,True,GOLD/SILVER
hoa,花,U+82B1,24,0,0,,,花,True,GOLD
làm,爫,U+722B,24,0,0,,,之/人/四/夕/白,True,GOLD/SILVER
sư,獅,U+7345,24,0,0,,,卿/獅/解/那,True,GOLD/SILVER
truyền,傳,U+50B3,24,0,0,,,侍/傉/傳,True,GOLD/SILVER
trình,呈,U+5448,24,0,0,,,呈/皇,True,GOLD
viếng,𣱵,U+23C75,24,0,0,,,𣱵,True,GOLD
vật,物,U+7269,24,0,0,,,救/牧/物,True,GOLD/SILVER
đầy,苔,U+82D4,24,0,0,,,兹/玄/畜/苔/茗,True,GOLD/SILVER
bấy,悲,U+60B2,23,0,0,,,啓/怨/恋/恐/悲,True,GOLD/SILVER
giờ,徐,U+5F90,23,0,0,,,徐/餘,True,GOLD
linh,㚑,U+3691,23,0,0,,,㚑/尺,True,GOLD/SILVER
phi,丕,U+4E15,23,0,0,,,丕/左/无/石,True,GOLD/SILVER
sãi,仕,U+4ED5,23,0,0,,,仕,True,GOLD
thánh,圣,U+5723,23,0,0,,,圣/夅/至,True,GOLD/SILVER
trá,詐,U+8A50,23,0,0,,,兹/敵/烦/詐/雄,True,GOLD/SILVER
đã,也,U+4E5F,23,0,0,,,也/在/征/𬼜,True,GOLD/SILVER
đầu,頭,U+982D,23,0,0,,,碩/須/頋/頌/頭,True,GOLD/SILVER
cháy,𤈜,U+2421C,22,0,0,,,垤/桎/炷/煙/蛭,True,GOLD/SILVER
gọi,噲,U+5672,22,0,0,,,㑹/噲/澮/險,True,GOLD/SILVER
hôm,歆,U+6B46,22,0,0,,,敔/教/欲/欹/歆,True,GOLD/SILVER
ngựa,馭,U+99AD,22,0,0,,,馭,True,GOLD
no,奴,U+5974,22,0,0,,,内/叔/奴/故,True,GOLD/SILVER
phá,破,U+7834,22,0,0,,,双/歿/殿/破,True,GOLD/SILVER
tu,修,U+4FEE,22,0,0,,,修,True,GOLD
tô,蘇,U+8607,22,0,0,,,蘇,True,GOLD
đặt,逹,U+9039,22,0,0,,,逹/遠,True,GOLD/SILVER
ước,約,U+7D04,22,0,0,,,約,True,GOLD
bồng,捧,U+6367,21,0,0,,,俸,True,GOLD
chi,支,U+652F,21,0,0,,,丈/支/艾,True,GOLD/SILVER
hãy,唉,U+5509,21,0,0,,,咲/唉/喉/失/疾,True,GOLD/SILVER
khôn,坤,U+5764,21,0,0,,,坤,True,GOLD
rất,慄,U+6144,21,0,0,,,悰/惸/慄/慓/懷,True,GOLD/SILVER
thánh,聖,U+8056,21,0,0,,,罡/罢/聖/華/里,True,GOLD/SILVER
đí,帝,U+5E1D,21,0,0,,,希/帝,True,GOLD
đẹp,葉,U+8449,21,0,0,,,棄/葉/𫟒,True,GOLD/SILVER
dâng,鄧,U+9127,20,0,0,,,鄧,True,GOLD
giữ,抒,U+6292,20,0,0,,,乎/俘/好/存,True,GOLD/SILVER
họ,户,U+6237,20,0,0,,,户,True,GOLD
mến,勉,U+52C9,20,0,0,,,勉,True,GOLD
ngăm,吟,U+541F,20,0,0,,,今/吟/朞/𪞘/𫝆,True,GOLD/SILVER
nhau,燒,U+71D2,20,0,0,,,燒,True,GOLD
như,茄,U+8304,20,0,0,,,加/叔,True,GOLD/SILVER
sạch,泟,U+6CDF,20,0,0,,,征/正/死/汪/疝,True,GOLD/SILVER
thắng,𤯝,U+24BDD,20,0,0,,,与/尚/放/滿/為,True,GOLD/SILVER
trái,債,U+50B5,20,0,0,,,倩/債,True,GOLD
táng,塟,U+585F,20,0,0,,,塟,True,GOLD
đau,𤴬,U+24D2C,20,0,0,,,㫄/劝/勿/妨/汸,True,GOLD/SILVER
được,持,U+6301,20,0,0,,,持,True,GOLD
ban,班,U+73ED,19,0,0,,,乖/班,True,GOLD/SILVER
chưng,烝,U+70DD,19,0,0,,,烝,True,GOLD
do,由,U+7531,19,0,0,,,予/序/由,True,GOLD/SILVER
dùng,用,U+7528,19,0,0,,,用,True,GOLD
dễ,易,U+6613,19,0,0,,,易/昜,True,GOLD
dựng,鄧,U+9127,19,0,0,,,勵/却/鄧,True,GOLD/SILVER
giúp,執,U+57F7,19,0,0,,,執/朝,True,GOLD/SILVER
nhân,因,U+56E0,19,0,0,,,因,True,GOLD
năng,能,U+80FD,19,0,0,,,能/配,True,GOLD/SILVER
rước,綽,U+7DBD,19,0,0,,,綽/緯/绰/葬,True,GOLD/SILVER
san,山,U+5C71,19,0,0,,,山,True,GOLD
sóc,朔,U+6714,19,0,0,,,初/园/朔/朝/相,True,GOLD/SILVER
yếu,要,U+8981,19,0,0,,,要,True,GOLD
đâu,兜,U+515C,19,0,0,,,亮/兇/党/兜/荒,True,GOLD/SILVER
đòi,隊,U+968A,19,0,0,,,成/汤/深/漲/版,True,GOLD/SILVER
ai,唉,U+5509,18,0,0,,,侯/咲/族,True,GOLD/SILVER
anh,英,U+82F1,18,0,0,,,呪/夷/奕/戾/英,True,GOLD/SILVER
chút,拙,U+62D9,18,0,0,,,刦/将/拙,True,GOLD/SILVER
giây,之,U+4E4B,18,0,0,,,之,True,GOLD
lần,各,U+5404,18,0,0,,,厺/各/吞,True,GOLD/SILVER
nhà,茄,U+8304,18,0,0,,,兹/应/弘/茄,True,GOLD/SILVER
nhân,仁,U+4EC1,18,0,0,,,仁,True,GOLD
xa,賖,U+8CD6,18,0,0,,,賖/躱/餘,True,GOLD/SILVER
xe,車,U+8ECA,18,0,0,,,事/单/李/率/車,True,GOLD/SILVER
đá,𥒥,U+254A5,18,0,0,,,歿/發/破/磣/移,True,GOLD/SILVER
đói,対,U+5BFE,18,0,0,,,姓/対/封/时,True,GOLD/SILVER
đến,且,U+4E14,18,0,0,,,三/且,True,GOLD/SILVER
đọc,讀,U+8B80,18,0,0,,,藿/請/讀,True,GOLD/SILVER
bà,婆,U+5A46,17,0,0,,,婆/晏/要,True,GOLD/SILVER
bánh,餅,U+9905,17,0,0,,,併/餅,True,GOLD/SILVER
can,干,U+5E72,17,0,0,,,十/千/干,True,GOLD
cung,共,U+5171,17,0,0,,,共/其/戈,True,GOLD/SILVER
cấm,禁,U+7981,17,0,0,,,禁/葉,True,GOLD/SILVER
hàng,行,U+884C,17,0,0,,,仍/行,True,GOLD/SILVER
hỏi,每,U+6BCF,17,0,0,,,匆/妄/安/晦/毎,True,GOLD/SILVER
khiêm,謙,U+8B19,17,0,0,,,禅/謙/謹/謾/譁,True,GOLD/SILVER
khỏi,瑰,U+7470,17,0,0,,,地/思/瑰/隗/𢙣,True,GOLD/SILVER
lăm,林,U+6797,17,0,0,,,休/板/林,True,GOLD/SILVER
lửa,呂,U+5442,17,0,0,,,炫/烟/煆/煜/煴,True,SILVER
mai,埋,U+57CB,17,0,0,,,埋/理,True,GOLD/SILVER
mười,迈,U+8FC8,17,0,0,,,迈/近/返,True,GOLD
mạnh,孟,U+5B5F,17,0,0,,,孟/应/盂/益,True,GOLD/SILVER
phô,甫,U+752B,17,0,0,,,浦/甫/陣/面,True,GOLD/SILVER
riêng,盈,U+76C8,17,0,0,,,盈,True,GOLD
rình,伶,U+4F36,17,0,0,,,伶/俗,True,GOLD/SILVER
thay,台,U+53F0,17,0,0,,,与/允/台/各/合,True,GOLD/SILVER
triều,朝,U+671D,17,0,0,,,朝,True,GOLD
trên,蓮,U+84EE,17,0,0,,,蓬/蓮/遵,True,GOLD/SILVER
tuổi,歳,U+6B73,17,0,0,,,歳/𫞓,True,GOLD/SILVER
tốt,𡨧,U+21A27,17,0,0,,,享/宰/寧/庫/濘,True,GOLD/SILVER
đến,但,U+4F46,17,0,0,,,三/但/四/巴/色,True,GOLD/SILVER
già,茶,U+8336,16,0,0,,,本/秦/茶/荼,True,GOLD/SILVER
là,号,U+53F7,16,0,0,,,亐/号/咢/弓/畏,True,GOLD/SILVER
nhiêu,僥,U+50E5,16,0,0,,,僥/曉/燒,True,GOLD/SILVER
nuôi,餒,U+9912,16,0,0,,,餒,True,GOLD
nửa,女,U+5973,16,0,0,,,女/如/玄,True,GOLD/SILVER
quá,过,U+8FC7,16,0,0,,,过,True,GOLD
quỳ,跪,U+8DEA,16,0,0,,,䋲/屍/昛/昵/缩,True,GOLD/SILVER
rộng,曠,U+66E0,16,0,0,,,媵/攓/暱/曠,True,GOLD/SILVER
thiếu,少,U+5C11,16,0,0,,,少/火,True,GOLD/SILVER
trở,把,U+628A,16,0,0,,,把,True,GOLD
tôi,砕,U+7815,16,0,0,,,殚/砰/秤/那/𥓓,True,GOLD/SILVER
tốt,窣,U+7AA3,16,0,0,,,寧/率/窣,True,GOLD/SILVER
yêu,夭,U+592D,16,0,0,,,天/夭,True,GOLD
đóng,㨂,U+3A02,16,0,0,,,㨂/揀/據/視/豫,True,GOLD/SILVER
đền,殿,U+6BBF,16,0,0,,,殿/𭮺,True,GOLD/SILVER
động,動,U+52D5,16,0,0,,,動/致/𭄴,True,GOLD/SILVER
bi,悲,U+60B2,15,0,0,,,厯/悲/應,True,GOLD/SILVER
cắt,割,U+5272,15,0,0,,,割,True,GOLD
cổ,古,U+53E4,15,0,0,,,云/古/左,True,GOLD/SILVER
hề,兮,U+516E,15,0,0,,,今/兮,True,GOLD
khắp,泣,U+6CE3,15,0,0,,,位/应/泣,True,GOLD/SILVER
lai,吏,U+540F,15,0,0,,,吏/布/杢,True,GOLD/SILVER
lành,令,U+4EE4,15,0,0,,,今/令/会/卷/泠,True,GOLD/SILVER
mũi,每,U+6BCF,15,0,0,,,每,True,GOLD
nao,市,U+5E02,15,0,0,,,屰/市/希/带/弟,True,GOLD/SILVER
nhớ,汝,U+6C5D,15,0,0,,,放/汝,True,GOLD/SILVER
nết,𣵀,U+23D40,15,0,0,,,渥/滛/𡰱/𣵀,True,GOLD/SILVER
phù,扶,U+6276,15,0,0,,,扶/状,True,GOLD
rạc,落,U+843D,15,0,0,,,啓/廢/落,True,GOLD/SILVER
thái,太,U+592A,15,0,0,,,丸/太,True,GOLD/SILVER
thêm,𣸸,U+23E38,15,0,0,,,凃/染/𣸸,True,GOLD/SILVER
thưởng,賞,U+8CDE,15,0,0,,,噎/壹/煑/燾/處,True,GOLD/SILVER
thể,体,U+4F53,15,0,0,,,体,True,GOLD
tra,查,U+67E5,15,0,0,,,杳/查,True,GOLD/SILVER
trị,治,U+6CBB,15,0,0,,,冶/汤/沉/治/沼,True,GOLD/SILVER
tức,即,U+5373,15,0,0,,,即/郎,True,GOLD/SILVER
vâng,邦,U+90A6,15,0,0,,,邦,True,GOLD
với,貝,U+8C9D,15,0,0,,,见/貝,True,GOLD/SILVER
vừa,皮,U+76AE,15,0,0,,,及/友/皮,True,GOLD
xuống,下,U+4E0B,15,0,0,,,審/毫/窀/竈/麾,True,SILVER
đàng,唐,U+5510,15,0,0,,,唐/庚/麁,True,GOLD/SILVER
bày,排,U+6392,14,0,0,,,徙/排/非,True,GOLD/SILVER
chối,咥,U+54A5,14,0,0,,,侄/咥/至,True,GOLD/SILVER
cùng,穹,U+7A79,14,0,0,,,后/妄/庐/庭/言,True,GOLD/SILVER
da,耶,U+8036,14,0,0,,,耶/𫆀,True,GOLD/SILVER
gần,𧵆,U+27D46,14,0,0,,,則/敗/斯/財,True,GOLD/SILVER
lan,蘭,U+862D,14,0,0,,,菊/蘭,True,GOLD/SILVER
liệt,烈,U+70C8,14,0,0,,,烈,True,GOLD
lóc,禄,U+7984,14,0,0,,,禄,True,GOLD
nghĩa,義,U+7FA9,14,0,0,,,盖/義,True,GOLD/SILVER
ong,蜂,U+8702,14,0,0,,,蛻/蜂/蜱/蠏/鋒,True,GOLD/SILVER
thử,此,U+6B64,14,0,0,,,此,True,GOLD
tiếc,惜,U+60DC,14,0,0,,,借/惜/腊,True,GOLD/SILVER
uống,㕵,U+3575,14,0,0,,,吐/旺/汪/王,True,GOLD/SILVER
vẻ,尾,U+5C3E,14,0,0,,,尾,True,GOLD
vồ,釪,U+91EA,14,0,0,,,丑/任/母/毎/每,True,GOLD/SILVER
ý,衣,U+8863,14,0,0,,,人/仅/从/仪/入,True,GOLD/SILVER
ấy,乙,U+4E59,14,0,0,,,乞/人/仍/分/厶,True,GOLD/SILVER
a,稼,U+7A3C,13,0,0,,,移,True,GOLD
chốn,准,U+51C6,13,0,0,,,倠/准,True,GOLD/SILVER
dọn,迍,U+8FCD,13,0,0,,,要/起/迍/迤/述,True,GOLD/SILVER
em,俺,U+4FFA,13,0,0,,,俺/𢲅,True,GOLD/SILVER
ghê,稽,U+7A3D,13,0,0,,,稽/著/誓/醫/𮃛,True,GOLD/SILVER
họp,合,U+5408,13,0,0,,,令/会/公/合/含,True,GOLD/SILVER
mộ,墓,U+5893,13,0,0,,,凰/墓/壊,True,GOLD/SILVER
nhiêu,饒,U+9952,13,0,0,,,饒,True,GOLD
nhọc,辱,U+8FB1,13,0,0,,,厚/唇/辱/𭔱,True,GOLD/SILVER
phụng,奉,U+5949,13,0,0,,,奉,True,GOLD
quanh,觥,U+89E5,13,0,0,,,帆/既/聽/號/觥,True,GOLD/SILVER
ru,由,U+7531,13,0,0,,,由,True,GOLD
rêu,姚,U+59DA,13,0,0,,,姚/挑/桃/缺,True,GOLD/SILVER
rừng,稜,U+7A1C,13,0,0,,,撥/稜,True,GOLD/SILVER
thà,時,U+6642,13,0,0,,,寺/時/詩,True,GOLD/SILVER
thâu,收,U+6536,13,0,0,,,收/𭣣,True,GOLD/SILVER
thức,式,U+5F0F,13,0,0,,,式,True,GOLD
trấy,礼,U+793C,13,0,0,,,礼,False,SILVER
tưởng,想,U+60F3,13,0,0,,,想/摠/理,True,GOLD/SILVER
về,衛,U+885B,13,0,0,,,街/衛,True,GOLD/SILVER
ám,暗,U+6697,13,0,0,,,弱/暗/琚/聴/臈,True,GOLD/SILVER
ít,乙,U+4E59,13,0,0,,,乙,True,GOLD
đất,怛,U+601B,13,0,0,,,但/呾/白,True,GOLD/SILVER
để,㡳,U+3873,13,0,0,,,㡳/辰,True,GOLD/SILVER
đốt,茁,U+8301,13,0,0,,,出/岀/灼/炫/炳,True,GOLD/SILVER
ca,𰙔,U+30654,12,0,0,,,𰙔,True,GOLD
cùng,邛,U+909B,12,0,0,,,女,True,GOLD
hát,喝,U+559D,12,0,0,,,偈/喝/蜀/陽,True,GOLD/SILVER
hết,欱,U+6B31,12,0,0,,,敏/敬/欲/欽/歙,True,GOLD/SILVER
lọn,論,U+8AD6,12,0,0,,,屬/幕/徧/扁/篇,True,SILVER
lộc,禄,U+7984,12,0,0,,,禄,True,GOLD
mắc,黙,U+9ED9,12,0,0,,,㸃/黙,True,GOLD/SILVER
một,殁,U+6B81,12,0,0,,,喫/度/殷/殿/股,True,GOLD/SILVER
ngỡ,語,U+8A9E,12,0,0,,,該/語,True,GOLD/SILVER
nhiêu,嬈,U+5B08,12,0,0,,,嘵/桀/焼/燒,True,SILVER
nhỏ,乳,U+4E73,12,0,0,,,乳,True,GOLD
nóng,燶,U+71F6,12,0,0,,,濃/烺/煨/營/爐,True,GOLD/SILVER
nết,涅,U+6D85,12,0,0,,,涅/虗,True,GOLD/SILVER
sắt,瑟,U+745F,12,0,0,,,君/琴/瑟,True,GOLD/SILVER
sốt,焠,U+7120,12,0,0,,,煇/煒/雄,True,GOLD/SILVER
sức,饬,U+996C,12,0,0,,,厉/好/妨/防,True,GOLD/SILVER
thật,実,U+5B9F,12,0,0,,,矣/突/笑/臾,True,GOLD
truyen,傳,U+50B3,12,0,0,,,傳,False,SILVER
trận,陣,U+9663,12,0,0,,,陣,True,GOLD
tu,須,U+9808,12,0,0,,,須,True,GOLD
tươi,鮮,U+9BAE,12,0,0,,,鮮,True,GOLD
vu,于,U+4E8E,12,0,0,,,于,True,GOLD
xác,殻,U+6BBB,12,0,0,,,微/教/殷/殻,True,GOLD/SILVER
ảnh,影,U+5F71,12,0,0,,,多/彰/影,True,GOLD/SILVER
chê,吱,U+5431,11,0,0,,,吱/咬/岐/枝/跂,True,GOLD/SILVER
chị,姊,U+59CA,11,0,0,,,姊/姑/端,True,GOLD/SILVER
cướp,刧,U+5227,11,0,0,,,刧/机,True,GOLD
dốc,篤,U+7BE4,11,0,0,,,善/專/篤/罵/𫠉,True,GOLD/SILVER
gái,𡛔,U+216D4,11,0,0,,,奶/妙/姊/媽,True,GOLD/SILVER
hãi,㤥,U+3925,11,0,0,,,恢/悛/懷/陔/𰑊,True,GOLD/SILVER
hồn,塊,U+584A,11,0,0,,,塊/媿/恕,True,GOLD/SILVER
ki,朞,U+671E,11,0,0,,,䑓/基,True,GOLD/SILVER
làm,爪,U+722A,11,0,0,,,人/八/内/爪/而,True,GOLD/SILVER
ma,嗎,U+55CE,11,0,0,,,瑪/馮,True,GOLD/SILVER
mê,迷,U+8FF7,11,0,0,,,吏/廷/迷,True,GOLD/SILVER
móc,木,U+6728,11,0,0,,,木,True,GOLD
nam,男,U+7537,11,0,0,,,男,True,GOLD
ngoan,頑,U+9811,11,0,0,,,有/項/頋/頏/頑,True,GOLD/SILVER
nãy,乃,U+4E43,11,0,0,,,乃/得,True,GOLD/SILVER
nói,吶,U+5436,11,0,0,,,吶/呬/咽/明,True,GOLD/SILVER
phong,封,U+5C01,11,0,0,,,封,True,GOLD
phú,富,U+5BCC,11,0,0,,,富/屠/虜,True,GOLD/SILVER
rút,捽,U+637D,11,0,0,,,捋/捽/掉/擁,True,GOLD/SILVER
sen,蓮,U+84EE,11,0,0,,,蓮/遂/遵,True,GOLD/SILVER
thẳng,倘,U+5018,11,0,0,,,凼/尚/憑/有/舞,True,SILVER
thợ,署,U+7F72,11,0,0,,,男/罢/署,True,GOLD/SILVER
tinh,星,U+661F,11,0,0,,,星,True,GOLD
tu,脩,U+8129,11,0,0,,,脩,True,GOLD
tám,糁,U+7CC1,11,0,0,,,憗/稔/糁/袴,True,GOLD/SILVER
tê,躋,U+8E8B,11,0,0,,,堦/壻/踏/蹐/蹻,True,GOLD/SILVER
tóc,速,U+901F,11,0,0,,,迷/速/連/逹,True,GOLD/SILVER
tông,宗,U+5B97,11,0,0,,,宗/要,True,GOLD/SILVER
tế,祭,U+796D,11,0,0,,,癸/祭/羣/𥙊,True,GOLD/SILVER
tờ,詞,U+8A5E,11,0,0,,,淘/詞/調,True,GOLD/SILVER
xem,佔,U+4F54,11,0,0,,,估/位/佐/佔/砌,True,GOLD/SILVER
xưa,初,U+521D,11,0,0,,,初/𭃡,True,GOLD/SILVER
đen,顛,U+985B,11,0,0,,,顛/顯/𩔊,True,GOLD/SILVER
đổi,対,U+5BFE,11,0,0,,,姓/対/封/廷/时,True,GOLD/SILVER
đớn,疸,U+75B8,11,0,0,,,亱/疸/痘,True,GOLD/SILVER
đợi,待,U+5F85,11,0,0,,,侍/待/持,True,GOLD/SILVER
a,亞,U+4E9E,10,0,0,,,亞/何/岀,True,GOLD/SILVER
ao,㓜,U+34DC,10,0,0,,,㓜/匆/物,True,GOLD/SILVER
ao,拗,U+62D7,10,0,0,,,匈/拗/洳/湖/砌,True,GOLD/SILVER
biến,变,U+53D8,10,0,0,,,变/犮/遵,True,GOLD/SILVER
bà,妑,U+5991,10,0,0,,,地/妃/姻,True,GOLD/SILVER
chay,粂,U+7C82,10,0,0,,,㪯/奎/拳/案/桑,True,GOLD/SILVER
chưng,徵,U+5FB5,10,0,0,,,徵,True,GOLD
chị,姉,U+59C9,10,0,0,,,姉/始/婦,True,GOLD/SILVER
em,奄,U+5944,10,0,0,,,唵/奄/淹,True,GOLD/SILVER
gió,愈,U+6108,10,0,0,,,愈/爺,True,GOLD/SILVER
hoặc,㦯,U+39AF,10,0,0,,,㦯,True,GOLD
là,羅,U+7F85,10,0,0,,,羅,True,GOLD
ngủ,午,U+5348,10,0,0,,,午,True,GOLD
nhất,一,U+4E00,10,0,0,,,一,True,GOLD
nết,湼,U+6E7C,10,0,0,,,凜/泡/湼/𫝗,True,GOLD/SILVER
qua,過,U+904E,10,0,0,,,遇/過,True,GOLD/SILVER
quá,過,U+904E,10,0,0,,,過/遏,True,GOLD/SILVER
ru,油,U+6CB9,10,0,0,,,呻/曲/油,True,GOLD/SILVER
rét,烈,U+70C8,10,0,0,,,烈,True,GOLD
sô,芻,U+82BB,10,0,0,,,多/芻/蜀,True,GOLD/SILVER
thề,誓,U+8A93,10,0,0,,,誓,True,GOLD
thở,咀,U+5480,10,0,0,,,且/咀,True,GOLD
trinh,偵,U+5075,10,0,0,,,百/直/道,True,GOLD/SILVER
vẽ,尾,U+5C3E,10,0,0,,,䴡/尾/𤂢,True,GOLD/SILVER
xu,樞,U+6A1E,10,0,0,,,揠/柩/樞/福,True,GOLD/SILVER
xưa,𥘋,U+2560B,10,0,0,,,劝/𥘋/𭃡,True,GOLD/SILVER
ích,益,U+76CA,10,0,0,,,益/至,True,GOLD/SILVER
đủ,堵,U+5835,10,0,0,,,坊/堵,True,GOLD/SILVER
bê,陂,U+9642,9,0,0,,,彼/波/陂,True,GOLD
bớt,扒,U+6252,9,0,0,,,孔/扒,True,GOLD/SILVER
cha,乍,U+4E4D,9,0,0,,,三/乇/乍/乞,True,GOLD/SILVER
chưng,蒸,U+84B8,9,0,0,,,蒸/藥,True,GOLD
có,個,U+500B,9,0,0,,,個/因/國/涸,True,GOLD/SILVER
có,同,U+540C,9,0,0,,,同/因,True,GOLD/SILVER
cả,架,U+67B6,9,0,0,,,架/染/梁/棃/楽,True,GOLD/SILVER
cứng,亘,U+4E98,9,0,0,,,亘/旦/𥄂,True,GOLD/SILVER
dòng,𣳔,U+23CD4,9,0,0,,,泪/润/淜/渊/湘,True,GOLD/SILVER
dậy,曳,U+66F3,9,0,0,,,曳,True,GOLD
giả,假,U+5047,9,0,0,,,倣/假/攸,True,GOLD/SILVER
khô,枯,U+67AF,9,0,0,,,枯,True,GOLD
kín,謹,U+8B39,9,0,0,,,謹/饉,True,GOLD/SILVER
kíp,急,U+6025,9,0,0,,,君/急/意,True,GOLD/SILVER
le,𠻗,U+20ED7,9,0,0,,,㸔/商/淸/清/渴,True,GOLD/SILVER
len,連,U+9023,9,0,0,,,趙/連,True,GOLD/SILVER
lặng,朗,U+6717,9,0,0,,,朗,True,GOLD
lỗi,磊,U+78CA,9,0,0,,,為/磊,True,GOLD/SILVER
mua,謨,U+8B28,9,0,0,,,旗/羲/謨/𦵏,True,GOLD/SILVER
mọn,悶,U+60B6,9,0,0,,,圈/恩/悶/閑/閣,True,GOLD/SILVER
người,昆,U+6606,9,0,0,,,具/呉/息/昆/晁,True,GOLD/SILVER
ngồi,外,U+5916,9,0,0,,,各/外,True,GOLD/SILVER
nho,儒,U+5112,9,0,0,,,儒/帮,True,GOLD/SILVER
nhược,𠰥,U+20C25,9,0,0,,,𠰥,True,GOLD
nằm,南,U+5357,9,0,0,,,南/廟/有,True,GOLD/SILVER
nặng,曩,U+66E9,9,0,0,,,晨/曩/義/裏,True,GOLD/SILVER
ong,螉,U+8789,9,0,0,,,絹/螉/醉,True,GOLD/SILVER
quái,恠,U+6060,9,0,0,,,恠,True,GOLD
quì,跪,U+8DEA,9,0,0,,,危/绝/𭁵,True,SILVER
quấy,恠,U+6060,9,0,0,,,恠/惟,True,GOLD/SILVER
rãi,待,U+5F85,9,0,0,,,侍/待/持/禱,True,GOLD/SILVER
trai,𤳇,U+24CC7,9,0,0,,,勑/朝/甥/粻,True,GOLD/SILVER
trí,智,U+667A,9,0,0,,,智,True,GOLD
tuổi,𡻕,U+21ED5,9,0,0,,,𡻕,True,GOLD
tá,佐,U+4F50,9,0,0,,,佐,True,GOLD
vẻ,彼,U+5F7C,9,0,0,,,伋/彼/歿/袂/被,True,GOLD/SILVER
xi,吹,U+5439,9,0,0,,,吹/次/火,True,GOLD
xiết,掣,U+63A3,9,0,0,,,掣,True,GOLD
xua,樞,U+6A1E,9,0,0,,,樞,True,GOLD
đang,當,U+7576,9,0,0,,,富/當/𮧯,True,GOLD/SILVER
đem,冘,U+5198,9,0,0,,,䆒/丸/侘/冗/尼,True,GOLD/SILVER
đi,移,U+79FB,9,0,0,,,段/移/趍,True,GOLD/SILVER
đâu,兠,U+5160,9,0,0,,,兠/虎/𫥢/𮗜,True,GOLD/SILVER
ai,挨,U+6328,8,0,0,,,俟/挨/族,True,GOLD/SILVER
ao,泑,U+6CD1,8,0,0,,,匈/泑/洶/潮/𭃡,True,GOLD/SILVER
but,孛,U+5B5B,8,0,0,,,孛,False,SILVER
chào,朝,U+671D,8,0,0,,,朝,True,GOLD
chúng,众,U+4F17,8,0,0,,,久/众/分/反/夕,True,GOLD/SILVER
chưng,徴,U+5FB4,8,0,0,,,倣/徴/敘,True,GOLD/SILVER
chợ,𦔳,U+26533,8,0,0,,,𦔳,True,GOLD
cáo,告,U+544A,8,0,0,,,去/告,True,GOLD/SILVER
cười,唭,U+552D,8,0,0,,,其/唄/唭/嗅/𬼘,True,GOLD/SILVER
dáy,洩,U+6D29,8,0,0,,,洩/錢/鴻,True,GOLD/SILVER
dõi,唯,U+552F,8,0,0,,,准/唯,True,GOLD/SILVER
ghe,稽,U+7A3D,8,0,0,,,稽/誓/醫/𮃛,True,GOLD/SILVER
giã,者,U+8005,8,0,0,,,者,True,GOLD
giấu,丑,U+4E11,8,0,0,,,丑,True,GOLD
gươm,鎌,U+938C,8,0,0,,,鍾/鎌/鐘,True,GOLD/SILVER
hôn,昏,U+660F,8,0,0,,,昏/鵞,True,GOLD/SILVER
hổ,虎,U+864E,8,0,0,,,虎/鹿,True,GOLD/SILVER
lành,苓,U+82D3,8,0,0,,,苓/荅,True,GOLD
lưng,𦝄,U+26744,8,0,0,,,勝/媵/廢/腹/陵,True,GOLD/SILVER
lập,立,U+7ACB,8,0,0,,,立,True,GOLD
ma,妈,U+5988,8,0,0,,,妃/瑪,True,GOLD/SILVER
men,綿,U+7DBF,8,0,0,,,歸/綿,True,GOLD/SILVER
mô,摸,U+6478,8,0,0,,,授/摸/槎,True,GOLD/SILVER
mở,馬,U+99AC,8,0,0,,,焉/馬/𫠉,True,GOLD/SILVER
ngón,阮,U+962E,8,0,0,,,既/沅/阮,True,GOLD/SILVER
răng,𦝄,U+26744,8,0,0,,,服/腹,True,GOLD/SILVER
su,樞,U+6A1E,8,0,0,,,摳/極/樞,True,GOLD/SILVER
sắt,鉄,U+9244,8,0,0,,,鉄,True,GOLD
sớm,欽,U+6B3D,8,0,0,,,欽,True,GOLD
thành,成,U+6210,8,0,0,,,成/烕,True,GOLD
thăm,探,U+63A2,8,0,0,,,探,True,GOLD
trách,责,U+8D23,8,0,0,,,青,True,GOLD
trời,天,U+5929,8,0,0,,,乔/人/吞/天/𠄘,True,GOLD/SILVER
tói,繓,U+7E53,8,0,0,,,撮/歸/盪/緑/繳,True,GOLD/SILVER
tử,于,U+4E8E,8,0,0,,,寸/廿,True,GOLD/SILVER
vắng,𣱵,U+23C75,8,0,0,,,𣱵,True,GOLD
vị,位,U+4F4D,8,0,0,,,位,True,GOLD
ây,意,U+610F,8,0,0,,,意,False,SILVER
độc,毒,U+6BD2,8,0,0,,,毒,True,GOLD
ưa,於,U+65BC,8,0,0,,,於,True,GOLD
ấy,帝,U+5E1D,8,0,0,,,希,True,GOLD
che,枝,U+679D,7,0,0,,,妓/帖/忮/枝/陵,True,GOLD/SILVER
chim,鵑,U+9D51,7,0,0,,,均/應/鳩/鴟/鶋,True,GOLD/SILVER
chôn,撙,U+6499,7,0,0,,,傉/坪/塼/壿/樽,True,GOLD/SILVER
chủ,主,U+4E3B,7,0,0,,,主,True,GOLD
công,㓛,U+34DB,7,0,0,,,㓛,True,GOLD
dầu,油,U+6CB9,7,0,0,,,油,True,GOLD
giu,珠,U+73E0,7,0,0,,,珠,False,SILVER
giường,床,U+5E8A,7,0,0,,,床,True,GOLD
gối,噲,U+5672,7,0,0,,,噲/蹌,True,GOLD/SILVER
hay,而,U+800C,7,0,0,,,而,True,GOLD
hầu,侯,U+4FAF,7,0,0,,,侯,True,GOLD
hề,係,U+4FC2,7,0,0,,,係,True,GOLD
khác,格,U+683C,7,0,0,,,修/偹/格/胳,True,GOLD/SILVER
liên,蓮,U+84EE,7,0,0,,,運,True,GOLD
luận,論,U+8AD6,7,0,0,,,論,True,GOLD
lào,牢,U+7262,7,0,0,,,年/牢,True,GOLD
lêu,撩,U+64A9,7,0,0,,,僚/原/嘹/樟/橑,True,GOLD/SILVER
lầm,林,U+6797,7,0,0,,,林/牀,True,GOLD
lắm,凛,U+51DB,7,0,0,,,凛,True,GOLD
lọ,路,U+8DEF,7,0,0,,,堅/浴/路/𨺚,True,GOLD/SILVER
lộc,祿,U+797F,7,0,0,,,祿,True,GOLD
mong,夢,U+5922,7,0,0,,,夢,True,GOLD
môi,每,U+6BCF,7,0,0,,,毎/每,True,GOLD/SILVER
mông,夢,U+5922,7,0,0,,,夢/要,True,GOLD/SILVER
mùa,務,U+52D9,7,0,0,,,務,True,GOLD
mồ,戊,U+620A,7,0,0,,,戊/戌,True,GOLD
nam,南,U+5357,7,0,0,,,南/有/蝕/解/𪺮,True,GOLD/SILVER
ngon,言,U+8A00,7,0,0,,,吃/言/雲,True,GOLD/SILVER
ngửa,語,U+8A9E,7,0,0,,,玆/語,True,GOLD/SILVER
nhiều,澆,U+6F86,7,0,0,,,僥/澆,True,GOLD/SILVER
nhường,讓,U+8B93,7,0,0,,,壌/癯/褻/讓,True,GOLD/SILVER
nhịn,忍,U+5FCD,7,0,0,,,忍,True,GOLD
nấy,乃,U+4E43,7,0,0,,,乃,True,GOLD
nọ,奴,U+5974,7,0,0,,,奴/故,True,GOLD/SILVER
qua,过,U+8FC7,7,0,0,,,过,True,GOLD
quý,貴,U+8CB4,7,0,0,,,春/者/貴/青,True,GOLD/SILVER
roi,檑,U+6A91,7,0,0,,,榴/橊/橋/檑/襠,True,GOLD/SILVER
sen,連,U+9023,7,0,0,,,逢/連/運,True,GOLD/SILVER
tan,㪚,U+3A9A,7,0,0,,,㪚/敬,True,GOLD/SILVER
thuở,課,U+8AB2,7,0,0,,,課,True,GOLD
thường,常,U+5E38,7,0,0,,,常,True,GOLD
thịnh,盛,U+76DB,7,0,0,,,盛,True,GOLD
trật,秩,U+79E9,7,0,0,,,秩,True,GOLD
tài,才,U+624D,7,0,0,,,才,True,GOLD
tướng,将,U+5C06,7,0,0,,,将,True,GOLD
đao,道,U+9053,7,0,0,,,逍/道,True,GOLD
đày,苔,U+82D4,7,0,0,,,兹/玄/苔/茤/莒,True,GOLD/SILVER
đưa,迻,U+8FFB,7,0,0,,,逡/逢,True,GOLD/SILVER
đồ,徒,U+5F92,7,0,0,,,徒,True,GOLD
đứa,打,U+6253,7,0,0,,,打,True,GOLD
bà,杷,U+6777,6,0,0,,,妃/杷/祀/蛇/記,True,GOLD/SILVER
bàn,盤,U+76E4,6,0,0,,,盤,True,GOLD
chê,支,U+652F,6,0,0,,,仗/伎/史/支/歧,True,GOLD/SILVER
chó,㹥,U+3E65,6,0,0,,,往/柱/消/涛/狂,True,GOLD/SILVER
các,合,U+5408,6,0,0,,,令/合/荅,True,GOLD/SILVER
cách,格,U+683C,6,0,0,,,格,True,GOLD
cải,改,U+6539,6,0,0,,,改,True,GOLD
cột,橛,U+6A5B,6,0,0,,,橛,True,GOLD
dâm,滛,U+6EDB,6,0,0,,,滛/途,True,GOLD/SILVER
dại,曳,U+66F3,6,0,0,,,曳/民,True,GOLD/SILVER
góa,寡,U+5BE1,6,0,0,,,寡,True,GOLD
gở,㪯,U+3AAF,6,0,0,,,㪯/悴/悻,True,GOLD/SILVER
hiền,賢,U+8CE2,6,0,0,,,賢,True,GOLD
hôi,灰,U+7070,6,0,0,,,戾/灰,True,GOLD/SILVER
hạt,紇,U+7D07,6,0,0,,,乾/紇/能,True,GOLD/SILVER
khen,看,U+770B,6,0,0,,,㸔/看/舟,True,GOLD/SILVER
khuyên,勸,U+52F8,6,0,0,,,勸,True,GOLD
kia,箕,U+7B95,6,0,0,,,箕,True,GOLD
kinh,經,U+7D93,6,0,0,,,經,True,GOLD
long,竜,U+7ADC,6,0,0,,,竜,True,GOLD
làng,廊,U+5ECA,6,0,0,,,廊,True,GOLD
lên,蓮,U+84EE,6,0,0,,,蓮/運,True,GOLD/SILVER
miệng,皿,U+76BF,6,0,0,,,也/亚/血/迴,True,GOLD/SILVER
mấy,買,U+8CB7,6,0,0,,,置/買,True,GOLD/SILVER
mật,宻,U+5BBB,6,0,0,,,宻/審,True,GOLD/SILVER
mời,邁,U+9081,6,0,0,,,逼/遇/適/邁,True,GOLD/SILVER
ngự,御,U+5FA1,6,0,0,,,御,True,GOLD
nhau,僥,U+50E5,6,0,0,,,僥/陪,True,GOLD/SILVER
nhường,譲,U+8B72,6,0,0,,,誇/議/譲,True,GOLD/SILVER
nhớ,女,U+5973,6,0,0,,,女/攺/玄,True,GOLD/SILVER
này,𡰱,U+21C31,6,0,0,,,君/𡰱,True,GOLD/SILVER
nát,𣵀,U+23D40,6,0,0,,,𣵀,True,GOLD
nơi,𡰱,U+21C31,6,0,0,,,厯/召/君/𡰱,True,GOLD/SILVER
nấu,耨,U+8028,6,0,0,,,濟/耨,True,GOLD/SILVER
nếu,裊,U+88CA,6,0,0,,,憂/易/裊,True,GOLD/SILVER
nợ,女,U+5973,6,0,0,,,女,True,GOLD
sa,抄,U+6284,6,0,0,,,必/沽,True,GOLD/SILVER
sợ,怍,U+600D,6,0,0,,,作/在/怍/昨,True,GOLD/SILVER
tham,貪,U+8CAA,6,0,0,,,貧/貪/𮚃,True,GOLD/SILVER
thang,湯,U+6E6F,6,0,0,,,湯,True,GOLD
thêm,添,U+6DFB,6,0,0,,,条/添/爺,True,GOLD/SILVER
thưa,疎,U+758E,6,0,0,,,殊/疎/陈,True,GOLD/SILVER
thả,且,U+4E14,6,0,0,,,且/耳,True,GOLD/SILVER
tim,心,U+5FC3,6,0,0,,,七/心,True,GOLD/SILVER
treo,撩,U+64A9,6,0,0,,,孫/撩/擦/𨻶,True,GOLD/SILVER
tà,邪,U+90AA,6,0,0,,,那/邪,True,GOLD/SILVER
tàu,艚,U+825A,6,0,0,,,矰/繒/船/艚/艣,True,GOLD/SILVER
tòa,座,U+5EA7,6,0,0,,,座,True,GOLD
tô,酥,U+9165,6,0,0,,,酥/録,True,GOLD/SILVER
viếng,永,U+6C38,6,0,0,,,永,True,GOLD
vào,旦,U+65E6,6,0,0,,,囙/已/旦/色,True,GOLD/SILVER
vú,乳,U+4E73,6,0,0,,,乳,True,GOLD
xương,昌,U+660C,6,0,0,,,昌/曷,True,GOLD/SILVER
xứ,𠙚,U+2065A,6,0,0,,,𠙚,True,GOLD
đáng,當,U+7576,6,0,0,,,當/耆/蓄,True,GOLD/SILVER
ay,衣,U+8863,5,0,0,,,衣,False,SILVER
bây,闭,U+95ED,5,0,0,,,团/困/用,True,SILVER
chia,支,U+652F,5,0,0,,,支,True,GOLD
chào,嘲,U+5632,5,0,0,,,嘲,True,GOLD
chép,劄,U+5284,5,0,0,,,倒/列/到/劄/劍,True,GOLD/SILVER
chước,捉,U+6349,5,0,0,,,思,True,GOLD
chấp,執,U+57F7,5,0,0,,,執,True,GOLD
chầy,遲,U+9072,5,0,0,,,遲,True,GOLD
chặt,㩫,U+3A6B,5,0,0,,,攢/攬,True,GOLD
chớ,𤀞,U+2401E,5,0,0,,,居/浩/消/渃,True,GOLD/SILVER
cu,俱,U+4FF1,5,0,0,,,俱,True,GOLD
càng,岡,U+5CA1,5,0,0,,,屈,True,GOLD
công,公,U+516C,5,0,0,,,公,True,GOLD
cởi,𢶒,U+22D92,5,0,0,,,擒/檜,True,GOLD/SILVER
gai,荄,U+8344,5,0,0,,,菱,True,GOLD
giá,這,U+9019,5,0,0,,,迄/這,True,GOLD/SILVER
hang,香,U+9999,5,0,0,,,屠/屬/番/香,True,GOLD/SILVER
huống,况,U+51B5,5,0,0,,,况,True,GOLD
hòn,几,U+51E0,5,0,0,,,凡,True,GOLD
hại,害,U+5BB3,5,0,0,,,害,True,GOLD
hế,係,U+4FC2,5,0,0,,,係,False,SILVER
hồ,胡,U+80E1,5,0,0,,,相/胡,True,GOLD/SILVER
hợp,合,U+5408,5,0,0,,,会/合/含,True,GOLD
khá,可,U+53EF,5,0,0,,,可,True,GOLD
khéo,窖,U+7A96,5,0,0,,,窖,True,GOLD
kế,計,U+8A08,5,0,0,,,計,True,GOLD
kịp,及,U+53CA,5,0,0,,,及/反,True,GOLD/SILVER
la,椤,U+6924,5,0,0,,,移,True,GOLD
lính,另,U+53E6,5,0,0,,,另,True,GOLD
lò,炉,U+7089,5,0,0,,,炉,True,GOLD
lô,卢,U+5362,5,0,0,,,占/卢/户,True,GOLD/SILVER
lôi,雷,U+96F7,5,0,0,,,雷/霜,True,GOLD/SILVER
lụy,累,U+7D2F,5,0,0,,,睪/累/翠,True,GOLD/SILVER
mao,毛,U+6BDB,5,0,0,,,毛,True,GOLD
minh,命,U+547D,5,0,0,,,命/恥/𠇮,True,GOLD/SILVER
mày,迈,U+8FC8,5,0,0,,,迈/返,True,GOLD
măng,𥭶,U+25B76,5,0,0,,,凑/寗/濟/菩/蓐,True,GOLD/SILVER
mưa,湄,U+6E44,5,0,0,,,湄/獨,True,GOLD/SILVER
mượn,慢,U+6162,5,0,0,,,慢,True,GOLD
mạch,脉,U+8109,5,0,0,,,脉,True,GOLD
mắt,沫,U+6CAB,5,0,0,,,沫,True,GOLD
mồng,夢,U+5922,5,0,0,,,夢/要,True,GOLD/SILVER
nghìn,彦,U+5F66,5,0,0,,,叁/屠/彦/鄜/顔,True,GOLD/SILVER
nghề,芸,U+82B8,5,0,0,,,丢/云/芸/𠯵,True,GOLD/SILVER
nghịch,逆,U+9006,5,0,0,,,逆/運,True,GOLD/SILVER
ngày,又,U+53C8,5,0,0,,,人/又,True,GOLD
ngõ,午,U+5348,5,0,0,,,于/午,True,GOLD/SILVER
ngắm,吟,U+541F,5,0,0,,,今/吟,True,GOLD
ngọc,玉,U+7389,5,0,0,,,玉,True,GOLD
ngọc,王,U+738B,5,0,0,,,王,True,GOLD
nhau,嬈,U+5B08,5,0,0,,,冼/凴/焼,True,SILVER
nhiều,堯,U+582F,5,0,0,,,嘵/堯,True,GOLD
nuôi,挼,U+633C,5,0,0,,,按/挼,True,GOLD/SILVER
nát,涅,U+6D85,5,0,0,,,涅/禮,True,GOLD/SILVER
nộp,納,U+7D0D,5,0,0,,,納/細,True,GOLD/SILVER
phao,抛,U+629B,5,0,0,,,抛,True,GOLD
phù,符,U+7B26,5,0,0,,,净/符,True,GOLD
quở,𠵩,U+20D69,5,0,0,,,㗚/喂/嘿/果/課,True,GOLD/SILVER
rê,黎,U+9ECE,5,0,0,,,叚/梭/殺/發/醫,True,SILVER
rằng,哴,U+54F4,5,0,0,,,寝/良,True,GOLD
sách,冊,U+518A,5,0,0,,,冉/冊,True,GOLD/SILVER
thi,施,U+65BD,5,0,0,,,施,True,GOLD
thuyền,船,U+8239,5,0,0,,,殆/般/船,True,GOLD/SILVER
thế,体,U+4F53,5,0,0,,,体,True,GOLD
thủy,水,U+6C34,5,0,0,,,水/永,True,GOLD/SILVER
tra,査,U+67FB,5,0,0,,,査,True,GOLD
trao,𢭂,U+22B42,5,0,0,,,捧/捽/梓,True,GOLD/SILVER
và,𢯓,U+22BD3,5,0,0,,,把,True,GOLD
ván,板,U+677F,5,0,0,,,板,True,GOLD
văn,文,U+6587,5,0,0,,,文,True,GOLD
vạ,禍,U+798D,5,0,0,,,碣/祸/禍,True,GOLD/SILVER
vọng,望,U+671B,5,0,0,,,望,True,GOLD
xem,䀡,U+4021,5,0,0,,,帖/被,True,GOLD/SILVER
xứ,䖏,U+458F,5,0,0,,,䖏/虞,True,GOLD/SILVER
y,依,U+4F9D,5,0,0,,,依,True,GOLD
yên,安,U+5B89,5,0,0,,,安,True,GOLD
ác,悪,U+60AA,5,0,0,,,悪,True,GOLD
âu,謳,U+8B33,5,0,0,,,事/謳,True,GOLD/SILVER
ông,東,U+6771,5,0,0,,,兌/坌/妻/果/𭔿,True,GOLD/SILVER
đinh,釘,U+91D8,5,0,0,,,釘,True,GOLD
đào,陶,U+9676,5,0,0,,,陶,True,GOLD
đóng,棟,U+68DF,5,0,0,,,使/棟,True,GOLD/SILVER
đương,當,U+7576,5,0,0,,,嗜/常/當,True,GOLD
đẹp,枼,U+67BC,5,0,0,,,枼,True,GOLD
đẻ,𦝉,U+26749,5,0,0,,,脈/脹/膩/臟,True,GOLD/SILVER
đỏ,堵,U+5835,5,0,0,,,堵/诸,True,GOLD
đồng,同,U+540C,5,0,0,,,同/因,True,GOLD/SILVER
ba,波,U+6CE2,4,0,0,,,波,True,GOLD
bia,𥓓,U+254D3,4,0,0,,,𥓓,True,GOLD
bước,北,U+5317,4,0,0,,,北,True,GOLD
bền,卞,U+535E,4,0,0,,,卞,True,GOLD
bột,勃,U+52C3,4,0,0,,,勃,True,GOLD
chang,庒,U+5E92,4,0,0,,,庒/片,True,GOLD/SILVER
châu,珠,U+73E0,4,0,0,,,珠,True,GOLD
chước,所,U+6240,4,0,0,,,孤/所,True,GOLD
chở,阻,U+963B,4,0,0,,,沮/阻,True,GOLD/SILVER
chức,職,U+8077,4,0,0,,,戰/職,True,GOLD
chửi,𠯽,U+20BFD,4,0,0,,,止/甿/𠮵,True,GOLD/SILVER
câu,句,U+53E5,4,0,0,,,句,True,GOLD
còn,存,U+5B58,4,0,0,,,在,True,GOLD
cùng,拱,U+62F1,4,0,0,,,拱,True,GOLD
cũ,窭,U+7AAD,4,0,0,,,窭,True,GOLD
cướp,劫,U+52AB,4,0,0,,,劫,True,GOLD
cốt,骨,U+9AA8,4,0,0,,,骨,True,GOLD
củi,檜,U+6A9C,4,0,0,,,檜,True,GOLD
da,𦝄,U+26744,4,0,0,,,朘/腹/𦚂,True,GOLD/SILVER
di,移,U+79FB,4,0,0,,,移,True,GOLD
dong,容,U+5BB9,4,0,0,,,容,True,GOLD
dài,曳,U+66F3,4,0,0,,,曳/民,True,GOLD/SILVER
dưới,帶,U+5E36,4,0,0,,,夢/帯/帶,True,GOLD/SILVER
dấu,斗,U+6597,4,0,0,,,斗/跡,True,GOLD/SILVER
dối,对,U+5BF9,4,0,0,,,对,True,GOLD
dỗ,杜,U+675C,4,0,0,,,壮/杜,True,GOLD
giàu,朝,U+671D,4,0,0,,,朝,True,GOLD
giêng,正,U+6B63,4,0,0,,,正,True,GOLD
gớm,憾,U+61BE,4,0,0,,,憾,True,GOLD
hay,特,U+7279,4,0,0,,,公/呪/必/经,True,SILVER
hưởng,享,U+4EAB,4,0,0,,,享,True,GOLD
học,𭓇,U+2D4C7,4,0,0,,,𭓇,True,GOLD
hộ,護,U+8B77,4,0,0,,,謔/護/讓,True,GOLD
in,印,U+5370,4,0,0,,,卬/印,True,GOLD
khát,渇,U+6E07,4,0,0,,,渇,True,GOLD
khát,渴,U+6E34,4,0,0,,,渴,True,GOLD
kiêu,驕,U+9A55,4,0,0,,,驕,True,GOLD
kẻ,凡,U+51E1,4,0,0,,,凡,True,GOLD
li,莉,U+8389,4,0,0,,,淆/禹,True,GOLD/SILVER
liều,料,U+6599,4,0,0,,,料/科,True,GOLD
liệu,料,U+6599,4,0,0,,,料,True,GOLD
là,買,U+8CB7,4,0,0,,,冨/崑/昱/貫,True,GOLD
là,𪜀,U+2A700,4,0,0,,,不/卄/女,True,GOLD/SILVER
lánh,另,U+53E6,4,0,0,,,另/弓/月,True,GOLD/SILVER
lô,炉,U+7089,4,0,0,,,炉/炒,True,GOLD/SILVER
lộn,論,U+8AD6,4,0,0,,,論,True,GOLD
mai,梅,U+6885,4,0,0,,,梅,True,GOLD
mau,毛,U+6BDB,4,0,0,,,毛,True,GOLD
mất,秩,U+79E9,4,0,0,,,教/秩/頼,True,GOLD/SILVER
một,車,U+8ECA,4,0,0,,,单/甚/重,True,GOLD
ngàn,彦,U+5F66,4,0,0,,,彦/軒/鄜,True,GOLD/SILVER
ngạo,傲,U+50B2,4,0,0,,,傲,True,GOLD
nuôi,浽,U+6D7D,4,0,0,,,妥/安,True,GOLD
nước,匿,U+533F,4,0,0,,,匿,True,GOLD
nước,箸,U+7BB8,4,0,0,,,署,True,GOLD
nết,𢝘,U+22758,4,0,0,,,星,True,GOLD
nổi,挼,U+633C,4,0,0,,,按/挼,True,GOLD/SILVER
phi,不,U+4E0D,4,0,0,,,不,True,GOLD
phiền,煩,U+7169,4,0,0,,,煩,True,GOLD
phun,噴,U+5674,4,0,0,,,嘖/噴/嬪/遁,True,GOLD/SILVER
phương,方,U+65B9,4,0,0,,,方,True,GOLD
phận,分,U+5206,4,0,0,,,分,True,GOLD
què,跪,U+8DEA,4,0,0,,,堠/庵/跪,True,GOLD/SILVER
rét,列,U+5217,4,0,0,,,列,True,GOLD
rượu,𨢇,U+28887,4,0,0,,,醋/醐/醞,True,GOLD/SILVER
rốt,卒,U+5352,4,0,0,,,卒,True,GOLD
rồi,耒,U+8012,4,0,0,,,耒,True,GOLD
sang,朗,U+6717,4,0,0,,,即,True,GOLD
sau,楼,U+697C,4,0,0,,,棲/楼,True,GOLD
sâu,溇,U+6E87,4,0,0,,,婆/楼/溇,True,GOLD/SILVER
sông,江,U+6C5F,4,0,0,,,淹/祐/麾,True,SILVER
sấp,泣,U+6CE3,4,0,0,,,拉/泣,True,GOLD
sống,𧚠,U+276A0,4,0,0,,,君/莊/飛/𭺾,True,GOLD/SILVER
sốt,𤈠,U+24220,4,0,0,,,冿/津,True,GOLD/SILVER
thì,𥊘,U+25298,4,0,0,,,齒,True,GOLD
thói,退,U+9000,4,0,0,,,退,True,GOLD
thông,通,U+901A,4,0,0,,,通,True,GOLD
thơm,貪,U+8CAA,4,0,0,,,奢/薈/貪,True,GOLD/SILVER
tiệc,席,U+5E2D,4,0,0,,,席,True,GOLD
tiện,便,U+4FBF,4,0,0,,,便,True,GOLD
tranh,争,U+4E89,4,0,0,,,争,True,GOLD
tri,知,U+77E5,4,0,0,,,知,True,GOLD
trông,篭,U+7BED,4,0,0,,,篭/罨/邕,True,GOLD/SILVER
tính,性,U+6027,4,0,0,,,性,True,GOLD
tối,碎,U+788E,4,0,0,,,碎,True,GOLD
vi,爲,U+7232,4,0,0,,,爲/𫠉,True,GOLD/SILVER
việc,沒,U+6C92,4,0,0,,,伎/授/没,True,GOLD/SILVER
vàn,萬,U+842C,4,0,0,,,萬,True,GOLD
võ,武,U+6B66,4,0,0,,,武,True,GOLD
vốn,本,U+672C,4,0,0,,,本,True,GOLD
xã,社,U+793E,4,0,0,,,社/𦥷,True,GOLD/SILVER
xé,熾,U+71BE,4,0,0,,,戲/熾,True,GOLD
xứ,處,U+8655,4,0,0,,,康/處/虚,True,GOLD/SILVER
y,意,U+610F,4,0,0,,,意,True,GOLD
áp,押,U+62BC,4,0,0,,,押,True,GOLD
đinh,汀,U+6C40,4,0,0,,,汀,True,GOLD
đuốc,燭,U+71ED,4,0,0,,,燭,True,GOLD
đàn,弹,U+5F39,4,0,0,,,弹,True,GOLD
đòn,屯,U+5C6F,4,0,0,,,扼/按/掩/范,True,SILVER
đế,氐,U+6C10,4,0,0,,,存/底,True,GOLD/SILVER
đời,匕,U+5315,4,0,0,,,之/乙,True,GOLD/SILVER
ước,约,U+7EA6,4,0,0,,,约,True,GOLD
am,庵,U+5EB5,3,0,0,,,庵,True,GOLD
au,泑,U+6CD1,3,0,0,,,洶/詎,True,SILVER
biên,边,U+8FB9,3,0,0,,,边,True,GOLD
buôn,奔,U+5954,3,0,0,,,奔,True,GOLD
bá,叭,U+53ED,3,0,0,,,八,True,GOLD
bánh,迸,U+8FF8,3,0,0,,,迸,True,GOLD
bạc,伯,U+4F2F,3,0,0,,,伯,True,GOLD
bầu,保,U+4FDD,3,0,0,,,保,True,GOLD
bậc,北,U+5317,3,0,0,,,北/比,True,GOLD
bổng,俸,U+4FF8,3,0,0,,,俸,True,GOLD
bỗng,俸,U+4FF8,3,0,0,,,俸,True,GOLD
chiên,氊,U+6C0A,3,0,0,,,氊,True,GOLD
cho,沫,U+6CAB,3,0,0,,,休/昧,True,GOLD
chuyện,傳,U+50B3,3,0,0,,,傳,True,GOLD
chì,持,U+6301,3,0,0,,,持/牒/詩,True,GOLD/SILVER
chú,注,U+6CE8,3,0,0,,,注/生,True,GOLD/SILVER
chăn,𧜖,U+27716,3,0,0,,,棲/禧/複,True,GOLD/SILVER
chắp,執,U+57F7,3,0,0,,,執/報,True,GOLD
chặt,秩,U+79E9,3,0,0,,,技/秩,True,GOLD/SILVER
chặt,質,U+8CEA,3,0,0,,,質,True,GOLD
chứa,𥢳,U+258B3,3,0,0,,,爾,True,GOLD
cáo,吿,U+543F,3,0,0,,,吿,True,GOLD
câu,勾,U+52FE,3,0,0,,,勾,True,GOLD
còn,羣,U+7FA3,3,0,0,,,羣,True,GOLD
cưỡi,𮪍,U+2EA8D,3,0,0,,,𮪍,True,GOLD
cầm,禽,U+79BD,3,0,0,,,禽,True,GOLD
cắn,很,U+5F88,3,0,0,,,恨/眼/限,True,GOLD/SILVER
cắt,拮,U+62EE,3,0,0,,,拮,True,GOLD
du,油,U+6CB9,3,0,0,,,油,True,GOLD
du,遊,U+904A,3,0,0,,,遊,True,GOLD
dơ,汿,U+6C7F,3,0,0,,,予/汙/浸,True,GOLD/SILVER
dạo,道,U+9053,3,0,0,,,逍/道,True,GOLD/SILVER
dấu,酉,U+9149,3,0,0,,,酉,True,GOLD
dọn,遁,U+9041,3,0,0,,,返/遁/遠,True,GOLD/SILVER
dồ,𠱋,U+20C4B,3,0,0,,,枉/牡,True,SILVER
e,衣,U+8863,3,0,0,,,筏/衣,True,GOLD/SILVER
gan,肝,U+809D,3,0,0,,,肝,True,GOLD
gian,间,U+95F4,3,0,0,,,回/固,True,GOLD
giáo,教,U+6559,3,0,0,,,教,True,GOLD
giới,械,U+68B0,3,0,0,,,械,True,GOLD
giữa,宁,U+5B81,3,0,0,,,宁/手/抑,True,GOLD/SILVER
gái,丐,U+4E10,3,0,0,,,丐/巧,True,GOLD
gánh,梗,U+6897,3,0,0,,,便/梗,True,GOLD/SILVER
gìn,㕓,U+3553,3,0,0,,,㕓,True,GOLD
góm,憾,U+61BE,3,0,0,,,憾,False,SILVER
gươm,釼,U+91FC,3,0,0,,,釼,True,GOLD
gởi,攺,U+653A,3,0,0,,,攺,True,GOLD
hà,苛,U+82DB,3,0,0,,,竒/苛,True,GOLD
hào,殽,U+6BBD,3,0,0,,,嚴/殽/蔽,True,GOLD/SILVER
hám,憾,U+61BE,3,0,0,,,憾,True,GOLD
hám,瘖,U+7616,3,0,0,,,瘖/癘/腐,True,GOLD/SILVER
hãi,咳,U+54B3,3,0,0,,,亥,True,GOLD
hèn,闲,U+95F2,3,0,0,,,國/闲,True,GOLD/SILVER
hòa,和,U+548C,3,0,0,,,和,True,GOLD
hòn,丸,U+4E38,3,0,0,,,丸,True,GOLD
hôn,泯,U+6CEF,3,0,0,,,混,True,GOLD
hễ,係,U+4FC2,3,0,0,,,係,True,GOLD
hồ,湖,U+6E56,3,0,0,,,湖,True,GOLD
hồn,混,U+6DF7,3,0,0,,,混,True,GOLD
hồn,魄,U+9B44,3,0,0,,,魄/魏,True,GOLD
khí,噐,U+5650,3,0,0,,,噐,True,GOLD
kinh,経,U+7D4C,3,0,0,,,経,True,GOLD
kinh,𦀇,U+26007,3,0,0,,,𦀇,True,GOLD
kéo,呌,U+544C,3,0,0,,,呌,True,GOLD
la,罗,U+7F57,3,0,0,,,歇/粤/𤰞,True,SILVER
la,羅,U+7F85,3,0,0,,,羅/華,True,GOLD/SILVER
la,邏,U+908F,3,0,0,,,遥/選,True,SILVER
liếm,歛,U+6B5B,3,0,0,,,欽/致,True,GOLD/SILVER
lon,崙,U+5D19,3,0,0,,,屬/扁/獻,True,SILVER
là,容,U+5BB9,3,0,0,,,宅/容/窑,True,GOLD/SILVER
là,廾,U+5EFE,3,0,0,,,万/为/小,True,GOLD
là,浪,U+6D6A,3,0,0,,,亟/混/異,True,GOLD/SILVER
làm,濫,U+6FEB,3,0,0,,,以/白/𡖋,True,SILVER
lông,篭,U+7BED,3,0,0,,,篭/罨,True,GOLD/SILVER
lặng,浪,U+6D6A,3,0,0,,,浪,True,GOLD
lột,律,U+5F8B,3,0,0,,,侓/律,True,GOLD/SILVER
lời,𢈱,U+22231,3,0,0,,,府,True,GOLD
ma,摩,U+6469,3,0,0,,,摩,True,GOLD
may,埋,U+57CB,3,0,0,,,埋,True,GOLD
me,眉,U+7709,3,0,0,,,眉,True,GOLD
minh,明,U+660E,3,0,0,,,明,True,GOLD
mà,女,U+5973,3,0,0,,,女/攵,True,GOLD
môn,門,U+9580,3,0,0,,,門,True,GOLD
mẹ,美,U+7F8E,3,0,0,,,硬/磎/美,True,GOLD/SILVER
mọc,木,U+6728,3,0,0,,,木/术,True,GOLD/SILVER
mỏ,某,U+67D0,3,0,0,,,某/𫠉,True,GOLD/SILVER
mổ,某,U+67D0,3,0,0,,,某,True,GOLD
mừng,眀,U+7700,3,0,0,,,眀,True,GOLD
nen,年,U+5E74,3,0,0,,,年,True,GOLD
ngọc,玊,U+738A,3,0,0,,,玊,True,GOLD
ngụy,偽,U+507D,3,0,0,,,偽,True,GOLD
nhau,饒,U+9952,3,0,0,,,饒,True,GOLD
nhà,牙,U+7259,3,0,0,,,歹,True,GOLD
nhân,忍,U+5FCD,3,0,0,,,忍,True,GOLD
nhật,日,U+65E5,3,0,0,,,日/甘,True,GOLD
nung,燶,U+71F6,3,0,0,,,濃/農/震,True,GOLD/SILVER
nê,尼,U+5C3C,3,0,0,,,君/尼,True,GOLD/SILVER
nả,那,U+90A3,3,0,0,,,那,True,GOLD
o,烏,U+70CF,3,0,0,,,烏,True,GOLD
phô,哺,U+54FA,3,0,0,,,哺/脩,True,GOLD/SILVER
phô,庯,U+5EAF,3,0,0,,,帰/庵/燎,True,GOLD/SILVER
phạt,罚,U+7F5A,3,0,0,,,罚,True,GOLD
phạt,罸,U+7F78,3,0,0,,,罸,True,GOLD
quả,果,U+679C,3,0,0,,,果,True,GOLD
ra,羅,U+7F85,3,0,0,,,羅/錐,True,GOLD/SILVER
roi,擂,U+64C2,3,0,0,,,擂/榴,True,GOLD/SILVER
ru,𠱋,U+20C4B,3,0,0,,,咄/岫/申,True,GOLD/SILVER
rách,泟,U+6CDF,3,0,0,,,征/疝/症,True,GOLD/SILVER
rì,移,U+79FB,3,0,0,,,移,True,GOLD
rối,磊,U+78CA,3,0,0,,,磊/𠁅,True,GOLD/SILVER
rủa,嚕,U+5695,3,0,0,,,巢/繒/鲁,True,GOLD/SILVER
sang,𢀨,U+22028,3,0,0,,,區/昂,True,GOLD/SILVER
sao,年,U+5E74,3,0,0,,,年,True,GOLD
sáng,灲,U+7072,3,0,0,,,刈/则/灼,True,GOLD/SILVER
sắc,色,U+8272,3,0,0,,,色,True,GOLD
sắm,懴,U+61F4,3,0,0,,,懴,True,GOLD
sớm,歛,U+6B5B,3,0,0,,,歛,True,GOLD
tha,他,U+4ED6,3,0,0,,,他,True,GOLD
tho,收,U+6536,3,0,0,,,收/𭣣,True,GOLD/SILVER
thua,收,U+6536,3,0,0,,,收/𭣣,True,GOLD/SILVER
thuận,順,U+9806,3,0,0,,,順,True,GOLD
thuốc,朿,U+673F,3,0,0,,,来,True,GOLD
thành,誠,U+8AA0,3,0,0,,,誠,True,GOLD
thân,身,U+8EAB,3,0,0,,,粤/身,True,GOLD/SILVER
thú,獣,U+7363,3,0,0,,,獣,True,GOLD
thảy,汰,U+6C70,3,0,0,,,汰,True,GOLD
thậm,甚,U+751A,3,0,0,,,甚,True,GOLD
thắt,失,U+5931,3,0,0,,,太/失,True,GOLD
ti,卑,U+5351,3,0,0,,,卑,True,GOLD
tiến,進,U+9032,3,0,0,,,筵/進,True,GOLD/SILVER
trong,𥪞,U+25A9E,3,0,0,,,勧/翹/趣,True,GOLD/SILVER
trường,塲,U+5872,3,0,0,,,傷/塲,True,GOLD
trần,陳,U+9673,3,0,0,,,陳,True,GOLD
trở,吕,U+5415,3,0,0,,,吕/𠯁,True,GOLD/SILVER
trở,阻,U+963B,3,0,0,,,阻,True,GOLD
trừ,除,U+9664,3,0,0,,,除,True,GOLD
tích,跡,U+8DE1,3,0,0,,,跡,True,GOLD
tôi,倅,U+5005,3,0,0,,,伻/倅/停,True,GOLD
tăm,心,U+5FC3,3,0,0,,,心/必,True,GOLD
tư,司,U+53F8,3,0,0,,,司,True,GOLD
tấm,糁,U+7CC1,3,0,0,,,糁,True,GOLD
tắt,必,U+5FC5,3,0,0,,,少,True,GOLD
tổ,祖,U+7956,3,0,0,,,祖,True,GOLD
việc,伇,U+4F07,3,0,0,,,伇,True,GOLD
vê,為,U+70BA,3,0,0,,,為,True,GOLD
vạ,𥘑,U+25611,3,0,0,,,衬,True,GOLD
xây,磋,U+78CB,3,0,0,,,磋,True,GOLD
yêu,㤇,U+3907,3,0,0,,,氏,True,GOLD
ác,惡,U+60E1,3,0,0,,,惡,True,GOLD
đinh,灯,U+706F,3,0,0,,,灯,True,GOLD
đã,吏,U+540F,3,0,0,,,吏/君,True,GOLD
đò,度,U+5EA6,3,0,0,,,度,True,GOLD
đón,頓,U+9813,3,0,0,,,頓,True,GOLD
đông,冬,U+51AC,3,0,0,,,冬,True,GOLD
đông,東,U+6771,3,0,0,,,東,True,GOLD
đưa,多,U+591A,3,0,0,,,受/多,True,GOLD/SILVER
được,待,U+5F85,3,0,0,,,传/待/诗,True,GOLD/SILVER
đầy,台,U+53F0,3,0,0,,,莒,True,SILVER
đối,対,U+5BFE,3,0,0,,,対,True,GOLD
đốt,焠,U+7120,3,0,0,,,烛,True,GOLD
đỗ,杜,U+675C,3,0,0,,,杜,True,GOLD
độc,讀,U+8B80,3,0,0,,,讀,True,GOLD
ẩn,𨼆,U+28F06,3,0,0,,,𨼆,True,GOLD
ay,意,U+610F,2,0,0,,,意,False,SILVER
ban,拌,U+62CC,2,0,0,,,伴,True,GOLD
bay,拜,U+62DC,2,0,0,,,拜/𭠠,True,GOLD/SILVER
ben,辺,U+8FBA,2,0,0,,,边,True,GOLD
binh,兵,U+5175,2,0,0,,,兵,True,GOLD
biển,彼,U+5F7C,2,0,0,,,波,True,GOLD
bà,爬,U+722C,2,0,0,,,爬,True,GOLD
bát,体,U+4F53,2,0,0,,,体,True,GOLD
báu,宝,U+5B9D,2,0,0,,,宝,True,GOLD
bãi,罢,U+7F62,2,0,0,,,罢/里,True,GOLD/SILVER
bão,雹,U+96F9,2,0,0,,,雹,True,GOLD
bé,閉,U+9589,2,0,0,,,閉/開,True,GOLD/SILVER
bé,闭,U+95ED,2,0,0,,,团/用,True,SILVER
bê,皮,U+76AE,2,0,0,,,皮,True,GOLD
bắc,北,U+5317,2,0,0,,,北/比,True,GOLD
bệnh,病,U+75C5,2,0,0,,,病,True,GOLD
bội,倍,U+500D,2,0,0,,,倍,True,GOLD
cac,各,U+5404,2,0,0,,,各,False,SILVER
chay,夈,U+5908,2,0,0,,,条,True,GOLD
chuộng,重,U+91CD,2,0,0,,,重,True,GOLD
chìm,沉,U+6C89,2,0,0,,,沉,True,GOLD
chính,正,U+6B63,2,0,0,,,正,True,GOLD
chói,𤈜,U+2421C,2,0,0,,,桎/蛭,True,GOLD
chơ,诸,U+8BF8,2,0,0,,,渚/诸,True,GOLD
chưa,初,U+521D,2,0,0,,,防,True,GOLD
chưa,猪,U+732A,2,0,0,,,猪,True,GOLD
chước,斮,U+65AE,2,0,0,,,新,True,GOLD
chảng,庄,U+5E84,2,0,0,,,庄,False,SILVER
chật,秩,U+79E9,2,0,0,,,秩/被,True,GOLD/SILVER
chế,吱,U+5431,2,0,0,,,过/随,True,SILVER
chết,死,U+6B7B,2,0,0,,,死,True,GOLD
chớ,䐗,U+4417,2,0,0,,,暦/賭,True,GOLD/SILVER
chở,渚,U+6E1A,2,0,0,,,瀦/陼,True,GOLD/SILVER
chứa,貯,U+8CAF,2,0,0,,,貯,True,GOLD
con,𡥵,U+21975,2,0,0,,,報/屏,True,GOLD
cánh,梗,U+6897,2,0,0,,,梗,True,GOLD
có,故,U+6545,2,0,0,,,收/放,True,GOLD
côi,塊,U+584A,2,0,0,,,塊,True,GOLD
côi,瑰,U+7470,2,0,0,,,瑰/𢙢,True,GOLD/SILVER
côn,崑,U+5D11,2,0,0,,,崑,True,GOLD
căm,扲,U+6272,2,0,0,,,扮/捧,True,SILVER
cũng,珙,U+73D9,2,0,0,,,珙,True,GOLD
cơ,奇,U+5947,2,0,0,,,奇,True,GOLD
cơn,干,U+5E72,2,0,0,,,干,True,GOLD
cạn,件,U+4EF6,2,0,0,,,件/汻,True,GOLD/SILVER
cải,攺,U+653A,2,0,0,,,攺,True,GOLD
cất,吉,U+5409,2,0,0,,,吉,True,GOLD
cầm,禁,U+7981,2,0,0,,,禁/葉,True,GOLD/SILVER
cắm,扲,U+6272,2,0,0,,,捧/矜,True,SILVER
cờ,期,U+671F,2,0,0,,,期,True,GOLD
cởi,繪,U+7E6A,2,0,0,,,繪,True,GOLD
củi,𢶒,U+22D92,2,0,0,,,擒,True,GOLD
dao,刀,U+5200,2,0,0,,,刀,True,GOLD
dính,性,U+6027,2,0,0,,,性,True,GOLD
dõ,杜,U+675C,2,0,0,,,壮/拈,True,GOLD/SILVER
dù,由,U+7531,2,0,0,,,由,True,GOLD
dùi,槌,U+69CC,2,0,0,,,槌,True,GOLD
dơ,抒,U+6292,2,0,0,,,序,True,GOLD
dư,餘,U+9918,2,0,0,,,餘,True,GOLD
dưng,仍,U+4ECD,2,0,0,,,仍/肆,True,GOLD/SILVER
dể,易,U+6613,2,0,0,,,昜,True,SILVER
dối,對,U+5C0D,2,0,0,,,對/𭔹,True,GOLD/SILVER
dụ,諭,U+8AED,2,0,0,,,諭,True,GOLD
dức,𠯅,U+20BC5,2,0,0,,,弋,True,GOLD
gang,江,U+6C5F,2,0,0,,,江,True,GOLD
giang,江,U+6C5F,2,0,0,,,江,True,GOLD
gie,支,U+652F,2,0,0,,,支,False,SILVER
giá,價,U+50F9,2,0,0,,,價,True,GOLD
gián,諫,U+8AEB,2,0,0,,,諫,True,GOLD
giân,陣,U+9663,2,0,0,,,陣,False,SILVER
giãn,簡,U+7C21,2,0,0,,,簡/蘭,True,GOLD/SILVER
giăng,扛,U+625B,2,0,0,,,扛,True,GOLD
giơ,捈,U+6348,2,0,0,,,涂/除,True,GOLD
giận,𢚷,U+226B7,2,0,0,,,惮/車,True,GOLD
goi,噲,U+5672,2,0,0,,,噲,False,SILVER
gương,𦎛,U+2639B,2,0,0,,,慰/魏,True,GOLD/SILVER
gạo,梏,U+688F,2,0,0,,,梏/楉,True,GOLD
gạo,𥽌,U+25F4C,2,0,0,,,糙,True,GOLD
gả,妸,U+59B8,2,0,0,,,河/阿,True,GOLD
hay,台,U+53F0,2,0,0,,,台/各,True,GOLD
hiện,見,U+898B,2,0,0,,,見,True,GOLD
hèn,閒,U+9592,2,0,0,,,開,True,GOLD
hóc,斛,U+659B,2,0,0,,,斛,True,GOLD
hóng,烘,U+70D8,2,0,0,,,烘,True,GOLD
hơi,希,U+5E0C,2,0,0,,,希,True,GOLD
hương,香,U+9999,2,0,0,,,香,True,GOLD
hậu,后,U+540E,2,0,0,,,后,True,GOLD
hậu,後,U+5F8C,2,0,0,,,後,True,GOLD
hẹn,限,U+9650,2,0,0,,,限,True,GOLD
hẹp,挾,U+633E,2,0,0,,,挾,True,GOLD
họa,禍,U+798D,2,0,0,,,獨/禍,True,GOLD/SILVER
học,學,U+5B78,2,0,0,,,學/𭓕,True,GOLD/SILVER
hồn,䰟,U+4C1F,2,0,0,,,䰟/恕,True,GOLD/SILVER
hồn,隗,U+9697,2,0,0,,,地/隗,True,GOLD/SILVER
hữu,友,U+53CB,2,0,0,,,犮,True,GOLD
khấn,懇,U+61C7,2,0,0,,,懇,True,GOLD
kiện,健,U+5065,2,0,0,,,健,True,GOLD
kê,稽,U+7A3D,2,0,0,,,勢/稽,True,GOLD/SILVER
kẻo,撟,U+649F,2,0,0,,,橋,True,GOLD
li,丽,U+4E3D,2,0,0,,,匝,True,GOLD
li,琍,U+740D,2,0,0,,,府/有,True,GOLD/SILVER
liêm,廉,U+5EC9,2,0,0,,,廉,True,GOLD
liêu,僚,U+50DA,2,0,0,,,僚,True,GOLD
loài,𩔖,U+29516,2,0,0,,,𩔖,True,GOLD
loài,𩔗,U+29517,2,0,0,,,𩔗,True,GOLD
là,囉,U+56C9,2,0,0,,,罪/要,True,SILVER
là,時,U+6642,2,0,0,,,母/黑,True,SILVER
lành,袊,U+888A,2,0,0,,,袷,True,GOLD
lâm,林,U+6797,2,0,0,,,林,True,GOLD
lâu,樓,U+6A13,2,0,0,,,樓,True,GOLD
lòng,𢚸,U+226B8,2,0,0,,,尋,True,GOLD
lăn,鄰,U+9130,2,0,0,,,鄰,True,GOLD
lương,糧,U+7CE7,2,0,0,,,糧,True,GOLD
lạc,落,U+843D,2,0,0,,,落,True,GOLD
lại,來,U+4F86,2,0,0,,,來/脊,True,GOLD
lại,右,U+53F3,2,0,0,,,左/石,True,GOLD
lại,束,U+675F,2,0,0,,,夏/辰,True,GOLD
lạnh,冷,U+51B7,2,0,0,,,冷,True,GOLD
lấm,淋,U+6DCB,2,0,0,,,淋,True,GOLD
lấp,拉,U+62C9,2,0,0,,,拉,True,GOLD
lầm,淋,U+6DCB,2,0,0,,,淋,True,GOLD
lặn,吝,U+541D,2,0,0,,,吝,True,GOLD
lẽo,了,U+4E86,2,0,0,,,了,True,GOLD
lều,撩,U+64A9,2,0,0,,,撩,True,GOLD
lễ,禮,U+79AE,2,0,0,,,禮,True,GOLD
lệnh,令,U+4EE4,2,0,0,,,令,True,GOLD
lọt,律,U+5F8B,2,0,0,,,律,True,GOLD
lội,磊,U+78CA,2,0,0,,,原/磊,True,GOLD/SILVER
lớn,賴,U+8CF4,2,0,0,,,頼,True,GOLD
lời,分,U+5206,2,0,0,,,公/分,True,GOLD
lời,𠇮,U+201EE,2,0,0,,,肏/𠇮,True,GOLD
ma,磨,U+78E8,2,0,0,,,厯/磨,True,GOLD
mai,枚,U+679A,2,0,0,,,枚,True,GOLD
mong,蒙,U+8499,2,0,0,,,蒙,True,GOLD
muôn,閍,U+958D,2,0,0,,,悶,True,GOLD
muội,昧,U+6627,2,0,0,,,昧,True,GOLD
mây,迷,U+8FF7,2,0,0,,,迷,True,GOLD
mô,獏,U+734F,2,0,0,,,獏,True,GOLD
mắng,莽,U+83BD,2,0,0,,,莽,True,GOLD
mắng,𠻵,U+20EF5,2,0,0,,,葬/馵,True,GOLD/SILVER
mẽ,美,U+7F8E,2,0,0,,,美/羡,True,GOLD/SILVER
mỏi,每,U+6BCF,2,0,0,,,每,True,GOLD
mồ,墓,U+5893,2,0,0,,,墓,True,GOLD
một,歿,U+6B7F,2,0,0,,,歿,True,GOLD
mửa,嗎,U+55CE,2,0,0,,,馮,True,GOLD
nanh,獰,U+7370,2,0,0,,,獰,True,GOLD
ngay,𣈜,U+2321C,2,0,0,,,喝/聘,True,SILVER
nguyền,願,U+9858,2,0,0,,,廟/願,True,GOLD/SILVER
nguyệt,月,U+6708,2,0,0,,,月,True,GOLD
ngô,吾,U+543E,2,0,0,,,吾,True,GOLD
ngươi,的,U+7684,2,0,0,,,的/躬,True,GOLD/SILVER
ngần,垠,U+57A0,2,0,0,,,垠,True,GOLD
ngần,銀,U+9280,2,0,0,,,氓/眼,True,GOLD
ngọt,兀,U+5140,2,0,0,,,兀,True,GOLD
ngựa,驭,U+9A6D,2,0,0,,,取,True,GOLD
nhiêu,蟯,U+87EF,2,0,0,,,澆,True,GOLD
nhân,人,U+4EBA,2,0,0,,,人,True,GOLD
như,娘,U+5A18,2,0,0,,,妃/恥,True,GOLD/SILVER
nhạo,道,U+9053,2,0,0,,,楽,True,SILVER
ni,𡰱,U+21C31,2,0,0,,,君,True,SILVER
noi,内,U+5185,2,0,0,,,内,True,GOLD
non,山,U+5C71,2,0,0,,,谓/顯,True,SILVER
nung,膿,U+81BF,2,0,0,,,膿,True,GOLD
nài,奈,U+5948,2,0,0,,,奈/拳,True,GOLD/SILVER
nát,湼,U+6E7C,2,0,0,,,湼,True,GOLD
nát,𢝘,U+22758,2,0,0,,,星,True,GOLD
nóc,耨,U+8028,2,0,0,,,耨,True,GOLD
nói,㐻,U+343B,2,0,0,,,肭,True,GOLD
nạn,难,U+96BE,2,0,0,,,难,True,GOLD
nề,泥,U+6CE5,2,0,0,,,泥,True,GOLD
nối,挼,U+633C,2,0,0,,,挼,True,GOLD
oán,怨,U+6028,2,0,0,,,怨/恐,True,GOLD
oán,𭜨,U+2D728,2,0,0,,,𭜨,True,GOLD
pha,披,U+62AB,2,0,0,,,哦,True,GOLD
pha,破,U+7834,2,0,0,,,破,True,GOLD
pha,頗,U+9817,2,0,0,,,頗,True,GOLD
phiêu,漂,U+6F02,2,0,0,,,漂,True,GOLD
phục,復,U+5FA9,2,0,0,,,復,True,GOLD
quay,𢮿,U+22BBF,2,0,0,,,捶,True,GOLD
quyền,權,U+6B0A,2,0,0,,,權/𫞐,True,GOLD/SILVER
quán,舘,U+8218,2,0,0,,,舘,True,GOLD
quí,貴,U+8CB4,2,0,0,,,責,True,GOLD
ro,由,U+7531,2,0,0,,,由,True,GOLD
rút,𢫫,U+22AEB,2,0,0,,,捧,True,GOLD
rất,㩫,U+3A6B,2,0,0,,,摽,True,GOLD
rằng,娘,U+5A18,2,0,0,,,妃,True,GOLD
rối,対,U+5BFE,2,0,0,,,対/时,True,GOLD/SILVER
rối,綏,U+7D8F,2,0,0,,,姦/編,True,GOLD/SILVER
rỗi,磊,U+78CA,2,0,0,,,瀛/磊,True,GOLD/SILVER
si,希,U+5E0C,2,0,0,,,希,True,GOLD
si,离,U+79BB,2,0,0,,,槎/离,True,GOLD/SILVER
son,崙,U+5D19,2,0,0,,,崙,True,GOLD
sàu,老,U+8001,2,0,0,,,老,False,SILVER
sáng,朗,U+6717,2,0,0,,,倒/劍,True,GOLD/SILVER
sâu,娄,U+5A04,2,0,0,,,凄/娑,True,SILVER
sóng,弄,U+5F04,2,0,0,,,弄,True,GOLD
sườn,𦘹,U+26639,2,0,0,,,朏,True,GOLD
sắc,勑,U+52D1,2,0,0,,,勑,True,GOLD
tai,烖,U+70D6,2,0,0,,,烖/赤,True,GOLD
tan,散,U+6563,2,0,0,,,䏻/敔,True,GOLD
thai,胎,U+80CE,2,0,0,,,胎/脇,True,GOLD/SILVER
than,熯,U+71AF,2,0,0,,,模/熯,True,GOLD/SILVER
theo,蹺,U+8E7A,2,0,0,,,曉/蹺,True,GOLD
thi,絁,U+7D41,2,0,0,,,陁,True,GOLD
thuê,稅,U+7A05,2,0,0,,,挑/稅,True,GOLD/SILVER
thê,妻,U+59BB,2,0,0,,,妻,True,GOLD
thì,莳,U+83B3,2,0,0,,,街,True,GOLD
thì,鰣,U+9C23,2,0,0,,,靜,True,GOLD
thí,弛,U+5F1B,2,0,0,,,陁,True,GOLD
thí,譬,U+8B6C,2,0,0,,,譬,True,GOLD
thích,釋,U+91CB,2,0,0,,,釋,True,GOLD
thấv,体,U+4F53,2,0,0,,,体,False,SILVER
thổi,退,U+9000,2,0,0,,,退,True,GOLD
thờ,徐,U+5F90,2,0,0,,,徐,True,GOLD
tiền,銭,U+92AD,2,0,0,,,銭,True,GOLD
to,穌,U+7A4C,2,0,0,,,舞/酥,True,GOLD/SILVER
toi,𤻒,U+24ED2,2,0,0,,,碎,True,GOLD
trang,荘,U+8358,2,0,0,,,荘,True,GOLD
truoc,畧,U+7567,2,0,0,,,畧,False,SILVER
truy,追,U+8FFD,2,0,0,,,追,True,GOLD
truồng,仲,U+4EF2,2,0,0,,,冲,True,GOLD
trái,𣡙,U+23859,2,0,0,,,懶/順,True,GOLD/SILVER
trói,綴,U+7DB4,2,0,0,,,綴,True,GOLD
trùng,重,U+91CD,2,0,0,,,重,True,GOLD
trắng,壮,U+58EE,2,0,0,,,壮,True,GOLD
trọn,論,U+8AD6,2,0,0,,,論,True,GOLD
trốn,迍,U+8FCD,2,0,0,,,連,True,SILVER
tu,湏,U+6E4F,2,0,0,,,湏/頃,True,GOLD
tê,棲,U+68F2,2,0,0,,,接/棲,True,GOLD/SILVER
tạo,造,U+9020,2,0,0,,,造/𨖥,True,GOLD/SILVER
tả,左,U+5DE6,2,0,0,,,左,True,GOLD
tắt,悉,U+6089,2,0,0,,,悉,True,GOLD
tợn,羡,U+7FA1,2,0,0,,,羡/隻,True,GOLD/SILVER
tục,俗,U+4FD7,2,0,0,,,俗,True,GOLD
từ,辞,U+8F9E,2,0,0,,,辞,True,GOLD
uế,穢,U+7A62,2,0,0,,,穢,True,GOLD
vò,圩,U+5729,2,0,0,,,圩,True,GOLD
văng,永,U+6C38,2,0,0,,,永,True,GOLD
vậv,丕,U+4E15,2,0,0,,,丕,False,SILVER
vậy,㔻,U+353B,2,0,0,,,㔻,True,GOLD
vị,味,U+5473,2,0,0,,,味,True,GOLD
xau,丑,U+4E11,2,0,0,,,丑,False,SILVER
xi,侈,U+4F88,2,0,0,,,沙/移,True,GOLD
xiêu,漂,U+6F02,2,0,0,,,漂,True,GOLD
xưng,稱,U+7A31,2,0,0,,,稱,True,GOLD
xứ,𠁅,U+20045,2,0,0,,,豦/𠁅,True,GOLD/SILVER
xức,式,U+5F0F,2,0,0,,,式,True,GOLD
ác,恶,U+6076,2,0,0,,,恶,True,GOLD
ái,愛,U+611B,2,0,0,,,愛,True,GOLD
án,安,U+5B89,2,0,0,,,安/要,True,GOLD/SILVER
ánh,暎,U+668E,2,0,0,,,暎,True,GOLD
áo,㤇,U+3907,2,0,0,,,仸/氏,True,GOLD
êm,厭,U+53AD,2,0,0,,,厭,True,GOLD
ô,塢,U+5862,2,0,0,,,怎/皇,True,GOLD
ông,王,U+738B,2,0,0,,,主/王,True,GOLD
ông,螉,U+8789,2,0,0,,,螉/騐,True,GOLD
đe,哆,U+54C6,2,0,0,,,哆,True,GOLD
đong,㨂,U+3A02,2,0,0,,,棟/陳,True,GOLD/SILVER
đây,假,U+5047,2,0,0,,,假,True,GOLD
đã,乑,U+4E51,2,0,0,,,乇/來,True,GOLD/SILVER
đã,它,U+5B83,2,0,0,,,乞/死,True,GOLD/SILVER
đói,对,U+5BF9,2,0,0,,,对,True,GOLD
đón,迍,U+8FCD,2,0,0,,,䢌/迍,True,GOLD/SILVER
đôi,堆,U+5806,2,0,0,,,唯/堆,True,GOLD/SILVER
đường,堂,U+5802,2,0,0,,,堂,True,GOLD
đạp,踏,U+8E0F,2,0,0,,,踏,True,GOLD
đến,典,U+5178,2,0,0,,,典,True,GOLD
đến,𨀏,U+2800F,2,0,0,,,公/田,True,GOLD/SILVER
đền,田,U+7530,2,0,0,,,田,True,GOLD
đốt,拙,U+62D9,2,0,0,,,㷔/墻,True,SILVER
độc,櫝,U+6ADD,2,0,0,,,櫝,True,GOLD
đứng,等,U+7B49,2,0,0,,,等,True,GOLD
đứng,頂,U+9802,2,0,0,,,項,True,GOLD
ơ,於,U+65BC,2,0,0,,,於,True,GOLD
ấy,癸,U+7678,2,0,0,,,坌,True,GOLD
ấy,𧘇,U+27607,2,0,0,,,公,True,GOLD
ẩn,隐,U+9690,2,0,0,,,隐,True,GOLD
ẩn,隠,U+96A0,2,0,0,,,隠,True,GOLD
a,㨋,U+3A0B,1,0,0,,,花,True,GOLD
a,价,U+4EF7,1,0,0,,,及,True,GOLD
a,假,U+5047,1,0,0,,,两,True,GOLD
a,吔,U+5414,1,0,0,,,迪,True,GOLD
a,哑,U+54D1,1,0,0,,,亚,True,GOLD
a,堊,U+580A,1,0,0,,,並,True,SILVER
ai,捱,U+6371,1,0,0,,,罪,True,GOLD
am,奄,U+5944,1,0,0,,,奄,True,GOLD
am,裺,U+88FA,1,0,0,,,淹,True,GOLD
am,諳,U+8AF3,1,0,0,,,語,True,GOLD
an,缶,U+7F36,1,0,0,,,岳,True,GOLD
atina,那,U+90A3,1,0,0,,,那,False,SILVER
ay,炤,U+70A4,1,0,0,,,炤,False,SILVER
aythi,寺,U+5BFA,1,0,0,,,寺,False,SILVER
ba,三,U+4E09,1,0,0,,,三,True,GOLD
bam,巴,U+5DF4,1,0,0,,,巴,False,SILVER
ban,頒,U+9812,1,0,0,,,頒,True,GOLD
be,陂,U+9642,1,0,0,,,波,True,GOLD
biet,别,U+522B,1,0,0,,,别,False,SILVER
biếhỏi,塊,U+584A,1,0,0,,,塊,False,SILVER
biến,𣷷,U+23DF7,1,0,0,,,麽,True,GOLD
biếng,丙,U+4E19,1,0,0,,,丙,True,GOLD
buôn,倴,U+5034,1,0,0,,,奪,True,GOLD
buôn,盆,U+76C6,1,0,0,,,盆,True,GOLD
buồm,㠶,U+3836,1,0,0,,,㠶,True,GOLD
bà,袙,U+8899,1,0,0,,,南,True,GOLD
bãi,罷,U+7F77,1,0,0,,,罷,True,GOLD
bênh,兵,U+5175,1,0,0,,,兵,True,GOLD
bì,皮,U+76AE,1,0,0,,,皮,True,GOLD
bình,并,U+5E76,1,0,0,,,并,True,GOLD
bí,賁,U+8CC1,1,0,0,,,賁,True,GOLD
bò,補,U+88DC,1,0,0,,,補,True,GOLD
bòn,盆,U+76C6,1,0,0,,,举,True,SILVER
bó,補,U+88DC,1,0,0,,,補,True,GOLD
bóng,俸,U+4FF8,1,0,0,,,俸,True,GOLD
bót,扒,U+6252,1,0,0,,,扒,False,SILVER
bô,哺,U+54FA,1,0,0,,,哺,True,GOLD
bút,筆,U+7B46,1,0,0,,,筆,True,GOLD
bạn,拌,U+62CC,1,0,0,,,拌,True,GOLD
bản,本,U+672C,1,0,0,,,本,True,GOLD
bảo,𠈃,U+20203,1,0,0,,,𠈃,True,GOLD
bấy,貝,U+8C9D,1,0,0,,,目,True,GOLD
bắn,半,U+534A,1,0,0,,,丰,True,GOLD
bắt,北,U+5317,1,0,0,,,北,True,GOLD
bọt,浡,U+6D61,1,0,0,,,浡,True,GOLD
bồn,盆,U+76C6,1,0,0,,,𢬵,True,SILVER
bổ,補,U+88DC,1,0,0,,,補,True,GOLD
bớ,叭,U+53ED,1,0,0,,,槐,True,SILVER
bớt,捌,U+634C,1,0,0,,,捌,True,GOLD
bởi,罷,U+7F77,1,0,0,,,罷,True,GOLD
bởi,羆,U+7F86,1,0,0,,,黑,True,GOLD
bứt,抔,U+6294,1,0,0,,,抔,True,GOLD
bửa,把,U+628A,1,0,0,,,把,True,GOLD
c,極,U+6975,1,0,0,,,逢,True,SILVER
ca,可,U+53EF,1,0,0,,,付,True,SILVER
ca,哿,U+54FF,1,0,0,,,對,True,SILVER
ca,嘎,U+560E,1,0,0,,,境,True,GOLD
ca,旭,U+65ED,1,0,0,,,也,True,GOLD
canh,更,U+66F4,1,0,0,,,更,True,GOLD
cao,嗶,U+55F6,1,0,0,,,畢,True,GOLD
cha,咱,U+54B1,1,0,0,,,旧,True,GOLD
cha,托,U+6258,1,0,0,,,托,True,GOLD
chay,斊,U+658A,1,0,0,,,蚤,True,GOLD
che,𩂏,U+2908F,1,0,0,,,雪,True,GOLD
chet,折,U+6298,1,0,0,,,折,False,SILVER
chi,枝,U+679D,1,0,0,,,技,True,GOLD
chi,氏,U+6C0F,1,0,0,,,氏,True,GOLD
chia,吱,U+5431,1,0,0,,,伎,True,SILVER
chiu,炤,U+70A4,1,0,0,,,炤,True,GOLD
chiudao,道,U+9053,1,0,0,,,道,False,SILVER
cho,埃,U+57C3,1,0,0,,,翁,True,GOLD
cho,木,U+6728,1,0,0,,,人,True,GOLD
chono,奴,U+5974,1,0,0,,,奴,False,SILVER
chua,𠰍,U+20C0D,1,0,0,,,主,True,GOLD
châm,針,U+91DD,1,0,0,,,針,True,GOLD
chân,嗔,U+55D4,1,0,0,,,嗔,True,GOLD
châu,㑳,U+3473,1,0,0,,,鄒,True,GOLD
chí,志,U+5FD7,1,0,0,,,志,True,GOLD
chín,㐱,U+3431,1,0,0,,,㐱,True,GOLD
chín,佂,U+4F42,1,0,0,,,伍,True,GOLD
chùy,椎,U+690E,1,0,0,,,椎,True,GOLD
chúahúa,主,U+4E3B,1,0,0,,,主,False,SILVER
chăng,張,U+5F35,1,0,0,,,張,True,GOLD
chăng,荘,U+8358,1,0,0,,,荘,True,GOLD
chĩnh,埕,U+57D5,1,0,0,,,埕,True,GOLD
chưa,濐,U+6FD0,1,0,0,,,屠,True,GOLD
chưa,諸,U+8AF8,1,0,0,,,諸,True,GOLD
chưa,𤀞,U+2401E,1,0,0,,,消,True,SILVER
chải,扯,U+626F,1,0,0,,,扯,True,GOLD
chải,止,U+6B62,1,0,0,,,止,True,GOLD
chầy,遅,U+9045,1,0,0,,,遷,True,GOLD
chầy,遟,U+905F,1,0,0,,,遟,True,GOLD
chậm,甚,U+751A,1,0,0,,,甚,True,GOLD
chằng,庄,U+5E84,1,0,0,,,庒,True,GOLD
chẳng,㽵,U+3F75,1,0,0,,,㽵,True,GOLD
chẳng,丕,U+4E15,1,0,0,,,不,True,GOLD
chết,托,U+6258,1,0,0,,,乇,True,GOLD
chết,摺,U+647A,1,0,0,,,摺,True,GOLD
chết,𣩂,U+23A42,1,0,0,,,惡,True,GOLD
chị,肺,U+80BA,1,0,0,,,肺,True,GOLD
chịu,受,U+53D7,1,0,0,,,受,True,GOLD
chịu,𠮦,U+20BA6,1,0,0,,,𠮦,True,GOLD
chớ,陼,U+967C,1,0,0,,,陼,True,GOLD
chớ,𤈪,U+2422A,1,0,0,,,滅,True,GOLD
chờ,除,U+9664,1,0,0,,,除,True,GOLD
chợ,助,U+52A9,1,0,0,,,助,True,GOLD
chứng,證,U+8B49,1,0,0,,,證,True,GOLD
chừa,徐,U+5F90,1,0,0,,,徐,True,GOLD
chực,直,U+76F4,1,0,0,,,直,True,GOLD
co,姑,U+59D1,1,0,0,,,姑,True,GOLD
coi,嵬,U+5D6C,1,0,0,,,鬼,True,GOLD
con,婫,U+5A6B,1,0,0,,,履,True,GOLD
con,罤,U+7F64,1,0,0,,,罢,True,GOLD
con,群,U+7FA4,1,0,0,,,群,True,GOLD
con,𤙭,U+2466D,1,0,0,,,備,True,GOLD
conhiều,吒,U+5412,1,0,0,,,吒,False,SILVER
cuagi,之,U+4E4B,1,0,0,,,之,False,SILVER
cuan,官,U+5B98,1,0,0,,,官,False,SILVER
cung,邛,U+909B,1,0,0,,,女,True,GOLD
cuốn,卷,U+5377,1,0,0,,,卷,True,GOLD
cà,哥,U+54E5,1,0,0,,,哥,True,GOLD
cành,挭,U+632D,1,0,0,,,授,True,SILVER
các,挃,U+6303,1,0,0,,,摂,True,GOLD
cách,恪,U+606A,1,0,0,,,烙,True,SILVER
cách,隔,U+9694,1,0,0,,,隔,True,GOLD
cácho,朱,U+6731,1,0,0,,,朱,False,SILVER
cáchánh,垩,U+57A9,1,0,0,,,垩,False,SILVER
cánh,更,U+66F4,1,0,0,,,更,True,GOLD
cát,葛,U+845B,1,0,0,,,葛,True,GOLD
câm,今,U+4ECA,1,0,0,,,今,True,GOLD
câu,抅,U+6285,1,0,0,,,抅,True,GOLD
câu,朐,U+6710,1,0,0,,,胸,True,GOLD
câu,鈎,U+920E,1,0,0,,,鈎,True,GOLD
còn,自,U+81EA,1,0,0,,,旦,True,GOLD
còn,𡥵,U+21975,1,0,0,,,渡,True,GOLD
có,古,U+53E4,1,0,0,,,古,True,GOLD
có,窖,U+7A96,1,0,0,,,离,True,GOLD
có,者,U+8005,1,0,0,,,者,True,GOLD
cóp,合,U+5408,1,0,0,,,风,True,SILVER
côn,混,U+6DF7,1,0,0,,,混,True,GOLD
cùng,廾,U+5EFE,1,0,0,,,万,True,GOLD
cùng,蛩,U+86E9,1,0,0,,,異,True,GOLD
cùng,𡀳,U+21033,1,0,0,,,唯,True,GOLD
cùng,𡃕,U+210D5,1,0,0,,,噶,True,GOLD
cúi,𨆝,U+2819D,1,0,0,,,蹌,True,GOLD
căn,垠,U+57A0,1,0,0,,,艮,True,SILVER
cũng,廾,U+5EFE,1,0,0,,,丹,True,GOLD
cơm,𩚵,U+296B5,1,0,0,,,餌,True,GOLD
cương,綱,U+7DB1,1,0,0,,,綱,True,GOLD
cướp,刼,U+523C,1,0,0,,,刼,True,GOLD
cảm,感,U+611F,1,0,0,,,感,True,GOLD
cảnh,景,U+666F,1,0,0,,,景,True,GOLD
cất,揭,U+63ED,1,0,0,,,摺,True,GOLD
cầm,吟,U+541F,1,0,0,,,吟,True,GOLD
cần,勤,U+52E4,1,0,0,,,勤,True,GOLD
cập,及,U+53CA,1,0,0,,,及,True,GOLD
cắn,艮,U+826E,1,0,0,,,懷,True,SILVER
cặp,及,U+53CA,1,0,0,,,孤,True,SILVER
cỏi,塊,U+584A,1,0,0,,,擒,True,SILVER
cối,檜,U+6A9C,1,0,0,,,檜,True,GOLD
cội,檜,U+6A9C,1,0,0,,,擒,True,SILVER
cột,榾,U+69BE,1,0,0,,,榾,True,GOLD
của,咕,U+5495,1,0,0,,,苦,True,GOLD
cứ,㨿,U+3A3F,1,0,0,,,㨿,True,GOLD
cứng,亙,U+4E99,1,0,0,,,互,True,GOLD
cứng,勁,U+52C1,1,0,0,,,勁,True,GOLD
cứu,救,U+6551,1,0,0,,,救,True,GOLD
cửa,舉,U+8209,1,0,0,,,舉,True,GOLD
da,多,U+591A,1,0,0,,,多,True,GOLD
dai,帶,U+5E36,1,0,0,,,浅,True,SILVER
den,事,U+4E8B,1,0,0,,,事,False,SILVER
di,趍,U+8D8D,1,0,0,,,趍,True,GOLD
di,鲐,U+9C90,1,0,0,,,結,True,GOLD
diêu,姚,U+59DA,1,0,0,,,桃,True,SILVER
dong,冬,U+51AC,1,0,0,,,冬,True,GOLD
du,汓,U+6C53,1,0,0,,,好,True,GOLD
dài,來,U+4F86,1,0,0,,,果,True,GOLD
dành,仃,U+4EC3,1,0,0,,,仃,True,GOLD
dành,停,U+505C,1,0,0,,,停,True,GOLD
dâm,婬,U+5A6C,1,0,0,,,婬,True,GOLD
dê,羝,U+7F9D,1,0,0,,,羝,True,GOLD
dù,𢂎,U+2208E,1,0,0,,,曲,True,GOLD
dư,与,U+4E0E,1,0,0,,,与,True,GOLD
dạ,夜,U+591C,1,0,0,,,夜,True,GOLD
dại,曵,U+66F5,1,0,0,,,曵,True,GOLD
dạy,教,U+6559,1,0,0,,,教,True,GOLD
dậv,曳,U+66F3,1,0,0,,,曳,False,SILVER
dặm,琰,U+7430,1,0,0,,,琰,True,GOLD
dệt,滅,U+6EC5,1,0,0,,,滅,True,GOLD
dọc,獨,U+7368,1,0,0,,,獨,True,GOLD
dố,𤰞,U+24C1E,1,0,0,,,𤰞,False,SILVER
dộng,洞,U+6D1E,1,0,0,,,溷,True,GOLD
dụ,喻,U+55BB,1,0,0,,,喻,True,GOLD
dụ,誘,U+8A98,1,0,0,,,誘,True,GOLD
dức,拭,U+62ED,1,0,0,,,身,True,GOLD
dứt,悉,U+6089,1,0,0,,,悉,True,GOLD
dứt,担,U+62C5,1,0,0,,,坦,True,GOLD
dừa,梌,U+688C,1,0,0,,,餘,True,GOLD
dừa,椰,U+6930,1,0,0,,,椰,True,GOLD
dừng,停,U+505C,1,0,0,,,停,True,GOLD
dữ,與,U+8207,1,0,0,,,與,True,GOLD
dựa,預,U+9810,1,0,0,,,預,True,GOLD
e,依,U+4F9D,1,0,0,,,依,True,GOLD
e,鬼,U+9B3C,1,0,0,,,畏,True,GOLD
em,𠲖,U+20C96,1,0,0,,,來,True,GOLD
ga,車,U+8ECA,1,0,0,,,車,False,SILVER
ghen,慳,U+6173,1,0,0,,,慳,True,GOLD
gia,荼,U+837C,1,0,0,,,茶,True,GOLD
gian,艰,U+8270,1,0,0,,,艰,True,GOLD
giao,交,U+4EA4,1,0,0,,,交,True,GOLD
giao,教,U+6559,1,0,0,,,教,True,GOLD
gieo,招,U+62DB,1,0,0,,,炤,True,GOLD
gio,加,U+52A0,1,0,0,,,加,False,SILVER
giu,朱,U+6731,1,0,0,,,朱,False,SILVER
giu,板,U+677F,1,0,0,,,板,False,SILVER
giu,秋,U+79CB,1,0,0,,,秋,False,SILVER
già,樝,U+6A1D,1,0,0,,,麾,True,GOLD
già,袈,U+8888,1,0,0,,,架,True,GOLD
giáp,甲,U+7532,1,0,0,,,甲,True,GOLD
giã,㨋,U+3A0B,1,0,0,,,渚,True,GOLD
gióp,樞,U+6A1E,1,0,0,,,樞,False,SILVER
giư,佇,U+4F47,1,0,0,,,佇,False,SILVER
giấy,紙,U+7D19,1,0,0,,,紙,True,GOLD
giếng,井,U+4E95,1,0,0,,,井,True,GOLD
giữ,㑏,U+344F,1,0,0,,,付,True,GOLD
giữ,与,U+4E0E,1,0,0,,,与,True,GOLD
go,姑,U+59D1,1,0,0,,,姑,True,GOLD
gác,各,U+5404,1,0,0,,,各,True,GOLD
gây,𢲧,U+22CA7,1,0,0,,,搃,True,GOLD
gãy,技,U+6280,1,0,0,,,枝,True,GOLD
gìn,廛,U+5EDB,1,0,0,,,廛,True,GOLD
góc,谷,U+8C37,1,0,0,,,谷,True,GOLD
gả,嫁,U+5AC1,1,0,0,,,嫁,True,GOLD
gấm,錦,U+9326,1,0,0,,,錦,True,GOLD
gần,斤,U+65A4,1,0,0,,,尺,True,GOLD
gần,近,U+8FD1,1,0,0,,,爲,True,GOLD
gần,釿,U+91FF,1,0,0,,,斷,True,GOLD
gầy,計,U+8A08,1,0,0,,,摂,True,SILVER
gập,及,U+53CA,1,0,0,,,孤,True,SILVER
gọi,𨆝,U+2819D,1,0,0,,,繪,True,GOLD
gố,枯,U+67AF,1,0,0,,,枯,False,SILVER
gốc,㭲,U+3B72,1,0,0,,,松,True,GOLD
gồm,𠁝,U+2005D,1,0,0,,,較,True,GOLD
gổ,枯,U+67AF,1,0,0,,,枯,False,SILVER
hay,䏻,U+43FB,1,0,0,,,䏻,True,GOLD
hay,唭,U+552D,1,0,0,,,其,True,GOLD
hiền,䝨,U+4768,1,0,0,,,䝨,True,GOLD
hiểu,曉,U+66C9,1,0,0,,,曉,True,GOLD
huống,貺,U+8CBA,1,0,0,,,既,True,GOLD
hà,荷,U+8377,1,0,0,,,荷,True,GOLD
hài,諧,U+8AE7,1,0,0,,,諧,True,GOLD
hàng,桁,U+6841,1,0,0,,,沛,True,GOLD
hào,淆,U+6DC6,1,0,0,,,淆,True,GOLD
hào,豪,U+8C6A,1,0,0,,,豪,True,GOLD
hám,撼,U+64BC,1,0,0,,,撼,True,GOLD
háo,好,U+597D,1,0,0,,,好,True,GOLD
hát,欯,U+6B2F,1,0,0,,,欿,True,GOLD
hãi,骇,U+9A87,1,0,0,,,刻,True,GOLD
hè,夏,U+590F,1,0,0,,,夏,True,GOLD
hét,喝,U+559D,1,0,0,,,喝,True,GOLD
hòm,函,U+51FD,1,0,0,,,函,True,GOLD
hót,忽,U+5FFD,1,0,0,,,忽,True,GOLD
hõi,矣,U+77E3,1,0,0,,,矣,False,SILVER
hăng,行,U+884C,1,0,0,,,恒,True,SILVER
hư,虛,U+865B,1,0,0,,,虛,True,GOLD
hầu,候,U+5019,1,0,0,,,候,True,GOLD
hầu,矦,U+77E6,1,0,0,,,矦,True,GOLD
hằng,亙,U+4E99,1,0,0,,,怛,True,SILVER
hằng,恆,U+6046,1,0,0,,,恆,True,GOLD
hẹn,恨,U+6068,1,0,0,,,恨,True,GOLD
hết,哈,U+54C8,1,0,0,,,哈,True,GOLD
họa,祸,U+7978,1,0,0,,,祸,True,GOLD
họa,𥘑,U+25611,1,0,0,,,対,True,GOLD
hỏi,誨,U+8AA8,1,0,0,,,誨,True,GOLD
hộ,䕶,U+4576,1,0,0,,,䕶,True,GOLD
hờn,恨,U+6068,1,0,0,,,恨,True,GOLD
hợi,亥,U+4EA5,1,0,0,,,亥,True,GOLD
i,揆,U+63C6,1,0,0,,,投,True,GOLD
ii,离,U+79BB,1,0,0,,,离,False,SILVER
imình,𠇮,U+201EE,1,0,0,,,𠇮,False,SILVER
in,抑,U+6291,1,0,0,,,仰,True,GOLD
iu,夭,U+592D,1,0,0,,,夭,False,SILVER
ka,歌,U+6B4C,1,0,0,,,歌,False,SILVER
khac,恪,U+606A,1,0,0,,,恪,False,SILVER
khang,康,U+5EB7,1,0,0,,,康,True,GOLD
khi,吱,U+5431,1,0,0,,,支,True,GOLD
khi,唭,U+552D,1,0,0,,,共,True,GOLD
khi,攲,U+6532,1,0,0,,,坡,True,GOLD
khi,猗,U+7317,1,0,0,,,犯,True,GOLD
khiêng,輕,U+8F15,1,0,0,,,輕,True,GOLD
kho,庫,U+5EAB,1,0,0,,,庫,True,GOLD
khon,坤,U+5764,1,0,0,,,坤,False,SILVER
khoét,抉,U+6289,1,0,0,,,决,True,GOLD
khoét,鈌,U+920C,1,0,0,,,鈌,True,GOLD
khuya,亏,U+4E8F,1,0,0,,,亏,True,GOLD
khuyên,券,U+5238,1,0,0,,,分,True,GOLD
khát,喝,U+559D,1,0,0,,,喝,True,GOLD
khéo,害,U+5BB3,1,0,0,,,害,True,GOLD
khí,𠾖,U+20F96,1,0,0,,,𠾖,True,GOLD
khói,塊,U+584A,1,0,0,,,魏,True,SILVER
khôi,灰,U+7070,1,0,0,,,灰,True,GOLD
khôn,囷,U+56F7,1,0,0,,,困,True,GOLD
khảo,考,U+8003,1,0,0,,,考,True,GOLD
khị,欺,U+6B3A,1,0,0,,,耿,True,SILVER
khỏe,跬,U+8DEC,1,0,0,,,跬,True,GOLD
khối,塊,U+584A,1,0,0,,,魂,True,SILVER
khởi,起,U+8D77,1,0,0,,,起,True,GOLD
khứng,肯,U+80AF,1,0,0,,,肯,True,GOLD
ki,箕,U+7B95,1,0,0,,,冥,True,SILVER
kieu,驕,U+9A55,1,0,0,,,驕,False,SILVER
kim,金,U+91D1,1,0,0,,,金,True,GOLD
kinh,惊,U+60CA,1,0,0,,,磊,True,GOLD
kinh,驚,U+9A5A,1,0,0,,,駑,True,GOLD
kiếm,劒,U+5292,1,0,0,,,劒,True,GOLD
kê,計,U+8A08,1,0,0,,,計,True,GOLD
ký,記,U+8A18,1,0,0,,,記,True,GOLD
kẻo,嬌,U+5B0C,1,0,0,,,嬌,True,GOLD
kẻo,矫,U+77EB,1,0,0,,,秌,True,GOLD
kết,結,U+7D50,1,0,0,,,結,True,GOLD
kịp,立,U+7ACB,1,0,0,,,立,True,GOLD
kỳ,期,U+671F,1,0,0,,,期,True,GOLD
la,囉,U+56C9,1,0,0,,,咤,True,SILVER
lan,𬞕,U+2C795,1,0,0,,,𬞕,True,GOLD
lang,郎,U+90CE,1,0,0,,,郎,True,GOLD
lau,娄,U+5A04,1,0,0,,,妻,True,SILVER
le,𠲥,U+20CA5,1,0,0,,,祠,True,GOLD
lia,离,U+79BB,1,0,0,,,爾,True,SILVER
liêm,㢘,U+3898,1,0,0,,,㢘,True,GOLD
liêm,鎌,U+938C,1,0,0,,,鎌,True,GOLD
liêm,𤎉,U+24389,1,0,0,,,𤎉,True,GOLD
liên,连,U+8FDE,1,0,0,,,吏,True,GOLD
liêng,灵,U+7075,1,0,0,,,羡,True,SILVER
liệu,科,U+79D1,1,0,0,,,科,True,GOLD
long,𢚸,U+226B8,1,0,0,,,尋,True,GOLD
loài,類,U+985E,1,0,0,,,類,True,GOLD
lu,𢗼,U+225FC,1,0,0,,,庐,True,GOLD
luy,累,U+7D2F,1,0,0,,,累,True,GOLD
là,邏,U+908F,1,0,0,,,遥,True,SILVER
làm,滥,U+6EE5,1,0,0,,,滿,True,GOLD
lành,伶,U+4F36,1,0,0,,,净,True,SILVER
lào,𣒲,U+234B2,1,0,0,,,萍,True,GOLD
lác,落,U+843D,1,0,0,,,楽,True,SILVER
lái,里,U+91CC,1,0,0,,,鬚,True,SILVER
lâm,淋,U+6DCB,1,0,0,,,淋,True,GOLD
lây,淶,U+6DF6,1,0,0,,,淶,True,GOLD
lê,莉,U+8389,1,0,0,,,苐,True,GOLD
lìa,离,U+79BB,1,0,0,,,者,True,SILVER
lìa,里,U+91CC,1,0,0,,,里,True,GOLD
lò,𢗼,U+225FC,1,0,0,,,庐,True,GOLD
lòng,情,U+60C5,1,0,0,,,毒,True,GOLD
lóc,六,U+516D,1,0,0,,,六,True,GOLD
lóc,祿,U+797F,1,0,0,,,祿,True,GOLD
lô,芦,U+82A6,1,0,0,,,芦,True,GOLD
lùng,弄,U+5F04,1,0,0,,,屏,True,SILVER
lúc,𠯿,U+20BFF,1,0,0,,,云,True,GOLD
lăng,朗,U+6717,1,0,0,,,朗,True,GOLD
lăng,𥟀,U+257C0,1,0,0,,,𥟀,True,GOLD
lĩnh,領,U+9818,1,0,0,,,領,True,GOLD
lước,約,U+7D04,1,0,0,,,約,False,SILVER
lưỡi,礼,U+793C,1,0,0,,,祗,True,SILVER
lạ,異,U+7570,1,0,0,,,畏,True,GOLD
lạ,𨓐,U+284D0,1,0,0,,,造,True,GOLD
lại,尼,U+5C3C,1,0,0,,,尼,True,GOLD
lạnh,泠,U+6CE0,1,0,0,,,泠,True,GOLD
lấv,礼,U+793C,1,0,0,,,礼,False,SILVER
lấy,以,U+4EE5,1,0,0,,,以,True,GOLD
lấy,娎,U+5A0E,1,0,0,,,誓,True,GOLD
lặng,𠻴,U+20EF4,1,0,0,,,嘲,True,GOLD
lếch,歷,U+6B77,1,0,0,,,𤴓,True,SILVER
lỏng,弄,U+5F04,1,0,0,,,弄,True,GOLD
lỗ,魯,U+9B6F,1,0,0,,,魯,True,GOLD
lỗ,鲁,U+9C81,1,0,0,,,鲁,True,GOLD
lội,耒,U+8012,1,0,0,,,耒,True,GOLD
lời,唎,U+550E,1,0,0,,,知,True,GOLD
lời,行,U+884C,1,0,0,,,行,True,GOLD
lở,吕,U+5415,1,0,0,,,吕,True,GOLD
lục,録,U+9332,1,0,0,,,録,True,GOLD
lụt,𣹕,U+23E55,1,0,0,,,雄,True,GOLD
ma,麼,U+9EBC,1,0,0,,,黁,True,GOLD
ma,麽,U+9EBD,1,0,0,,,庻,True,GOLD
mac,黙,U+9ED9,1,0,0,,,黙,False,SILVER
mat,末,U+672B,1,0,0,,,末,False,SILVER
mon,門,U+9580,1,0,0,,,圈,True,SILVER
muon,悶,U+60B6,1,0,0,,,悶,False,SILVER
muon,門,U+9580,1,0,0,,,門,False,SILVER
muốn,闷,U+95F7,1,0,0,,,闷,True,GOLD
mà,傌,U+508C,1,0,0,,,馮,True,GOLD
mà,𣻕,U+23ED5,1,0,0,,,滿,True,GOLD
mâm,盤,U+76E4,1,0,0,,,錠,True,SILVER
mây,𩄎,U+2910E,1,0,0,,,霄,True,GOLD
mây,𩄲,U+29132,1,0,0,,,霆,True,GOLD
mão,帽,U+5E3D,1,0,0,,,帽,True,GOLD
mìnhép,命,U+547D,1,0,0,,,命,False,SILVER
món,門,U+9580,1,0,0,,,門,True,GOLD
mô,謨,U+8B28,1,0,0,,,謨,True,GOLD
mô,谟,U+8C1F,1,0,0,,,莫,True,GOLD
mông,䝉,U+4749,1,0,0,,,䝉,True,GOLD
mông,蒙,U+8499,1,0,0,,,蒙,True,GOLD
mùi,未,U+672A,1,0,0,,,未,True,GOLD
mũ,帽,U+5E3D,1,0,0,,,倮,True,SILVER
mươi,𨒒,U+28492,1,0,0,,,迊,True,GOLD
mươl,邁,U+9081,1,0,0,,,邁,False,SILVER
mượn,漫,U+6F2B,1,0,0,,,漫,True,GOLD
mạng,命,U+547D,1,0,0,,,命,True,GOLD
mấy,𢵯,U+22D6F,1,0,0,,,蜀,True,GOLD
mầu,牟,U+725F,1,0,0,,,牟,True,GOLD
mật,密,U+5BC6,1,0,0,,,密,True,GOLD
mắc,墨,U+58A8,1,0,0,,,墨,True,GOLD
mắng,莾,U+83BE,1,0,0,,,莾,True,GOLD
mặc,墨,U+58A8,1,0,0,,,墨,True,GOLD
mẹnghe,宜,U+5B9C,1,0,0,,,宜,False,SILVER
mẻ,美,U+7F8E,1,0,0,,,美,True,GOLD
mẻ,羙,U+7F99,1,0,0,,,羙,True,GOLD
mến,免,U+514D,1,0,0,,,免,True,GOLD
mềm,綿,U+7DBF,1,0,0,,,陵,True,SILVER
mệnh,命,U+547D,1,0,0,,,命,True,GOLD
mọi,𤞦,U+247A6,1,0,0,,,海,True,GOLD
mọn,𨳒,U+28CD2,1,0,0,,,閉,True,GOLD
mốt,没,U+6CA1,1,0,0,,,没,True,GOLD
mốt,蔑,U+8511,1,0,0,,,戛,True,SILVER
mộc,木,U+6728,1,0,0,,,木,True,GOLD
một,堆,U+5806,1,0,0,,,堪,True,GOLD
một,𠬠,U+20B20,1,0,0,,,支,True,GOLD
mới,貝,U+8C9D,1,0,0,,,貝,True,GOLD
mừng,朋,U+670B,1,0,0,,,朋,True,GOLD
mỹ,美,U+7F8E,1,0,0,,,美,True,GOLD
n,廛,U+5EDB,1,0,0,,,乇,True,SILVER
nau,耨,U+8028,1,0,0,,,熸,True,SILVER
ngang,昻,U+663B,1,0,0,,,昻,True,GOLD
ngao,傲,U+50B2,1,0,0,,,傲,True,GOLD
ngays,時,U+6642,1,0,0,,,時,False,SILVER
nghe,冝,U+519D,1,0,0,,,冝,True,GOLD
nghĩ,察,U+5BDF,1,0,0,,,𠔃,True,SILVER
nghỉ,持,U+6301,1,0,0,,,持,True,GOLD
nguyen,願,U+9858,1,0,0,,,願,False,SILVER
nguôi,嵬,U+5D6C,1,0,0,,,嵬,True,GOLD
ngâm,汵,U+6C75,1,0,0,,,冷,True,GOLD
ngôn,言,U+8A00,1,0,0,,,言,True,GOLD
ngăn,垠,U+57A0,1,0,0,,,垠,True,GOLD
ngăn,銀,U+9280,1,0,0,,,限,True,GOLD
ngơi,宜,U+5B9C,1,0,0,,,宜,True,GOLD
người,匕,U+5315,1,0,0,,,匕,True,GOLD
người,命,U+547D,1,0,0,,,裔,True,GOLD
người,辞,U+8F9E,1,0,0,,,缶,True,GOLD
ngược,虐,U+8650,1,0,0,,,虐,True,GOLD
ngả,我,U+6211,1,0,0,,,我,True,GOLD
ngầm,吟,U+541F,1,0,0,,,吟,True,GOLD
ngọn,阮,U+962E,1,0,0,,,吃,True,SILVER
ngữ,語,U+8A9E,1,0,0,,,語,True,GOLD
nhiều,迻,U+8FFB,1,0,0,,,多,True,GOLD
nhung,扔,U+6254,1,0,0,,,仍,True,GOLD
nhuộm,染,U+67D3,1,0,0,,,染,True,GOLD
nhát,拮,U+62EE,1,0,0,,,祓,True,SILVER
nhân,固,U+56FA,1,0,0,,,固,True,GOLD
nhìn,忍,U+5FCD,1,0,0,,,忍,True,GOLD
nhìn,認,U+8A8D,1,0,0,,,認,True,GOLD
nhông,越,U+8D8A,1,0,0,,,或,True,SILVER
như,茹,U+8339,1,0,0,,,汝,True,GOLD
nhưng,因,U+56E0,1,0,0,,,只,True,GOLD
nhất,弌,U+5F0C,1,0,0,,,之,True,GOLD
nhậm,任,U+4EFB,1,0,0,,,任,True,GOLD
nhận,忍,U+5FCD,1,0,0,,,忍,True,GOLD
nhận,認,U+8A8D,1,0,0,,,認,True,GOLD
nhằm,任,U+4EFB,1,0,0,,,任,True,GOLD
nhặm,任,U+4EFB,1,0,0,,,任,True,GOLD
nhị,二,U+4E8C,1,0,0,,,二,True,GOLD
nhổ,吐,U+5410,1,0,0,,,哇,True,GOLD
nhờ,如,U+5982,1,0,0,,,如,True,GOLD
ni,伲,U+4F32,1,0,0,,,北,True,GOLD
ni,坭,U+576D,1,0,0,,,忠,True,GOLD
ninh,寧,U+5BE7,1,0,0,,,寧,True,GOLD
niết,湼,U+6E7C,1,0,0,,,湼,True,GOLD
nu,市,U+5E02,1,0,0,,,凼,True,SILVER
nua,奴,U+5974,1,0,0,,,双,True,GOLD
nuoi,餒,U+9912,1,0,0,,,餒,False,SILVER
nuốt,啐,U+5550,1,0,0,,,啐,True,GOLD
nào,牢,U+7262,1,0,0,,,牛,True,GOLD
này,又,U+53C8,1,0,0,,,丈,True,GOLD
này,怩,U+6029,1,0,0,,,泥,True,GOLD
nê,泥,U+6CE5,1,0,0,,,泥,True,GOLD
nê,𡰱,U+21C31,1,0,0,,,君,True,SILVER
nên,麻,U+9EBB,1,0,0,,,麻,True,GOLD
nói,曰,U+66F0,1,0,0,,,曰,True,GOLD
nôngiau,奏,U+594F,1,0,0,,,奏,False,SILVER
nước,娘,U+5A18,1,0,0,,,硬,True,GOLD
nước,搩,U+6429,1,0,0,,,據,True,GOLD
nước,珠,U+73E0,1,0,0,,,珠,True,GOLD
nước,著,U+8457,1,0,0,,,妻,True,GOLD
nảy,乃,U+4E43,1,0,0,,,乃,True,GOLD
nắng,曩,U+66E9,1,0,0,,,襄,True,GOLD
nằng,䏻,U+43FB,1,0,0,,,䏻,True,GOLD
nẻo,裊,U+88CA,1,0,0,,,長,True,SILVER
nối,綏,U+7D8F,1,0,0,,,綏,True,GOLD
nổ,弩,U+5F29,1,0,0,,,弩,True,GOLD
nở,女,U+5973,1,0,0,,,妄,True,SILVER
oai,威,U+5A01,1,0,0,,,威,True,GOLD
ong,容,U+5BB9,1,0,0,,,容,True,GOLD
pha,芭,U+82AD,1,0,0,,,芭,True,GOLD
phai,沛,U+6C9B,1,0,0,,,姊,True,SILVER
phal,沛,U+6C9B,1,0,0,,,沛,False,SILVER
phan,蹯,U+8E6F,1,0,0,,,暦,True,GOLD
phao,拋,U+62CB,1,0,0,,,拋,True,GOLD
phe,批,U+6279,1,0,0,,,批,True,GOLD
phi,苤,U+82E4,1,0,0,,,至,True,GOLD
phi,飞,U+98DE,1,0,0,,,之,True,GOLD
phiên,蹯,U+8E6F,1,0,0,,,牛,True,SILVER
pho,付,U+4ED8,1,0,0,,,付,True,GOLD
phong,風,U+98A8,1,0,0,,,風,True,GOLD
phái,伂,U+4F02,1,0,0,,,布,True,GOLD
phô,抪,U+62AA,1,0,0,,,怖,True,GOLD
phô,舖,U+8216,1,0,0,,,舖,True,GOLD
phù,浮,U+6D6E,1,0,0,,,浮,True,GOLD
phút,筆,U+7B46,1,0,0,,,丶,True,SILVER
phạt,伐,U+4F10,1,0,0,,,成,True,GOLD
phật,佛,U+4F5B,1,0,0,,,佛,True,GOLD
pô,穌,U+7A4C,1,0,0,,,穌,False,SILVER
quan,軍,U+8ECD,1,0,0,,,軍,True,GOLD
que,圭,U+572D,1,0,0,,,圭,True,GOLD
quyết,决,U+51B3,1,0,0,,,决,True,GOLD
quyển,卷,U+5377,1,0,0,,,卷,True,GOLD
quyển,巻,U+5DFB,1,0,0,,,巻,True,GOLD
quái,怪,U+602A,1,0,0,,,怪,True,GOLD
quân,筠,U+7B60,1,0,0,,,筝,True,GOLD
quản,管,U+7BA1,1,0,0,,,管,True,GOLD
quế,挂,U+6302,1,0,0,,,挂,True,GOLD
quế,桂,U+6842,1,0,0,,,桂,True,GOLD
quốc,國,U+570B,1,0,0,,,國,True,GOLD
ra,群,U+7FA4,1,0,0,,,詳,True,GOLD
ra,𦋦,U+262E6,1,0,0,,,臨,True,GOLD
rac,落,U+843D,1,0,0,,,落,False,SILVER
rai,淶,U+6DF6,1,0,0,,,侍,True,SILVER
rao,牢,U+7262,1,0,0,,,牢,True,GOLD
rau,娄,U+5A04,1,0,0,,,娄,True,GOLD
run,敦,U+6566,1,0,0,,,敦,True,GOLD
ruồi,耒,U+8012,1,0,0,,,耒,True,GOLD
ràng,床,U+5E8A,1,0,0,,,辰,True,GOLD
rét,洌,U+6D0C,1,0,0,,,洌,True,GOLD
ròng,用,U+7528,1,0,0,,,用,True,GOLD
răn,𡂰,U+210B0,1,0,0,,,鄰,True,GOLD
răng,凌,U+51CC,1,0,0,,,凌,True,GOLD
rơi,淶,U+6DF6,1,0,0,,,淶,True,GOLD
rưới,洒,U+6D12,1,0,0,,,洒,True,GOLD
rượu,蹓,U+8E53,1,0,0,,,騮,True,GOLD
rạc,絡,U+7D61,1,0,0,,,洛,True,GOLD
rất,秩,U+79E9,1,0,0,,,死,True,GOLD
rậm,椹,U+6939,1,0,0,,,椹,True,GOLD
rằm,林,U+6797,1,0,0,,,林,True,GOLD
rằng,坺,U+577A,1,0,0,,,俟,True,GOLD
rẽ,礼,U+793C,1,0,0,,,礼,True,GOLD
rồng,竜,U+7ADC,1,0,0,,,𨺚,True,SILVER
sa,砂,U+7802,1,0,0,,,砂,True,GOLD
sa,磋,U+78CB,1,0,0,,,槎,True,GOLD
sang,創,U+5275,1,0,0,,,氣,True,SILVER
sanh,生,U+751F,1,0,0,,,生,True,GOLD
sau,婁,U+5A41,1,0,0,,,書,True,GOLD
sau,牢,U+7262,1,0,0,,,主,True,GOLD
so,芻,U+82BB,1,0,0,,,芻,True,GOLD
song,衝,U+885D,1,0,0,,,衝,True,GOLD
sà,沙,U+6C99,1,0,0,,,沙,True,GOLD
sành,生,U+751F,1,0,0,,,炷,True,SILVER
sách,册,U+518C,1,0,0,,,册,True,GOLD
sách,溹,U+6EB9,1,0,0,,,後,True,GOLD
sách,索,U+7D22,1,0,0,,,紫,True,GOLD
sái,差,U+5DEE,1,0,0,,,差,True,GOLD
sám,懴,U+61F4,1,0,0,,,懴,True,GOLD
sánh,並,U+4E26,1,0,0,,,並,True,GOLD
sân,顛,U+985B,1,0,0,,,歸,True,GOLD
sét,𩂶,U+290B6,1,0,0,,,露,True,GOLD
sóng,夲,U+5932,1,0,0,,,夲,True,GOLD
sót,卒,U+5352,1,0,0,,,李,True,SILVER
sôi,雷,U+96F7,1,0,0,,,雷,True,GOLD
sùi,淶,U+6DF6,1,0,0,,,灌,True,SILVER
súng,銃,U+9283,1,0,0,,,銃,True,GOLD
săn,詵,U+8A75,1,0,0,,,詵,True,GOLD
săn,駪,U+99EA,1,0,0,,,馳,True,GOLD
sĩ,士,U+58EB,1,0,0,,,士,True,GOLD
sư,師,U+5E2B,1,0,0,,,師,True,GOLD
sạch,歷,U+6B77,1,0,0,,,歷,True,GOLD
sạch,瀝,U+701D,1,0,0,,,瀝,True,GOLD
sải,仕,U+4ED5,1,0,0,,,仕,True,GOLD
sản,產,U+7522,1,0,0,,,產,True,GOLD
sầu,愁,U+6101,1,0,0,,,愁,True,GOLD
sắc,勅,U+52C5,1,0,0,,,勅,True,GOLD
sắn,産,U+7523,1,0,0,,,產,True,GOLD
sắt,𨫊,U+28ACA,1,0,0,,,鑲,True,GOLD
sệt,特,U+7279,1,0,0,,,悔,True,SILVER
sốt,律,U+5F8B,1,0,0,,,律,True,GOLD
sứ,使,U+4F7F,1,0,0,,,使,True,GOLD
sứt,叱,U+53F1,1,0,0,,,叱,True,GOLD
ta,仨,U+4EE8,1,0,0,,,二,True,GOLD
ta,埃,U+57C3,1,0,0,,,亝,True,GOLD
ta,差,U+5DEE,1,0,0,,,寿,True,GOLD
tai,腮,U+816E,1,0,0,,,腮,True,GOLD
tao,幍,U+5E4D,1,0,0,,,罡,True,GOLD
ten,先,U+5148,1,0,0,,,先,True,GOLD
than,嘆,U+5606,1,0,0,,,嘆,True,GOLD
than,歎,U+6B4E,1,0,0,,,歎,True,GOLD
thanh,清,U+6E05,1,0,0,,,清,True,GOLD
them,添,U+6DFB,1,0,0,,,添,False,SILVER
theo,嘵,U+5635,1,0,0,,,嘵,True,GOLD
thi,矢,U+77E2,1,0,0,,,末,True,GOLD
thi,诗,U+8BD7,1,0,0,,,寺,True,GOLD
thinh,清,U+6E05,1,0,0,,,清,True,GOLD
thiên,偏,U+504F,1,0,0,,,偏,True,GOLD
thiêng,声,U+58F0,1,0,0,,,声,True,GOLD
thiết,切,U+5207,1,0,0,,,切,True,GOLD
thoát,卒,U+5352,1,0,0,,,辛,True,GOLD
thoát,率,U+7387,1,0,0,,,率,True,GOLD
thoắt,率,U+7387,1,0,0,,,率,True,GOLD
tháng,𣎃,U+23383,1,0,0,,,胸,True,GOLD
thánh,咱,U+54B1,1,0,0,,,自,True,GOLD
tháo,操,U+64CD,1,0,0,,,操,True,GOLD
tháp,㙮,U+366E,1,0,0,,,㙮,True,GOLD
tháp,塔,U+5854,1,0,0,,,塔,True,GOLD
thâu,偷,U+5077,1,0,0,,,偷,True,GOLD
thê,棲,U+68F2,1,0,0,,,棲,True,GOLD
thêm,桼,U+687C,1,0,0,,,黍,True,GOLD
thì,㮛,U+3B9B,1,0,0,,,悢,True,GOLD
thì,塒,U+5852,1,0,0,,,曄,True,GOLD
thì,常,U+5E38,1,0,0,,,當,True,GOLD
thì,提,U+63D0,1,0,0,,,悵,True,GOLD
thì,时,U+65F6,1,0,0,,,母,True,GOLD
thì,茄,U+8304,1,0,0,,,亦,True,GOLD
thì,辰,U+8FB0,1,0,0,,,辰,True,GOLD
thì,𡗶,U+215F6,1,0,0,,,夲,True,GOLD
thìn,辰,U+8FB0,1,0,0,,,詩,True,SILVER
thí,辟,U+8F9F,1,0,0,,,辟,True,GOLD
thóc,秃,U+79C3,1,0,0,,,秃,True,GOLD
thôi,催,U+50AC,1,0,0,,,催,True,GOLD
thù,讐,U+8B90,1,0,0,,,讐,True,GOLD
thơm,𦹳,U+26E73,1,0,0,,,養,True,GOLD
thất,失,U+5931,1,0,0,,,失,True,GOLD
thần,臣,U+81E3,1,0,0,,,臣,True,GOLD
thầv,柴,U+67F4,1,0,0,,,柴,False,SILVER
thầy,賴,U+8CF4,1,0,0,,,樂,True,SILVER
thật,舌,U+820C,1,0,0,,,至,True,GOLD
thắt,紩,U+7D29,1,0,0,,,紩,True,GOLD
thế,𠀍,U+2000D,1,0,0,,,𠀍,True,GOLD
thịt,䏦,U+43E6,1,0,0,,,乕,True,GOLD
thịt,舌,U+820C,1,0,0,,,石,True,GOLD
thốt,説,U+8AAC,1,0,0,,,說,True,GOLD
thờ,於,U+65BC,1,0,0,,,餘,True,SILVER
thờ,烏,U+70CF,1,0,0,,,与,True,SILVER
thời,寺,U+5BFA,1,0,0,,,寺,True,GOLD
thời,時,U+6642,1,0,0,,,時,True,GOLD
thừa,餘,U+9918,1,0,0,,,竦,True,SILVER
ti,婢,U+5A62,1,0,0,,,娩,True,GOLD
tieng,省,U+7701,1,0,0,,,省,False,SILVER
tim,杺,U+677A,1,0,0,,,沁,True,GOLD
tiên,先,U+5148,1,0,0,,,先,True,GOLD
tiêu,摽,U+647D,1,0,0,,,摽,True,GOLD
tiêu,標,U+6A19,1,0,0,,,標,True,GOLD
tiếc,昔,U+6614,1,0,0,,,昔,True,GOLD
tiền,前,U+524D,1,0,0,,,前,True,GOLD
tiền,錢,U+9322,1,0,0,,,錢,True,GOLD
to,蘇,U+8607,1,0,0,,,蘇,True,GOLD
trai,粂,U+7C82,1,0,0,,,㪯,True,SILVER
tran,傳,U+50B3,1,0,0,,,傳,False,SILVER
trao,牢,U+7262,1,0,0,,,主,True,GOLD
tray,礼,U+793C,1,0,0,,,礼,False,SILVER
tren,連,U+9023,1,0,0,,,連,False,SILVER
treo,僚,U+50DA,1,0,0,,,僚,True,GOLD
tri,沱,U+6CB1,1,0,0,,,沉,True,GOLD
tro,烣,U+70E3,1,0,0,,,灰,True,GOLD
trong,共,U+5171,1,0,0,,,共,True,GOLD
trong,宫,U+5BAB,1,0,0,,,昂,True,GOLD
trong,工,U+5DE5,1,0,0,,,工,True,GOLD
troảis,列,U+5217,1,0,0,,,列,False,SILVER
truven,傳,U+50B3,1,0,0,,,傳,False,SILVER
truvện,傳,U+50B3,1,0,0,,,傳,False,SILVER
tràn,蘭,U+862D,1,0,0,,,蘭,True,GOLD
trách,窄,U+7A84,1,0,0,,,至,True,GOLD
trái,藾,U+85FE,1,0,0,,,蘋,True,GOLD
trái,責,U+8CAC,1,0,0,,,責,True,GOLD
trái,頼,U+983C,1,0,0,,,頼,True,GOLD
trán,旦,U+65E6,1,0,0,,,旦,True,GOLD
tránh,争,U+4E89,1,0,0,,,争,True,GOLD
trân,陣,U+9663,1,0,0,,,陣,True,GOLD
trò,路,U+8DEF,1,0,0,,,路,True,GOLD
trúc,竺,U+7AFA,1,0,0,,,竺,True,GOLD
trước,著,U+8457,1,0,0,,,妻,True,GOLD
trấn,鎮,U+93AE,1,0,0,,,鎮,True,GOLD
trấy,共,U+5171,1,0,0,,,共,False,SILVER
trằng,浪,U+6D6A,1,0,0,,,浪,False,SILVER
trọn,汷,U+6C77,1,0,0,,,伐,True,GOLD
trốn,循,U+5FAA,1,0,0,,,䏻,True,GOLD
trống,弄,U+5F04,1,0,0,,,弑,True,SILVER
trộm,滥,U+6EE5,1,0,0,,,温,True,GOLD
trộm,濫,U+6FEB,1,0,0,,,溫,True,GOLD
trộm,盗,U+76D7,1,0,0,,,盗,True,GOLD
trộn,論,U+8AD6,1,0,0,,,論,True,GOLD
trời,𢚸,U+226B8,1,0,0,,,壽,True,GOLD
trở,伹,U+4F39,1,0,0,,,伹,True,GOLD
trở,沮,U+6CAE,1,0,0,,,沮,True,GOLD
tu,鬏,U+9B0F,1,0,0,,,髮,True,GOLD
tua,須,U+9808,1,0,0,,,須,True,GOLD
tài,扌,U+624C,1,0,0,,,寸,True,GOLD
tàn,残,U+6B8B,1,0,0,,,残,True,GOLD
tác,作,U+4F5C,1,0,0,,,作,True,GOLD
tác,索,U+7D22,1,0,0,,,索,True,GOLD
tê,荠,U+8360,1,0,0,,,腎,True,GOLD
tình,情,U+60C5,1,0,0,,,情,True,GOLD
tính,生,U+751F,1,0,0,,,生,True,GOLD
tôi,的,U+7684,1,0,0,,,佗,True,GOLD
tôn,尊,U+5C0A,1,0,0,,,尊,True,GOLD
tư,𥝠,U+25760,1,0,0,,,𥝠,True,GOLD
tường,祥,U+7965,1,0,0,,,徉,True,GOLD
tượng,象,U+8C61,1,0,0,,,象,True,GOLD
tạc,作,U+4F5C,1,0,0,,,作,True,GOLD
tại,在,U+5728,1,0,0,,,在,True,GOLD
tấm,唚,U+551A,1,0,0,,,戞,True,GOLD
tấm,心,U+5FC3,1,0,0,,,心,True,GOLD
tầu,槽,U+69FD,1,0,0,,,槽,True,GOLD
tẩm,浸,U+6D78,1,0,0,,,浸,True,GOLD
tận,尽,U+5C3D,1,0,0,,,尽,True,GOLD
tắc,則,U+5247,1,0,0,,,則,True,GOLD
tắt,熄,U+7184,1,0,0,,,熄,True,GOLD
tắt,蹯,U+8E6F,1,0,0,,,燔,True,GOLD
tắt,𤎕,U+24395,1,0,0,,,燧,True,GOLD
tị,已,U+5DF2,1,0,0,,,已,True,GOLD
tịnh,净,U+51C0,1,0,0,,,净,True,GOLD
tịnh,浄,U+6D44,1,0,0,,,浄,True,GOLD
tốt,崒,U+5D12,1,0,0,,,崒,True,GOLD
tứ,四,U+56DB,1,0,0,,,四,True,GOLD
tức,息,U+606F,1,0,0,,,息,True,GOLD
từ,辝,U+8F9D,1,0,0,,,辝,True,GOLD
từ,辭,U+8FAD,1,0,0,,,辟,True,GOLD
uống,𠴝,U+20D1D,1,0,0,,,丑,True,GOLD
uớc,約,U+7D04,1,0,0,,,約,False,SILVER
vi,韋,U+97CB,1,0,0,,,韋,True,GOLD
vi,𨔻,U+2853B,1,0,0,,,𨔻,True,GOLD
viecay,役,U+5F79,1,0,0,,,役,False,SILVER
vit,曰,U+66F0,1,0,0,,,曰,False,SILVER
viếng,咏,U+548F,1,0,0,,,承,True,GOLD
vu,吁,U+5401,1,0,0,,,干,True,GOLD
và,巴,U+5DF4,1,0,0,,,巴,True,GOLD
vách,壁,U+58C1,1,0,0,,,壁,True,GOLD
ván,鈑,U+9211,1,0,0,,,飯,True,GOLD
vâng,𢀥,U+22025,1,0,0,,,昇,True,GOLD
vây,圍,U+570D,1,0,0,,,圍,True,GOLD
ví,譬,U+8B6C,1,0,0,,,譬,True,GOLD
vòng,忘,U+5FD8,1,0,0,,,忘,True,GOLD
võ,宇,U+5B87,1,0,0,,,字,True,GOLD
văng,荣,U+8363,1,0,0,,,荣,True,GOLD
vưa,皮,U+76AE,1,0,0,,,皮,False,SILVER
vượn,猿,U+733F,1,0,0,,,猿,True,GOLD
vượt,越,U+8D8A,1,0,0,,,越,True,GOLD
vạc,鑊,U+944A,1,0,0,,,鑊,True,GOLD
vải,罢,U+7F62,1,0,0,,,觸,True,SILVER
vật,𢪱,U+22AB1,1,0,0,,,𢪱,True,GOLD
vậy,物,U+7269,1,0,0,,,吻,True,GOLD
vắng,永,U+6C38,1,0,0,,,永,True,GOLD
về,皮,U+76AE,1,0,0,,,反,True,GOLD
về,衞,U+885E,1,0,0,,,衞,True,GOLD
vỏ,補,U+88DC,1,0,0,,,補,True,GOLD
vời,排,U+6392,1,0,0,,,排,True,GOLD
vợ,𡢼,U+218BC,1,0,0,,,嬙,True,GOLD
vững,任,U+4EFB,1,0,0,,,任,True,GOLD
wringhe,宜,U+5B9C,1,0,0,,,宜,False,SILVER
xi,蚩,U+86A9,1,0,0,,,蚩,True,GOLD
xinh,嗔,U+55D4,1,0,0,,,壅,True,SILVER
xiết,制,U+5236,1,0,0,,,制,True,GOLD
xong,衝,U+885D,1,0,0,,,衝,True,GOLD
xua,摳,U+6473,1,0,0,,,摳,True,GOLD
xuốngừ,自,U+81EA,1,0,0,,,自,False,SILVER
xá,赦,U+8D66,1,0,0,,,居,True,SILVER
xác,索,U+7D22,1,0,0,,,索,True,GOLD
xác,觳,U+89F3,1,0,0,,,嚴,True,GOLD
xông,衝,U+885D,1,0,0,,,衝,True,GOLD
xăng,真,U+771F,1,0,0,,,接,True,SILVER
xưng,秤,U+79E4,1,0,0,,,秆,True,GOLD
xương,倡,U+5021,1,0,0,,,冒,True,GOLD
xảy,侈,U+4F88,1,0,0,,,侈,True,GOLD
xấu,𨢄,U+28884,1,0,0,,,𨢄,True,GOLD
xẻ,侈,U+4F88,1,0,0,,,俊,True,SILVER
xở,處,U+8655,1,0,0,,,處,True,GOLD
xở,𠙚,U+2065A,1,0,0,,,𠙚,True,GOLD
xức,聀,U+8040,1,0,0,,,聊,True,SILVER
yêu,妖,U+5996,1,0,0,,,妖,True,GOLD
áo,教,U+6559,1,0,0,,,教,True,GOLD
áo,澳,U+6FB3,1,0,0,,,澳,True,GOLD
áo,燠,U+71E0,1,0,0,,,偰,True,GOLD
át,遏,U+904F,1,0,0,,,遏,True,GOLD
âm,喑,U+5591,1,0,0,,,喑,True,GOLD
âm,音,U+97F3,1,0,0,,,音,True,GOLD
âu,歐,U+6B50,1,0,0,,,歐,True,GOLD
ê,依,U+4F9D,1,0,0,,,依,True,GOLD
ê,𠲖,U+20C96,1,0,0,,,衣,True,GOLD
êm,奄,U+5944,1,0,0,,,奄,True,GOLD
ô,摀,U+6440,1,0,0,,,曷,True,GOLD
ô,汚,U+6C5A,1,0,0,,,汚,True,GOLD
ô,溩,U+6EA9,1,0,0,,,馮,True,GOLD
úi,畏,U+754F,1,0,0,,,畏,True,GOLD
út,乙,U+4E59,1,0,0,,,乙,True,GOLD
đan,单,U+5355,1,0,0,,,单,True,GOLD
đanh,釘,U+91D8,1,0,0,,,釘,True,GOLD
đe,厎,U+538E,1,0,0,,,底,True,GOLD
đi,迻,U+8FFB,1,0,0,,,逡,True,GOLD
điạ,地,U+5730,1,0,0,,,地,False,SILVER
điếc,的,U+7684,1,0,0,,,的,True,GOLD
điều,條,U+689D,1,0,0,,,條,True,GOLD
điều,调,U+8C03,1,0,0,,,调,True,GOLD
đon,屯,U+5C6F,1,0,0,,,屯,True,GOLD
đoạn,奪,U+596A,1,0,0,,,奢,True,GOLD
đuôi,堆,U+5806,1,0,0,,,堆,True,GOLD
đuổi,対,U+5BFE,1,0,0,,,対,True,GOLD
đài,䑓,U+4453,1,0,0,,,䑓,True,GOLD
đàn,殚,U+6B9A,1,0,0,,,殚,True,GOLD
đàng,塘,U+5858,1,0,0,,,塘,True,GOLD
đá,跢,U+8DE2,1,0,0,,,修,True,GOLD
đám,店,U+5E97,1,0,0,,,擔,True,SILVER
đáng,当,U+5F53,1,0,0,,,主,True,GOLD
đâm,冘,U+5198,1,0,0,,,䆒,True,SILVER
đâm,抌,U+628C,1,0,0,,,挑,True,GOLD
đâm,耽,U+803D,1,0,0,,,辨,True,GOLD
đây,㡳,U+3873,1,0,0,,,㡳,True,GOLD
đã,吔,U+5414,1,0,0,,,他,True,GOLD
đè,題,U+984C,1,0,0,,,題,True,GOLD
đê,氐,U+6C10,1,0,0,,,辰,True,SILVER
đò,渡,U+6E21,1,0,0,,,渡,True,GOLD
đăng,登,U+767B,1,0,0,,,登,True,GOLD
đường,塘,U+5858,1,0,0,,,塘,True,GOLD
đường,榶,U+69B6,1,0,0,,,鹿,True,GOLD
đường,瑭,U+746D,1,0,0,,,瑭,True,GOLD
đấu,枓,U+6793,1,0,0,,,斜,True,GOLD
đấy,意,U+610F,1,0,0,,,意,True,GOLD
đầu,头,U+5934,1,0,0,,,弋,True,GOLD
đầu,股,U+80A1,1,0,0,,,股,True,GOLD
đắp,塔,U+5854,1,0,0,,,塔,True,GOLD
đến,𣅂,U+23142,1,0,0,,,𣅂,True,GOLD
để,低,U+4F4E,1,0,0,,,低,True,GOLD
để,厎,U+538E,1,0,0,,,𮝾,True,SILVER
để,帝,U+5E1D,1,0,0,,,帝,True,GOLD
đỉnh,町,U+753A,1,0,0,,,酉,True,GOLD
đốt,柮,U+67EE,1,0,0,,,柟,True,GOLD
đồ,阇,U+9607,1,0,0,,,因,True,GOLD
đồng,偅,U+5045,1,0,0,,,厘,True,GOLD
đồng,洞,U+6D1E,1,0,0,,,涸,True,GOLD
đồng,銅,U+9285,1,0,0,,,錮,True,GOLD
độc,獨,U+7368,1,0,0,,,獨,True,GOLD
đỡ,拖,U+62D6,1,0,0,,,拖,True,GOLD
đợt,逹,U+9039,1,0,0,,,逹,True,GOLD
đứa,𥒥,U+254A5,1,0,0,,,磁,True,SILVER
đức,恴,U+6074,1,0,0,,,息,True,GOLD
đừng,停,U+505C,1,0,0,,,停,True,GOLD
ưoc,約,U+7D04,1,0,0,,,約,False,SILVER
ấm,䕃,U+4543,1,0,0,,,䕃,True,GOLD
ấn,隱,U+96B1,1,0,0,,,隱,True,GOLD
ấp,邑,U+9091,1,0,0,,,邑,True,GOLD
ấv,衣,U+8863,1,0,0,,,衣,False,SILVER
ấy,衤,U+8864,1,0,0,,,不,True,GOLD
ấy,𢯗,U+22BD7,1,0,0,,,有,True,GOLD
ẩn,隱,U+96B1,1,0,0,,,恩,True,SILVER
ở,扵,U+6275,1,0,0,,,扵,True,GOLD
ởnơi,於,U+65BC,1,0,0,,,於,False,SILVER
cho,朱,U+6731,1594,20,0,0.0,,中/來/半/味/失,True,GOLD/SILVER
chúa,主,U+4E3B,1080,16,0,0.0,,主/光/土/复/毛,True,GOLD/SILVER
thì,時,U+6642,1030,21,0,0.0,,侍/味/呼/哇/將,True,GOLD/SILVER
sự,事,U+4E8B,970,13,0,0.0,,事/可/奪/子/手,True,GOLD/SILVER
có,固,U+56FA,938,9,0,0.0,,周/回/因/园/困,True,GOLD/SILVER
kẻ,几,U+51E0,684,12,0,0.0,,九/乾/儿/兀/元,True,GOLD/SILVER
được,特,U+7279,632,10,0,0.0,,将/特,True,GOLD/SILVER
thánh,垩,U+57A9,623,6,0,0.0,,丑/呈/圭/垂/垩,True,GOLD/SILVER
đến,旦,U+65E6,570,10,0,0.0,,三/兒/勻/囙/巳,True,GOLD/SILVER
vậy,丕,U+4E15,567,2,0,0.0,,万/不/丑/丕/丘,True,GOLD/SILVER
khi,欺,U+6B3A,535,5,0,0.0,,厥/厭/取/吹/契,True,GOLD/SILVER
ông,翁,U+7FC1,528,8,0,0.0,,仐/俞/公/坌/并,True,GOLD/SILVER
thì,寺,U+5BFA,517,6,0,0.0,,㫖/前/南/喬/壽,True,GOLD/SILVER
ở,於,U+65BC,513,8,0,0.0,,孤/嵐/於/旗/松,True,GOLD/SILVER
tôi,碎,U+788E,512,10,0,0.0,,倬/偉/啐/墀/奔,True,GOLD/SILVER
thấy,体,U+4F53,496,7,0,0.0,,乎/休/体/徔/洋,True,GOLD/SILVER
chăng,庄,U+5E84,491,11,0,0.0,,主/住/余/在/左,True,GOLD/SILVER
ấy,衣,U+8863,459,5,0,0.0,,㐲/㕣/久/人/仁,True,GOLD/SILVER
đạo,道,U+9053,457,10,0,0.0,,國/廼/徔/恩/更,True,GOLD/SILVER
mình,命,U+547D,450,7,0,0.0,,仰/佩/傘/兮/分,True,GOLD/SILVER
ấy,意,U+610F,449,5,0,0.0,,悉/意/慈/慰,True,GOLD/SILVER
trời,𡗶,U+215F6,442,2,0,0.0,,丞/举/乔/何/例,True,GOLD/SILVER
liền,連,U+9023,422,9,0,0.0,,䢖/庭/建/逐/逢,True,GOLD/SILVER
lại,吏,U+540F,378,5,0,0.0,,丈/主/之/交/克,True,GOLD/SILVER
giê,支,U+652F,374,7,0,0.0,,丈/主/五/交/克,True,GOLD/SILVER
những,仍,U+4ECD,361,5,0,0.0,,仍/伲,True,GOLD/SILVER
các,各,U+5404,360,9,0,0.0,,公/冬/参/各/名,True,GOLD/SILVER
nó,奴,U+5974,360,4,0,0.0,,双/叔/奴/如/忒,True,GOLD/SILVER
vì,爲,U+7232,360,3,0,0.0,,吿/唐/夸/季/悉,True,GOLD/SILVER
ta,些,U+4E9B,355,3,0,0.0,,也/些/坐/忠/恐,True,GOLD/SILVER
thầy,柴,U+67F4,355,3,0,0.0,,㸦/乎/亲/半/報,True,GOLD/SILVER
su,秋,U+79CB,344,4,0,0.0,,取/啾/嗽/壮/我,True,GOLD/SILVER
nữa,女,U+5973,341,5,0,0.0,,友/四/女/如/廿,True,GOLD/SILVER
quan,官,U+5B98,330,8,0,0.0,,䆠/官/宦/宮/直,True,GOLD/SILVER
đức,徳,U+5FB3,324,1,0,0.0,,万/与/僊/厯/徳,True,GOLD/SILVER
rằng,浪,U+6D6A,319,4,0,0.0,,依/侯/俊/偃/厳,True,GOLD/SILVER
trong,中,U+4E2D,311,6,0,0.0,,中/古/牢/甲,True,GOLD/SILVER
thiên,天,U+5929,306,4,0,0.0,,天/尺/矢,True,GOLD/SILVER
chịu,召,U+53EC,305,2,0,0.0,,㠯/为/乃/之/事,True,GOLD/SILVER
nên,年,U+5E74,304,3,0,0.0,,午/年/生/耳,True,GOLD/SILVER
con,昆,U+6606,297,2,0,0.0,,具/凨/功/員/崑,True,GOLD/SILVER
này,尼,U+5C3C,287,3,0,0.0,,侣/包/危/卷/厯,True,GOLD/SILVER
chăng,庒,U+5E92,283,3,0,0.0,,主/君/在/庒/店,True,GOLD/SILVER
giờ,除,U+9664,274,6,0,0.0,,佺/凃/团/泽/浄,True,GOLD/SILVER
đã,㐌,U+340C,267,4,0,0.0,,㐌/丑/乇/任/仼,True,GOLD/SILVER
chẳng,庄,U+5E84,262,2,0,0.0,,主/在/左/庄/庇,True,GOLD/SILVER
song,双,U+53CC,252,5,0,0.0,,丈/丑/刄/及/双,True,GOLD/SILVER
răng,浪,U+6D6A,250,2,0,0.0,,厳/喉/嚴/宸/屐,True,GOLD/SILVER
khỏi,塊,U+584A,245,6,0,0.0,,僊/嘐/堪/塊/媿,True,GOLD/SILVER
lấy,礼,U+793C,245,5,0,0.0,,他/桃/永/洮/礼,True,GOLD/SILVER
phải,沛,U+6C9B,243,4,0,0.0,,乕/仰/冲/净/后,True,GOLD/SILVER
trọng,重,U+91CD,243,2,0,0.0,,厘/堂/壹/奎/座,True,GOLD/SILVER
đi,多,U+591A,240,2,0,0.0,,㕛/並/受/夋/多,True,GOLD/SILVER
khó,庫,U+5EAB,235,4,0,0.0,,座/庫/庵/康/摩,True,GOLD/SILVER
hết,歇,U+6B47,229,2,0,0.0,,教/散/敬/欲/欿,True,GOLD/SILVER
gì,之,U+4E4B,223,5,0,0.0,,乆/之/文,True,GOLD/SILVER
đức,德,U+5FB7,219,3,0,0.0,,万/与/乞/僊/像,True,GOLD/SILVER
lòng,弄,U+5F04,213,3,0,0.0,,䓁/吾/寺/寿/年,True,GOLD/SILVER
tội,罪,U+7F6A,211,3,0,0.0,,冢/服/沉/深/濁,True,GOLD/SILVER
thành,城,U+57CE,206,3,0,0.0,,例/加/垣/城/域,True,GOLD/SILVER
trên,連,U+9023,199,3,0,0.0,,䢖/凰/匙/座/建,True,GOLD/SILVER
bởi,罢,U+7F62,198,9,0,0.0,,丢/吴/姜/寒/異,True,GOLD/SILVER
như,如,U+5982,198,1,0,0.0,,似/北/叔/奴/如,True,GOLD/SILVER
phép,法,U+6CD5,193,2,0,0.0,,小/河/法/清/雲,True,GOLD/SILVER
tên,先,U+5148,191,3,0,0.0,,先/光/卷/商/老,True,GOLD/SILVER
chết,折,U+6298,190,2,0,0.0,,升/孤/幷/所/打,True,GOLD/SILVER
vì,為,U+70BA,189,2,0,0.0,,唐/夸/店/庙/庭,True,GOLD/SILVER
một,没,U+6CA1,188,3,0,0.0,,受/壽/夏/多/妄,True,GOLD/SILVER
dạy,代,U+4EE3,187,3,0,0.0,,㕮/七/不/代/以,True,GOLD/SILVER
ba,巴,U+5DF4,182,4,0,0.0,,四/己/已/巳/巴,True,GOLD/SILVER
sinh,生,U+751F,180,4,0,0.0,,年/生/麾,True,GOLD/SILVER
le,离,U+79BB,177,2,0,0.0,,㸔/内/出/啻/嚼,True,GOLD/SILVER
cùng,其,U+5176,171,1,0,0.0,,丑/兵/其/具/安,True,GOLD/SILVER
của,古,U+53E4,169,2,0,0.0,,万/云/友/古/右,True,GOLD/SILVER
nhà,茹,U+8339,169,1,0,0.0,,兹/和/品/妄/委,True,GOLD/SILVER
lên,連,U+9023,167,3,0,0.0,,㮚/䢖/嶃/建/廻,True,GOLD/SILVER
nghe,宜,U+5B9C,167,2,0,0.0,,宜/宣/府/疽/皆,True,GOLD/SILVER
thế,世,U+4E16,165,5,0,0.0,,世,True,GOLD
mặt,末,U+672B,162,5,0,0.0,,丰/卷/未/末/来,True,GOLD/SILVER
ngày,時,U+6642,157,3,0,0.0,,䍧/䏷/呼/哷/将,True,GOLD/SILVER
trước,畧,U+7567,156,3,0,0.0,,恩/畧/異/累/褰,True,GOLD/SILVER
vua,君,U+541B,156,1,0,0.0,,伺/何/個/傾/兩,True,GOLD/SILVER
ăn,安,U+5B89,155,1,0,0.0,,受/咬/唼/喚/女,True,GOLD/SILVER
vào,包,U+5305,148,1,0,0.0,,乞/侯/包/厄/囘,True,GOLD/SILVER
xác,壳,U+58F3,148,1,0,0.0,,亮/克/兗/党/堯,True,GOLD/SILVER
biết,别,U+522B,147,2,0,0.0,,倒/列/别/到/則,True,GOLD/SILVER
mọi,每,U+6BCF,140,2,0,0.0,,姦/安/母/每,True,GOLD/SILVER
hơn,欣,U+6B23,137,1,0,0.0,,倐/吹/坂/坎/坡,True,GOLD/SILVER
từ,自,U+81EA,136,3,0,0.0,,目/自,True,GOLD
gian,間,U+9593,132,1,0,0.0,,周/問/圎/圖/悶,True,GOLD/SILVER
kia,其,U+5176,132,2,0,0.0,,其/具/夏/奠/是,True,GOLD/SILVER
muốn,悶,U+60B6,130,4,0,0.0,,冏/周/問/圈/園,True,GOLD/SILVER
hạ,下,U+4E0B,129,2,0,0.0,,下/卡/夲/奈/尽,True,GOLD/SILVER
hai,咍,U+548D,128,1,0,0.0,,㘴/㽞/临/以/似,True,GOLD/SILVER
quỷ,鬼,U+9B3C,126,2,0,0.0,,厯/圈/岂/忠/忽,True,GOLD/SILVER
đoạn,断,U+65AD,123,1,0,0.0,,判/刮/却/卻/和,True,GOLD/SILVER
bắt,扒,U+6252,122,5,0,0.0,,厾/和/孔/孤/我,True,GOLD/SILVER
lẽ,理,U+7406,122,1,0,0.0,,埋/理,True,GOLD
khác,恪,U+606A,119,2,0,0.0,,之/修/啓/将/怜,True,GOLD/SILVER
lành,冷,U+51B7,119,4,0,0.0,,冷/合/命/奏/泠,True,GOLD/SILVER
nói,呐,U+5450,117,2,0,0.0,,呐/呬/呵/咽/四,True,GOLD/SILVER
bỏ,補,U+88DC,116,2,0,0.0,,傳/徐/神/補/适,True,GOLD/SILVER
ra,囉,U+56C9,113,1,0,0.0,,㘴/㽞/䍐/兕/呢,True,GOLD/SILVER
về,𧗱,U+275F1,108,3,0,0.0,,付/佳/侍/侑/備,True,GOLD/SILVER
cha,吒,U+5412,107,1,0,0.0,,乇/任/吃/吒/宅,True,GOLD/SILVER
đất,坦,U+5766,106,1,0,0.0,,四/坦/垣/妃,True,GOLD/SILVER
công,功,U+529F,104,2,0,0.0,,功,True,GOLD
xin,真,U+771F,104,1,0,0.0,,夏/安/寘/慎/真,True,GOLD/SILVER
theo,燒,U+71D2,103,4,0,0.0,,壊/焼/燒,True,GOLD/SILVER
đánh,打,U+6253,103,3,0,0.0,,和/壬/好/打/日,True,GOLD/SILVER
lắm,凜,U+51DC,101,1,0,0.0,,凜/原/導/屧/廕,True,GOLD/SILVER
đấy,帝,U+5E1D,101,2,0,0.0,,事/居/希/帝/席,True,GOLD/SILVER
phạt,罰,U+7F70,99,3,0,0.0,,罰/蜀/𦋺,True,GOLD/SILVER
cầu,求,U+6C42,96,3,0,0.0,,來/未/来/水/求,True,GOLD/SILVER
mươi,邁,U+9081,95,1,0,0.0,,更/籩/薑/迤/通,True,GOLD/SILVER
tin,信,U+4FE1,95,2,0,0.0,,仿/传/位/侍/侯,True,GOLD/SILVER
mất,末,U+672B,94,1,0,0.0,,未/末/求/禾,True,GOLD/SILVER
để,底,U+5E95,94,3,0,0.0,,哀/塵/夜/底/感,True,GOLD/SILVER
chi,之,U+4E4B,92,3,0,0.0,,之/乏/文,True,GOLD/SILVER
nguyện,願,U+9858,91,4,0,0.0,,履/親/頋/領/顇,True,GOLD/SILVER
nhiều,饒,U+9952,91,2,0,0.0,,䇿/僥/院/饒/黄,True,GOLD/SILVER
xin,嗔,U+55D4,91,2,0,0.0,,冥/哨/喚/嗔/噴,True,GOLD/SILVER
pha,葩,U+8469,90,1,0,0.0,,丶/之/了/塟/庵,True,GOLD/SILVER
thần,神,U+795E,89,3,0,0.0,,仰/伸/神,True,GOLD/SILVER
ý,意,U+610F,89,1,0,0.0,,意,True,GOLD
chớ,渚,U+6E1A,88,1,0,0.0,,传/凊/堵/消/涛,True,GOLD/SILVER
an,安,U+5B89,86,1,0,0.0,,女/妄/妥/安,True,GOLD/SILVER
mặc,黙,U+9ED9,85,3,0,0.0,,㸃/然/遐/鉄/黔,True,GOLD/SILVER
biết,別,U+5225,84,2,0,0.0,,別/到/創,True,GOLD/SILVER
sa,沙,U+6C99,82,3,0,0.0,,伏/伙/应/次/江,True,GOLD/SILVER
đàng,堂,U+5802,81,1,0,0.0,,堂/孝/室/幸/意,True,GOLD/SILVER
truyện,傳,U+50B3,80,2,0,0.0,,傳/将,True,GOLD/SILVER
giết,折,U+6298,77,2,0,0.0,,两/册/刑/判/打,True,GOLD/SILVER
na,那,U+90A3,77,2,0,0.0,,即/邢/那/郡,True,GOLD/SILVER
thương,傷,U+50B7,76,2,0,0.0,,傉/傍/傷/僑/僚,True,GOLD/SILVER
ơn,恩,U+6069,76,2,0,0.0,,恩,True,GOLD
bụt,孛,U+5B5B,73,1,0,0.0,,字/孛/孝/季/学,True,GOLD/SILVER
việc,役,U+5F79,72,3,0,0.0,,仗/佺/度/役/微,True,GOLD/SILVER
chăng,生,U+751F,68,1,0,0.0,,主/在/生/𡉄,True,GOLD/SILVER
phê,批,U+6279,66,1,0,0.0,,孔/孤/托/批/抑,True,GOLD/SILVER
bằng,平,U+5E73,65,1,0,0.0,,平/年/手/甲/羊,True,GOLD/SILVER
chân,真,U+771F,65,1,0,0.0,,夏/直/真,True,GOLD/SILVER
khuyên,勧,U+52E7,65,2,0,0.0,,勘/勛/勧/郎/面,True,GOLD/SILVER
nô,奴,U+5974,65,1,0,0.0,,双/叔/奴/如/放,True,GOLD/SILVER
sang,郎,U+90CE,65,2,0,0.0,,昂/昻/爺/節/許,True,GOLD/SILVER
thưa,踈,U+8E08,64,1,0,0.0,,妹/姝/殊/煉/睡,True,GOLD/SILVER
chức,聀,U+8040,63,2,0,0.0,,取/娥/我/敢/残,True,GOLD/SILVER
chước,斫,U+65AB,62,2,0,0.0,,仰/作/列/刷/劝,True,GOLD/SILVER
khóc,哭,U+54ED,62,1,0,0.0,,哭/災/突/笑/𰩬,True,GOLD/SILVER
kẻo,矯,U+77EF,62,1,0,0.0,,冠/屬/犒/矯/腐,True,GOLD/SILVER
áo,襖,U+8956,59,1,0,0.0,,俟/禊/禋/禎/禝,True,GOLD/SILVER
sẽ,仕,U+4ED5,58,1,0,0.0,,仕/付/伴,True,GOLD
bỏ,𥙷,U+25677,57,1,0,0.0,,掩/斾/𥙷,True,GOLD/SILVER
cùng,穷,U+7A77,57,1,0,0.0,,亦/剪/好/定/察,True,GOLD/SILVER
dù,油,U+6CB9,57,1,0,0.0,,油/神/迪,True,GOLD/SILVER
thật,实,U+5B9E,57,1,0,0.0,,㬰/契/宋/实/座,True,GOLD/SILVER
nói,内,U+5185,55,1,0,0.0,,内/呬/咽/哂/四,True,GOLD/SILVER
ong,翁,U+7FC1,54,1,0,0.0,,坌/并/弃/弇/翁,True,GOLD/SILVER
trả,把,U+628A,53,1,0,0.0,,把/昭/犯/船,True,GOLD/SILVER
cả,哿,U+54FF,52,2,0,0.0,,冊/冬/哿/守/将,True,GOLD/SILVER
đây,低,U+4F4E,52,1,0,0.0,,似/低/爬,True,GOLD/SILVER
mười,邁,U+9081,50,1,0,0.0,,通/逼/遇/遍/過,True,GOLD/SILVER
tớ,四,U+56DB,50,1,0,0.0,,四,True,GOLD
bề,皮,U+76AE,49,1,0,0.0,,及/友/度/波/犮,True,GOLD/SILVER
chưa,渚,U+6E1A,49,2,0,0.0,,堵/昇/法/消/涛,True,GOLD/SILVER
nay,尼,U+5C3C,48,1,0,0.0,,云/卷/右/君/尺,True,GOLD/SILVER
thí,施,U+65BD,48,1,0,0.0,,庭/施/証,True,GOLD/SILVER
giục,逐,U+9010,47,1,0,0.0,,極/迅/迎/返/迩,True,GOLD/SILVER
láng,朗,U+6717,44,1,0,0.0,,朗,True,GOLD
điều,調,U+8ABF,44,1,0,0.0,,姻/朝/調/退,True,GOLD/SILVER
chồng,重,U+91CD,43,1,0,0.0,,奎/重,True,GOLD/SILVER
tốt,卒,U+5352,43,1,0,0.0,,卒/夲/奉/率/辛,True,GOLD/SILVER
bao,包,U+5305,42,1,0,0.0,,乞/包/巳/色/𠮥,True,GOLD/SILVER
giặc,賊,U+8CCA,42,1,0,0.0,,賊/賦,True,GOLD/SILVER
sai,差,U+5DEE,42,1,0,0.0,,差/篇,True,GOLD/SILVER
được,時,U+6642,42,1,0,0.0,,将/時/詩,True,GOLD/SILVER
qua,戈,U+6208,41,1,0,0.0,,戈/戊/戋,True,GOLD/SILVER
địa,地,U+5730,41,1,0,0.0,,地/施/比/池/阤,True,GOLD/SILVER
min,綿,U+7DBF,40,1,0,0.0,,㱕/婢/烰/磊/紹,True,GOLD/SILVER
ngục,獄,U+7344,40,1,0,0.0,,似/微/撼/欲/歓,True,GOLD/SILVER
tay,腮,U+816E,39,1,0,0.0,,咫/理/瑰/緦/腮,True,GOLD/SILVER
thôi,退,U+9000,38,1,0,0.0,,䢖/退/遇/里,True,GOLD/SILVER
xa,車,U+8ECA,38,1,0,0.0,,年/率/車,True,GOLD/SILVER
dưới,𢃄,U+220C4,37,1,0,0.0,,帯/𢃄,True,GOLD/SILVER
hay,咍,U+548D,37,1,0,0.0,,以/似/冶/吃/名,True,GOLD/SILVER
chảy,沚,U+6C9A,35,2,0,0.0,,仙/北/址/征/暑,True,GOLD/SILVER
gửi,改,U+6539,35,1,0,0.0,,改/攺/汶/陵,True,GOLD/SILVER
quê,圭,U+572D,34,1,0,0.0,,圭,True,GOLD
xưng,称,U+79F0,34,1,0,0.0,,存/弥/称/稃/郡,True,GOLD/SILVER
ma,魔,U+9B54,33,1,0,0.0,,億/廣/慰/應/懬,True,GOLD/SILVER
chữ,字,U+5B57,32,2,0,0.0,,与/字/守,True,GOLD/SILVER
hãy,矣,U+77E3,32,1,0,0.0,,多/尺/災/矣/突,True,GOLD/SILVER
liệt,列,U+5217,32,2,0,0.0,,列/到/延,True,GOLD/SILVER
bên,边,U+8FB9,31,1,0,0.0,,也/边,True,GOLD/SILVER
càng,強,U+5F37,31,1,0,0.0,,弘/強/滛/除/雄,True,GOLD/SILVER
liền,蓮,U+84EE,31,1,0,0.0,,厘/蓮/運,True,GOLD/SILVER
em,㛪,U+36EA,30,1,0,0.0,,娩/婉/婘/媚/媿,True,GOLD/SILVER
cao,髙,U+9AD9,29,1,0,0.0,,髙,True,GOLD
thư,書,U+66F8,29,1,0,0.0,,書,True,GOLD
cậy,忌,U+5FCC,28,1,0,0.0,,忌/忘/焉,True,GOLD/SILVER
muôn,門,U+9580,28,1,0,0.0,,之/門/閃,True,GOLD/SILVER
phó,付,U+4ED8,28,1,0,0.0,,付,True,GOLD
sự,亊,U+4E8A,28,1,0,0.0,,亊,True,GOLD
tay,思,U+601D,28,1,0,0.0,,思/理/瑰/緦/魂,True,GOLD/SILVER
xưa,𥘉,U+25609,28,2,0,0.0,,𥘉/𭃡,True,GOLD/SILVER
gặp,及,U+53CA,27,1,0,0.0,,及/反,True,GOLD
không,空,U+7A7A,27,1,0,0.0,,空/𫞹,True,GOLD/SILVER
mát,沫,U+6CAB,27,1,0,0.0,,侏/床/殊/沫/洙,True,GOLD/SILVER
năn,唯,U+552F,26,1,0,0.0,,准/唯/淮/难/雅,True,GOLD/SILVER
chúng,衆,U+8846,25,2,0,0.0,,蠡/衆,True,GOLD/SILVER
chọn,撰,U+64B0,25,1,0,0.0,,庚/復/捶/接/摂,True,GOLD/SILVER
gian,奸,U+5978,25,1,0,0.0,,奸/杆/許,True,GOLD/SILVER
tượng,像,U+50CF,25,1,0,0.0,,像/豫/𰂸,True,GOLD/SILVER
phạm,犯,U+72AF,24,2,0,0.0,,卵/征/犯/肥,True,GOLD/SILVER
tháng,倘,U+5018,24,1,0,0.0,,传/伪/倘/偽/僃,True,GOLD/SILVER
tỏ,訴,U+8A34,24,1,0,0.0,,新/欬/許/訴/詐,True,GOLD/SILVER
bay,悲,U+60B2,23,1,0,0.0,,恋/恐/悲,True,GOLD/SILVER
chùa,厨,U+53A8,23,1,0,0.0,,厨/尉,True,GOLD/SILVER
giê,枝,U+679D,23,2,0,0.0,,伎/岐/技/枝,True,GOLD
lớn,懶,U+61F6,23,1,0,0.0,,廟/懶/搠/順/類,True,GOLD/SILVER
hãm,𨺻,U+28EBB,22,1,0,0.0,,㷔/循/慆/消/𨺻,True,GOLD/SILVER
nhong,戎,U+620E,22,1,0,0.0,,㦯/式/戎/我/氏,True,GOLD/SILVER
ép,押,U+62BC,22,1,0,0.0,,押,True,GOLD
cây,核,U+6838,21,1,0,0.0,,枝/核,True,GOLD/SILVER
hoàng,皇,U+7687,21,1,0,0.0,,皇,True,GOLD
hồ,虖,U+8656,20,1,0,0.0,,虎/𮓙,True,GOLD/SILVER
khăn,巾,U+5DFE,20,2,0,0.0,,巾,True,GOLD
ma,麻,U+9EBB,20,1,0,0.0,,奔/屏/春/腐/麻,True,GOLD/SILVER
thuốc,束,U+675F,20,1,0,0.0,,來/束/荣,True,GOLD/SILVER
chừa,除,U+9664,19,2,0,0.0,,涂/除,True,GOLD/SILVER
câu,枸,U+67B8,19,1,0,0.0,,杓/枸/栒/狗,True,GOLD/SILVER
nghe,宐,U+5B90,18,1,0,0.0,,宐/直/石,True,GOLD/SILVER
vì,位,U+4F4D,18,1,0,0.0,,位/在/𦀇,True,GOLD/SILVER
kẻo,喬,U+55AC,17,1,0,0.0,,喬/鳳/鳶,True,GOLD/SILVER
bán,半,U+534A,15,2,0,0.0,,丰/半/手/申,True,GOLD/SILVER
chứng,証,U+8A3C,15,1,0,0.0,,証,True,GOLD
cãi,改,U+6539,15,1,0,0.0,,㐫/改/攺,True,GOLD/SILVER
ki,其,U+5176,15,1,0,0.0,,其/具/冥/蔞/𫞲,True,GOLD/SILVER
mùi,味,U+5473,15,1,0,0.0,,味/朱,True,GOLD/SILVER
đuối,対,U+5BFE,15,1,0,0.0,,姓/对/対/府/时,True,GOLD/SILVER
chuộc,贖,U+8D16,14,1,0,0.0,,續/賻/贖,True,GOLD/SILVER
chữa,助,U+52A9,14,1,0,0.0,,助/勁,True,GOLD/SILVER
vợ,婦,U+5A66,14,2,0,0.0,,婦/媚,True,GOLD/SILVER
chơi,制,U+5236,13,1,0,0.0,,制/創/𠛴,True,GOLD/SILVER
cám,感,U+611F,13,1,0,0.0,,感,True,GOLD
hư,虚,U+865A,13,1,0,0.0,,虚/𮓡,True,GOLD/SILVER
hỏi,𠳨,U+20CE8,12,1,0,0.0,,匆/妥/安/将/悔,True,GOLD/SILVER
nha,牙,U+7259,12,2,0,0.0,,牙,True,GOLD
mọi,毎,U+6BCE,11,1,0,0.0,,毎,True,GOLD
ti,司,U+53F8,11,1,0,0.0,,刁/可/司,True,GOLD/SILVER
chạy,豸,U+8C78,10,1,0,0.0,,多/家/爱/融/豸,True,GOLD/SILVER
gánh,挭,U+632D,10,1,0,0.0,,押/授/搜,True,GOLD/SILVER
lên,年,U+5E74,10,1,0,0.0,,年/生,True,GOLD
đã,拖,U+62D6,10,1,0,0.0,,乇/屯/托/掩,True,GOLD/SILVER
rừng,楼,U+697C,9,1,0,0.0,,撥/楼/𥟀,True,GOLD/SILVER
vững,凭,U+51ED,9,1,0,0.0,,凭,True,GOLD
hãi,駭,U+99ED,8,1,0,0.0,,駭,True,GOLD
ngay,宜,U+5B9C,8,1,0,0.0,,宜/宣/直,True,GOLD
năm,𠄼,U+2013C,8,1,0,0.0,,朝/瓠/郁/酢/面,True,GOLD/SILVER
phòng,房,U+623F,8,1,0,0.0,,房,True,GOLD
trước,略,U+7565,8,1,0,0.0,,呧/略,True,GOLD/SILVER
tường,詳,U+8A73,8,2,0,0.0,,詳,True,GOLD
chung,終,U+7D42,7,1,0,0.0,,籐/終,True,GOLD/SILVER
du,𠱋,U+20C4B,7,1,0,0.0,,由,True,GOLD
lại,耒,U+8012,7,1,0,0.0,,本/述,True,GOLD/SILVER
xanh,撑,U+6491,7,1,0,0.0,,撑,True,GOLD
đổ,堵,U+5835,7,1,0,0.0,,坊/堵,True,GOLD/SILVER
đừng,仃,U+4EC3,7,1,0,0.0,,仃/灯,True,GOLD
chầu,朝,U+671D,6,1,0,0.0,,朝/霸,True,GOLD/SILVER
coi,瑰,U+7470,6,1,0,0.0,,塊/瑰/魂/魏,True,GOLD/SILVER
mua,模,U+6A21,6,2,0,0.0,,模,True,GOLD
nhiệm,冉,U+5189,6,1,0,0.0,,冉,True,GOLD
phô,鋪,U+92EA,6,1,0,0.0,,鋪,True,GOLD
tràng,長,U+9577,6,1,0,0.0,,長,True,GOLD
tăm,沁,U+6C81,6,1,0,0.0,,沁/沱,True,GOLD/SILVER
ngôi,嵬,U+5D6C,5,1,0,0.0,,嵬,True,GOLD
túi,碎,U+788E,5,1,0,0.0,,殚/碎,True,GOLD/SILVER
vỡ,破,U+7834,5,1,0,0.0,,伎/破,True,GOLD/SILVER
bạc,白,U+767D,4,1,0,0.0,,日/白,True,GOLD
kéo,矯,U+77EF,4,1,0,0.0,,矯,True,GOLD
một,墓,U+5893,4,1,0,0.0,,喚/墓/暮,True,GOLD
nương,娘,U+5A18,4,1,0,0.0,,娘,True,GOLD
nước,於,U+65BC,4,1,0,0.0,,於/落/𣸪,True,GOLD/SILVER
trở,呂,U+5442,4,1,0,0.0,,呂,True,GOLD
đều,調,U+8ABF,4,1,0,0.0,,調,True,GOLD
ơn,㤙,U+3919,4,1,0,0.0,,㤙,True,GOLD
chung,终,U+7EC8,3,1,0,0.0,,癸/终,True,GOLD/SILVER
men,绵,U+7EF5,3,1,0,0.0,,歸/錦,True,GOLD/SILVER
ngang,昂,U+6602,3,1,0,0.0,,昂,True,GOLD
gởi,改,U+6539,2,1,0,0.0,,改,True,GOLD
nhau,澆,U+6F86,2,1,0,0.0,,澆,True,GOLD
thúng,統,U+7D71,2,1,0,0.0,,統,True,GOLD
thủ,守,U+5B88,2,1,0,0.0,,守,True,GOLD
vườn,園,U+5712,2,1,0,0.0,,園,True,GOLD
xui,吹,U+5439,2,1,0,0.0,,吹/次,True,GOLD
đeo,刀,U+5200,2,1,0,0.0,,刀,True,GOLD
đổ,覩,U+89A9,2,1,0,0.0,,覩,True,GOLD
búa,鈽,U+923D,1,1,0,0.0,,鈍,True,GOLD
già,迦,U+8FE6,1,1,0,0.0,,迦,True,GOLD
lộc,碌,U+788C,1,1,0,0.0,,碌,True,GOLD
lội,沫,U+6CAB,1,1,0,0.0,,沫,True,GOLD
ma,藦,U+85E6,1,1,0,0.0,,鬱,True,GOLD
nước,國,U+570B,1,1,0,0.0,,園,True,GOLD
rình,冷,U+51B7,1,1,0,0.0,,冷,True,GOLD
sau,畧,U+7567,1,1,0,0.0,,畧,True,GOLD
thị,示,U+793A,1,1,0,0.0,,示,True,GOLD
tranh,爭,U+722D,1,1,0,0.0,,爭,True,GOLD
trong,盅,U+76C5,1,1,0,0.0,,書,True,GOLD
truyện,伝,U+4F1D,1,1,0,0.0,,信,True,GOLD
tung,嵩,U+5D69,1,1,0,0.0,,嵩,True,GOLD
vàng,旁,U+65C1,1,1,0,0.0,,旁,True,GOLD
đạn,殚,U+6B9A,1,1,0,0.0,,殚,True,GOLD
