source_row,image,book,page,column,ocr_char,syllable,label,unicode,label_level,tier,rule,s3_cosine,ink_pct,crop_w,crop_h,image_md5,seg_flag,split,split_group,bbox,stratum,design_weight,item_id,audit_order
30728,syllable/yen4_page_0038_c08_172.png,yen4,page_0038,8,皇,thánh,,,syllable,SYLLABLE,nghia_consensus,0.266,0.152,90.0,98.0,350a12d6f31c,ok,test,yen4|page_0038|c8,"[266, 1360, 340, 1444]",nghia_consensus,22.503333333333334,733fa11cccfb0ea2,0
13243,syllable/yen2_page_0156_c01_013.png,yen2,page_0156,1,咄,hai,,,syllable,SYLLABLE,nghia_consensus,0.162,0.195,123.0,121.0,8b089c691720,ok,train,yen2|page_0156|c1,"[1436, 1676, 1539, 1786]",nghia_consensus,22.503333333333334,e07f528ddaf96e2e,1
33518,syllable/yen4_page_0068_c06_127.png,yen4,page_0068,6,至,thánh,,,syllable,SYLLABLE,nghia_consensus,0.203,0.144,77.0,94.0,0306873bd31c,ok,train,yen4|page_0068|c6,"[479, 955, 552, 1031]",nghia_consensus,22.503333333333334,c11eeb0c6f4d773b,2
16631,syllable/yen2_page_0196_c06_083.png,yen2,page_0196,6,𭔿,ông,,,syllable,SYLLABLE,nghia_consensus,0.081,0.21,119.0,170.0,23ade012123e,ok,test,yen2|page_0196|c6,"[649, 1609, 756, 1747]",nghia_consensus,22.503333333333334,e21ee27449f98bd4,3
74308,syllable/yen11_page_0214_c05_087.png,yen11,page_0214,5,之,pha,,,syllable,SYLLABLE,nghia_consensus,0.111,0.161,80.0,142.0,a082a904a911,ok,test,yen11|page_0214|c5,"[843, 698, 945, 814]",nghia_consensus,22.503333333333334,b820bb16418a6dd2,4
10652,syllable/yen2_page_0124_c09_172.png,yen2,page_0124,9,𭃡,xưa,,,syllable,SYLLABLE,nghia_consensus,0.055,0.141,125.0,148.0,973e9b000011,ok,train,yen2|page_0124|c9,"[204, 661, 309, 787]",nghia_consensus,22.503333333333334,ba1147d2dfccc353,5
38900,syllable/yen4_page_0128_c04_073.png,yen4,page_0128,4,爾,trời,,,syllable,SYLLABLE,nghia_consensus,0.429,0.153,78.0,80.0,1303e9894de1,ok,train,yen4|page_0128|c4,"[646, 700, 719, 771]",nghia_consensus,22.503333333333334,bbb499a276ea6e6e,6
11298,syllable/yen2_page_0132_c03_043.png,yen2,page_0132,3,嬢,mẹ,,,syllable,SYLLABLE,nghia_consensus,0.318,0.252,119.0,138.0,3369dd493196,ok,train,yen2|page_0132|c3,"[1109, 657, 1214, 769]",nghia_consensus,22.503333333333334,a8d5913bdf9206ca,7
8663,syllable/yen2_page_0104_c02_025.png,yen2,page_0104,2,𭄞,đức,,,syllable,SYLLABLE,nghia_consensus,0.046,0.232,99.0,140.0,6513ba0a48d1,ok,train,yen2|page_0104|c2,"[1290, 766, 1394, 880]",nghia_consensus,22.503333333333334,8e6289fb2cf6f661,8
3146,syllable/yen2_page_0044_c07_130.png,yen2,page_0044,7,𭃡,xưa,,,syllable,SYLLABLE,nghia_consensus,0.159,0.208,114.0,155.0,93a049819807,ok,train,yen2|page_0044|c7,"[518, 689, 622, 814]",nghia_consensus,22.503333333333334,b1350e04d3e28486,9
4795,syllable/yen2_page_0062_c03_060.png,yen2,page_0062,3,知,đức,,,syllable,SYLLABLE,nghia_consensus,0.067,0.183,107.0,137.0,2c45f664b590,ok,train,yen2|page_0062|c3,"[1135, 2157, 1239, 2268]",nghia_consensus,22.503333333333334,ca13d2993d390374,10
66420,syllable/yen11_page_0132_c01_014.png,yen11,page_0132,1,常,và,,,syllable,SYLLABLE,nghia_consensus,0.175,0.183,66.0,137.0,97e1cfa75cc9,tall,val,yen11|page_0132|c1,"[1491, 1649, 1594, 1760]",nghia_consensus,22.503333333333334,17e14d4818c291b4,11
64916,syllable/yen11_page_0116_c01_015.png,yen11,page_0116,1,人,ấy,,,syllable,SYLLABLE,nghia_consensus,0.106,0.126,96.0,140.0,48a04fee0a3c,ok,train,yen11|page_0116|c1,"[1514, 1831, 1618, 1945]",nghia_consensus,22.503333333333334,6d2df2b4a2b5a195,12
38635,syllable/yen4_page_0126_c01_007.png,yen4,page_0126,1,得,ngày,,,syllable,SYLLABLE,nghia_consensus,0.488,0.149,73.0,96.0,0efa57eb8f5e,ok,train,yen4|page_0126|c1,"[952, 727, 1020, 805]",nghia_consensus,22.503333333333334,30e235c99ce08b2a,13
30154,syllable/yen4_page_0032_c09_162.png,yen4,page_0032,9,貯,gần,,,syllable,SYLLABLE,nghia_consensus,0.132,0.133,64.0,109.0,9200774c6c7d,ok,train,yen4|page_0032|c9,"[159, 541, 237, 630]",nghia_consensus,22.503333333333334,28576a7600e22954,14
74047,syllable/yen11_page_0212_c01_015.png,yen11,page_0212,1,槎,si,,,syllable,SYLLABLE,nghia_consensus,0.585,0.145,93.0,155.0,cbbf22e1bb0a,ok,train,yen11|page_0212|c1,"[1478, 1925, 1584, 2050]",nghia_consensus,22.503333333333334,522a1046f4e56fa0,15
70210,syllable/yen11_page_0170_c08_106.png,yen11,page_0170,8,移,ri,,,syllable,SYLLABLE,nghia_consensus,0.148,0.208,92.0,135.0,a337218a99ee,ok,train,yen11|page_0170|c8,"[410, 2225, 509, 2334]",nghia_consensus,22.503333333333334,576bef574cff661d,16
71162,syllable/yen11_page_0180_c08_171.png,yen11,page_0180,8,炤,lửa,,,syllable,SYLLABLE,nghia_consensus,0.722,0.162,109.0,150.0,2114dfdf6bd7,ok,test,yen11|page_0180|c8,"[441, 2112, 551, 2234]",nghia_consensus,22.503333333333334,924b47f9911ba2f8,17
6377,syllable/yen2_page_0078_c09_170.png,yen2,page_0078,9,而,làm,,,syllable,SYLLABLE,nghia_consensus,0.61,0.186,107.0,138.0,37f9900359e8,ok,train,yen2|page_0078|c9,"[263, 655, 367, 767]",nghia_consensus,22.503333333333334,0da652714dc76046,18
34758,syllable/yen4_page_0082_c02_031.png,yen4,page_0082,2,身,người,,,syllable,SYLLABLE,nghia_consensus,0.162,0.168,67.0,88.0,5f3da1b3456c,ok,train,yen4|page_0082|c2,"[865, 820, 938, 897]",nghia_consensus,22.503333333333334,e138b491016ea5e4,19
58997,syllable/yen11_page_0048_c07_139.png,yen11,page_0048,7,篭,xuống,,,syllable,SYLLABLE,nghia_consensus,0.154,0.167,140.0,147.0,aaf44cbcbb53,ok,train,yen11|page_0048|c7,"[518, 1462, 632, 1587]",nghia_consensus,22.503333333333334,bd50cdb77dfabc93,20
16034,syllable/yen2_page_0188_c08_146.png,yen2,page_0188,8,願,nguyên,,,syllable,SYLLABLE,nghia_consensus,0.682,0.244,138.0,161.0,8d42b52c071b,ok,train,yen2|page_0188|c8,"[319, 1943, 431, 2074]",nghia_consensus,22.503333333333334,03adbade93f8c1c7,21
55309,syllable/yen4_page_0304_c01_002.png,yen4,page_0304,1,而,làm,,,syllable,SYLLABLE,nghia_consensus,0.435,0.159,63.0,93.0,03422b5b7979,ok,train,yen4|page_0304|c1,"[987, 359, 1056, 434]",nghia_consensus,22.503333333333334,7ba747a4dd186b2e,22
15854,syllable/yen2_page_0186_c07_132.png,yen2,page_0186,7,漂,lăm,,,syllable,SYLLABLE,nghia_consensus,0.034,0.295,141.0,140.0,cb29ecded4df,ok,train,yen2|page_0186|c7,"[488, 2422, 603, 2536]",nghia_consensus,22.503333333333334,e3e636d7b2b9e9c3,23
40703,syllable/yen4_page_0148_c02_034.png,yen4,page_0148,2,因,có,,,syllable,SYLLABLE,nghia_consensus,0.772,0.177,73.0,80.0,b71b0ff3678a,ok,train,yen4|page_0148|c2,"[853, 1060, 918, 1137]",nghia_consensus,22.503333333333334,1f4bf1f9d396a9c8,24
56467,syllable/yen11_page_0020_c03_039.png,yen11,page_0020,3,佃,đền,,,syllable,SYLLABLE,nghia_consensus,0.283,0.209,99.0,132.0,d6eda314742d,ok,test,yen11|page_0020|c3,"[1170, 808, 1270, 916]",nghia_consensus,22.503333333333334,626364f4033af203,25
28109,syllable/yen2_page_0330_c08_136.png,yen2,page_0330,8,色,đã,,,syllable,SYLLABLE,nghia_consensus,0.423,0.216,106.0,152.0,e44548575f06,ok,test,yen2|page_0330|c8,"[384, 540, 494, 664]",nghia_consensus,22.503333333333334,e0d506f4ed0da3fd,26
30109,syllable/yen4_page_0032_c07_117.png,yen4,page_0032,7,象,chạy,,,syllable,SYLLABLE,nghia_consensus,0.356,0.173,54.0,78.0,34485ca6926d,ok,train,yen4|page_0032|c7,"[376, 253, 450, 331]",nghia_consensus,22.503333333333334,f05078d26a3cfe77,27
1169,syllable/yen2_page_0024_c03_048.png,yen2,page_0024,3,𭔿,ông,,,syllable,SYLLABLE,nghia_consensus,0.122,0.232,103.0,145.0,b66fb260f380,ok,train,yen2|page_0024|c3,"[1119, 836, 1222, 953]",nghia_consensus,22.503333333333334,1414c6990195483a,28
48603,syllable/yen4_page_0234_c02_009.png,yen4,page_0234,2,𦤳,thánh,,,syllable,SYLLABLE,nghia_consensus,0.308,0.172,70.0,106.0,eba64771d3d5,ok,train,yen4|page_0234|c2,"[865, 309, 938, 395]",nghia_consensus,22.503333333333334,31fa52ee32d97917,29
73546,syllable/yen11_page_0206_c04_072.png,yen11,page_0206,4,妃,bà,,,syllable,SYLLABLE,nghia_consensus,0.36,0.207,107.0,148.0,27d36336d223,ok,train,yen11|page_0206|c4,"[1016, 983, 1118, 1103]",nghia_consensus,22.503333333333334,ad373dadd7fd7285,30
2191,syllable/yen2_page_0034_c06_108.png,yen2,page_0034,6,吞,trời,,,syllable,SYLLABLE,nghia_consensus,0.482,0.2,104.0,151.0,c23a29bb8aa2,ok,train,yen2|page_0034|c6,"[646, 750, 748, 873]",nghia_consensus,22.503333333333334,cfb1eb67acc4cbad,31
47049,syllable/yen4_page_0216_c07_133.png,yen4,page_0216,7,罡,là,,,syllable,SYLLABLE,nghia_consensus,0.079,0.15,86.0,99.0,20750bde900c,ok,train,yen4|page_0216|c7,"[375, 691, 445, 772]",nghia_consensus,22.503333333333334,5a684809ff548be5,32
6997,syllable/yen2_page_0086_c04_072.png,yen2,page_0086,4,𣱵,văng,,,syllable,SYLLABLE,nghia_consensus,0.904,0.206,141.0,142.0,02150c15f015,ok,val,yen2|page_0086|c4,"[990, 861, 1106, 977]",nghia_consensus,22.503333333333334,e8ec1314c4b2abbb,33
65630,syllable/yen11_page_0122_c08_144.png,yen11,page_0122,8,計,ghê,,,syllable,SYLLABLE,nghia_consensus,0.839,0.213,88.0,137.0,09ad353c2de1,ok,train,yen11|page_0122|c8,"[436, 1762, 535, 1873]",nghia_consensus,22.503333333333334,e6f022a21be77183,34
49456,syllable/yen4_page_0242_c06_114.png,yen4,page_0242,6,移,ri,,,syllable,SYLLABLE,nghia_consensus,0.113,0.218,62.0,86.0,04dc3a4f7a1a,ok,train,yen4|page_0242|c6,"[518, 1265, 588, 1340]",nghia_consensus,22.503333333333334,16c40c359df9ecee,35
59005,syllable/yen11_page_0048_c07_147.png,yen11,page_0048,7,凜,lăm,,,syllable,SYLLABLE,nghia_consensus,0.746,0.249,109.0,158.0,2ecaef52b721,ok,train,yen11|page_0048|c7,"[530, 2272, 640, 2400]",nghia_consensus,22.503333333333334,d84a8ba85a54a7a5,36
64371,syllable/yen11_page_0110_c03_043.png,yen11,page_0110,3,𭴾,vồ,,,syllable,SYLLABLE,nghia_consensus,0.181,0.2,121.0,151.0,5f6f085d22f9,ok,train,yen11|page_0110|c3,"[1167, 654, 1280, 777]",nghia_consensus,22.503333333333334,0b8fe00571721f61,37
24286,syllable/yen2_page_0286_c04_070.png,yen2,page_0286,4,而,làm,,,syllable,SYLLABLE,nghia_consensus,0.319,0.241,92.0,146.0,afd59195605b,ok,train,yen2|page_0286|c4,"[969, 2407, 1079, 2529]",nghia_consensus,22.503333333333334,7d6082b91caed04d,38
23013,syllable/yen2_page_0272_c03_041.png,yen2,page_0272,3,罡,là,,,syllable,SYLLABLE,nghia_consensus,0.272,0.226,118.0,119.0,f40702aac9a9,ok,train,yen2|page_0272|c3,"[1128, 474, 1245, 588]",nghia_consensus,22.503333333333334,ecdb5eb1e29a48a7,39
46373,syllable/yen4_page_0210_c01_019.png,yen4,page_0210,1,礼,lê,,,syllable,SYLLABLE,nghia_consensus,0.924,0.124,83.0,101.0,db389c44faa0,ok,train,yen4|page_0210|c1,"[995, 1546, 1074, 1629]",nghia_consensus,22.503333333333334,01aa3c52f811df07,40
24298,syllable/yen2_page_0286_c05_082.png,yen2,page_0286,5,肆,sau,,,syllable,SYLLABLE,nghia_consensus,0.149,0.249,127.0,150.0,64ee37e107ab,ok,train,yen2|page_0286|c5,"[830, 1579, 941, 1701]",nghia_consensus,22.503333333333334,9ebbd283f175398c,41
58080,syllable/yen11_page_0036_c04_081.png,yen11,page_0036,4,色,đã,,,syllable,SYLLABLE,nghia_consensus,0.357,0.108,127.0,126.0,5d4d32741656,ok,val,yen11|page_0036|c4,"[1034, 2412, 1137, 2517]",nghia_consensus,22.503333333333334,0d069e7724342656,42
20623,syllable/yen2_page_0244_c03_040.png,yen2,page_0244,3,署,rô,,,syllable,SYLLABLE,nghia_consensus,0.165,0.173,120.0,157.0,05ead8e94b9d,ok,train,yen2|page_0244|c3,"[1150, 760, 1262, 887]",nghia_consensus,22.503333333333334,20adca07960b919c,43
5787,syllable/yen2_page_0072_c08_138.png,yen2,page_0072,8,孔,bắt,,,syllable,SYLLABLE,nghia_consensus,0.111,0.189,112.0,142.0,046f7d8d22c2,ok,train,yen2|page_0072|c8,"[356, 670, 460, 786]",nghia_consensus,22.503333333333334,ac11af85aef786fa,44
32906,syllable/yen4_page_0062_c05_087.png,yen4,page_0062,5,白,làm,,,syllable,SYLLABLE,nghia_consensus,0.371,0.135,74.0,94.0,e36ab3804a6e,ok,train,yen4|page_0062|c5,"[560, 308, 630, 384]",nghia_consensus,22.503333333333334,3c9cd485140e1e11,45
32201,syllable/yen4_page_0054_c07_139.png,yen4,page_0054,7,皇,thánh,,,syllable,SYLLABLE,nghia_consensus,0.111,0.188,57.0,101.0,6e137607edee,ok,train,yen4|page_0054|c7,"[404, 1020, 476, 1103]",nghia_consensus,22.503333333333334,fb0a0582b497ba65,46
23737,syllable/yen2_page_0280_c03_058.png,yen2,page_0280,3,𬒳,xem,,,syllable,SYLLABLE,nghia_consensus,0.075,0.178,116.0,142.0,a78c2a8ec2c6,ok,train,yen2|page_0280|c3,"[1154, 1673, 1263, 1789]",nghia_consensus,22.503333333333334,1e5b4311b4f6c237,47
58055,syllable/yen11_page_0036_c03_056.png,yen11,page_0036,3,用,bấy,,,syllable,SYLLABLE,nghia_consensus,0.47,0.204,109.0,142.0,db9bd0cfb63c,ok,train,yen11|page_0036|c3,"[1204, 2109, 1308, 2225]",nghia_consensus,22.503333333333334,1b98ec44b8d82b87,48
58061,syllable/yen11_page_0036_c04_062.png,yen11,page_0036,4,咽,nói,,,syllable,SYLLABLE,nghia_consensus,0.263,0.195,121.0,137.0,28cdbfdd86e0,ok,val,yen11|page_0036|c4,"[1052, 612, 1157, 723]",nghia_consensus,22.503333333333334,d175e1a30d5ae70a,49
55753,syllable/yen11_page_0012_c04_076.png,yen11,page_0012,4,黑,là,,,syllable,SYLLABLE,nghia_consensus,0.149,0.208,105.0,138.0,858a5cf8799f,ok,train,yen11|page_0012|c4,"[1046, 1556, 1155, 1668]",nghia_consensus,22.503333333333334,7d52f0d44c864a95,50
44635,syllable/yen4_page_0190_c05_087.png,yen4,page_0190,5,肭,thịt,,,syllable,SYLLABLE,nghia_consensus,0.097,0.206,76.0,93.0,b7369daa1046,ok,train,yen4|page_0190|c5,"[583, 366, 655, 441]",nghia_consensus,22.503333333333334,2c6caa011c77fe57,51
39638,syllable/yen4_page_0136_c05_097.png,yen4,page_0136,5,而,làm,,,syllable,SYLLABLE,nghia_consensus,0.126,0.121,78.0,97.0,fb46f48e6f60,ok,train,yen4|page_0136|c5,"[554, 1017, 627, 1096]",nghia_consensus,22.503333333333334,0fec86ee75479365,52
28443,syllable/yen4_page_0014_c06_122.png,yen4,page_0014,6,欲,hết,,,syllable,SYLLABLE,nghia_consensus,0.708,0.213,72.0,100.0,2d6aa8f88c24,ok,train,yen4|page_0014|c6,"[474, 653, 550, 735]",nghia_consensus,22.503333333333334,bedea83e7007543c,53
4136,syllable/yen2_page_0054_c09_173.png,yen2,page_0054,9,好,đức,,,syllable,SYLLABLE,nghia_consensus,0.026,0.257,117.0,124.0,5ec202f9c96f,ok,train,yen2|page_0054|c9,"[230, 1982, 329, 2082]",nghia_consensus,22.503333333333334,0bdc4ade28452482,54
59661,syllable/yen11_page_0056_c02_022.png,yen11,page_0056,2,㸔,khen,,,syllable,SYLLABLE,nghia_consensus,0.347,0.159,115.0,120.0,d78f7f5fa101,ok,train,yen11|page_0056|c2,"[1334, 465, 1445, 579]",nghia_consensus,22.503333333333334,4fa56b01ca2d4dc2,55
11548,syllable/yen2_page_0134_c06_112.png,yen2,page_0134,6,𭄞,đức,,,syllable,SYLLABLE,nghia_consensus,0.061,0.263,114.0,149.0,71a288939b83,ok,val,yen2|page_0134|c6,"[702, 940, 809, 1061]",nghia_consensus,22.503333333333334,001a30d088b74e2a,56
48837,syllable/yen4_page_0236_c04_065.png,yen4,page_0236,4,林,lem,,,syllable,SYLLABLE,nghia_consensus,0.854,0.134,91.0,98.0,dd455871f616,ok,train,yen4|page_0236|c4,"[672, 902, 754, 982]",nghia_consensus,22.503333333333334,c959d2b9dea57bdf,57
34038,syllable/yen4_page_0074_c04_086.png,yen4,page_0074,4,丑,cùng,,,syllable,SYLLABLE,nghia_consensus,0.367,0.155,63.0,93.0,6b25e0869fde,ok,train,yen4|page_0074|c4,"[661, 1343, 732, 1418]",nghia_consensus,22.503333333333334,de2ba4e650e7d44e,58
74780,syllable/yen11_page_0218_c08_169.png,yen11,page_0218,8,人,ấy,,,syllable,SYLLABLE,nghia_consensus,0.111,0.169,109.0,145.0,1b1fdf230974,ok,test,yen11|page_0218|c8,"[387, 2247, 488, 2364]",nghia_consensus,22.503333333333334,b9f795f9796e1220,59
35352,syllable/yen4_page_0088_c03_044.png,yen4,page_0088,3,噐,là,,,syllable,SYLLABLE,nghia_consensus,0.128,0.164,77.0,88.0,863e1de71326,ok,test,yen4|page_0088|c3,"[765, 1099, 835, 1171]",nghia_consensus,22.503333333333334,01324a0f154f8d7d,60
44942,syllable/yen4_page_0194_c02_038.png,yen4,page_0194,2,之,pha,,,syllable,SYLLABLE,nghia_consensus,0.043,0.155,65.0,92.0,66c5c02cc22f,ok,train,yen4|page_0194|c2,"[881, 1265, 953, 1341]",nghia_consensus,22.503333333333334,1630eaed9d5f0fe0,61
55371,syllable/yen4_page_0304_c03_064.png,yen4,page_0304,3,之,pha,,,syllable,SYLLABLE,nghia_consensus,0.09,0.101,90.0,93.0,f045d65e85e1,ok,train,yen4|page_0304|c3,"[797, 1504, 871, 1584]",nghia_consensus,22.503333333333334,d5fee9d5f8c1ac90,62
13746,syllable/yen2_page_0162_c01_007.png,yen2,page_0162,1,𡖋,làm,,,syllable,SYLLABLE,nghia_consensus,0.266,0.193,125.0,151.0,aadab092ac33,ok,train,yen2|page_0162|c1,"[1454, 1179, 1562, 1302]",nghia_consensus,22.503333333333334,59f2f60da1d9c67c,63
33506,syllable/yen4_page_0068_c05_115.png,yen4,page_0068,5,祠,vua,,,syllable,SYLLABLE,nghia_consensus,0.076,0.162,85.0,73.0,6a3106ffe55f,ok,train,yen4|page_0068|c5,"[581, 1593, 653, 1660]",nghia_consensus,22.503333333333334,e26e027ed7e808af,64
56463,syllable/yen11_page_0020_c03_035.png,yen11,page_0020,3,閑,mọn,,,syllable,SYLLABLE,nghia_consensus,0.487,0.191,106.0,122.0,9c624abaeee5,ok,test,yen11|page_0020|c3,"[1164, 464, 1276, 567]",nghia_consensus,22.503333333333334,22591b32eadfa7a0,65
52827,syllable/yen4_page_0278_c05_110.png,yen4,page_0278,5,詩,thì,,,syllable,SYLLABLE,nghia_consensus,0.06,0.188,134.0,149.0,11f18e717f9b,ok,train,yen4|page_0278|c5,"[836, 1900, 946, 2021]",nghia_consensus,22.503333333333334,c3845b68021ba5ca,66
667,syllable/yen2_page_0018_c06_118.png,yen2,page_0018,6,六,làm,,,syllable,SYLLABLE,nghia_consensus,0.296,0.197,100.0,141.0,26a5e8897982,ok,train,yen2|page_0018|c6,"[666, 1173, 770, 1288]",nghia_consensus,22.503333333333334,25305b3abdf5243e,67
67565,syllable/yen11_page_0142_c09_185.png,yen11,page_0142,9,万,đức,,,syllable,SYLLABLE,nghia_consensus,0.073,0.132,92.0,132.0,0f504c755f2e,ok,train,yen11|page_0142|c9,"[246, 1368, 342, 1476]",nghia_consensus,22.503333333333334,091846d5b3e7b5ea,68
67634,syllable/yen11_page_0144_c03_057.png,yen11,page_0144,3,用,bấy,,,syllable,SYLLABLE,nghia_consensus,0.332,0.209,86.0,138.0,314e4e785c9d,ok,train,yen11|page_0144|c3,"[1187, 1628, 1287, 1740]",nghia_consensus,22.503333333333334,e3097283a2ead15b,69
25975,syllable/yen2_page_0306_c03_044.png,yen2,page_0306,3,㸔,khen,,,syllable,SYLLABLE,nghia_consensus,0.248,0.232,124.0,159.0,d529ab70e13d,ok,train,yen2|page_0306|c3,"[1133, 1122, 1245, 1251]",nghia_consensus,22.503333333333334,a427b542c34350c0,70
5700,syllable/yen2_page_0072_c03_051.png,yen2,page_0072,3,羅,trước,,,syllable,SYLLABLE,nghia_consensus,0.294,0.274,126.0,149.0,fd772eab1059,ok,train,yen2|page_0072|c3,"[1119, 1922, 1228, 2043]",nghia_consensus,22.503333333333334,63505932c1e1e795,71
39248,syllable/yen4_page_0132_c04_034.png,yen4,page_0132,4,𦤳,thánh,,,syllable,SYLLABLE,nghia_consensus,0.143,0.156,68.0,99.0,ac5d76a2fd53,ok,train,yen4|page_0132|c4,"[669, 298, 741, 379]",nghia_consensus,22.503333333333334,da0f9c1a1cc1948c,72
7774,syllable/yen2_page_0094_c03_066.png,yen2,page_0094,3,好,đức,,,syllable,SYLLABLE,nghia_consensus,0.037,0.209,127.0,135.0,aff1c1e0cb6c,ok,train,yen2|page_0094|c3,"[1128, 2136, 1234, 2245]",nghia_consensus,22.503333333333334,69abc3c18626a209,73
40994,syllable/yen4_page_0150_c08_159.png,yen4,page_0150,8,鲁,rô,,,syllable,SYLLABLE,nghia_consensus,0.037,0.188,71.0,96.0,f90d56694150,ok,train,yen4|page_0150|c8,"[282, 342, 350, 420]",nghia_consensus,22.503333333333334,2b6f0971e2d5bcb5,74
66900,syllable/yen11_page_0136_c05_108.png,yen11,page_0136,5,嘿,ra,,,syllable,SYLLABLE,nghia_consensus,0.04,0.139,102.0,128.0,ae641e6267e1,ok,val,yen11|page_0136|c5,"[945, 2045, 1044, 2149]",nghia_consensus,22.503333333333334,1bb3e17e388bd077,75
15133,syllable/yen2_page_0178_c05_078.png,yen2,page_0178,5,䏻,đi,,,syllable,SYLLABLE,nghia_consensus,0.338,0.284,107.0,158.0,d7789ab5eaad,ok,test,yen2|page_0178|c5,"[840, 912, 944, 1040]",nghia_consensus,22.503333333333334,e88b53dc92fb5b8e,76
24321,syllable/yen2_page_0286_c06_105.png,yen2,page_0286,6,冊,là,,,syllable,SYLLABLE,nghia_consensus,0.385,0.164,127.0,140.0,d4d06541876d,ok,train,yen2|page_0286|c6,"[673, 1762, 782, 1876]",nghia_consensus,22.503333333333334,3b866fca855a5c02,77
61837,syllable/yen11_page_0078_c07_148.png,yen11,page_0078,7,茂,một,,,syllable,SYLLABLE,nghia_consensus,0.207,0.167,85.0,142.0,9fc29204263b,ok,test,yen11|page_0078|c7,"[525, 1997, 625, 2113]",nghia_consensus,22.503333333333334,f69493d3f224e9d2,78
56347,syllable/yen11_page_0018_c05_089.png,yen11,page_0018,5,色,đã,,,syllable,SYLLABLE,nghia_consensus,0.38,0.219,86.0,142.0,32c6f9e0dbe6,ok,train,yen11|page_0018|c5,"[871, 783, 976, 899]",nghia_consensus,22.503333333333334,7cd8418629bf6352,79
68829,syllable/yen11_page_0156_c04_076.png,yen11,page_0156,4,餘,thờ,,,syllable,SYLLABLE,nghia_consensus,0.165,0.252,124.0,138.0,a84e0f239b17,ok,train,yen11|page_0156|c4,"[1033, 1125, 1141, 1237]",nghia_consensus,22.503333333333334,823b88fc32a29f85,80
56601,syllable/yen11_page_0020_c08_173.png,yen11,page_0020,8,厅,đức,,,syllable,SYLLABLE,nghia_consensus,0.024,0.195,103.0,120.0,5854619c94e6,ok,val,yen11|page_0020|c8,"[419, 2184, 520, 2282]",nghia_consensus,22.503333333333334,21532caf199c8e2c,81
42976,syllable/yen4_page_0172_c01_014.png,yen4,page_0172,1,𢙣,hồn,,,syllable,SYLLABLE,nghia_consensus,0.031,0.173,66.0,87.0,d47d8ba0094a,ok,train,yen4|page_0172|c1,"[946, 1096, 1017, 1167]",nghia_consensus,22.503333333333334,ef1575b9b8b9ff9d,82
3261,syllable/yen2_page_0046_c03_055.png,yen2,page_0046,3,煜,lửa,,,syllable,SYLLABLE,nghia_consensus,0.041,0.247,104.0,145.0,375f68bdd9cd,ok,train,yen2|page_0046|c3,"[1142, 1644, 1240, 1761]",nghia_consensus,22.503333333333334,97b9b1282785b19e,83
65103,syllable/yen11_page_0118_c01_010.png,yen11,page_0118,1,白,làm,,,syllable,SYLLABLE,nghia_consensus,0.344,0.149,117.0,138.0,c39d658adf72,ok,train,yen11|page_0118|c1,"[1487, 1569, 1607, 1681]",nghia_consensus,22.503333333333334,809b099136920ee7,84
17437,syllable/yen2_page_0206_c04_074.png,yen2,page_0206,4,卄,là,,,syllable,SYLLABLE,nghia_consensus,0.137,0.235,145.0,141.0,0c63d194b8c8,ok,train,yen2|page_0206|c4,"[985, 2424, 1102, 2539]",nghia_consensus,22.503333333333334,4328099d7b713614,85
29488,syllable/yen4_page_0026_c01_005.png,yen4,page_0026,1,例,vua,,,syllable,SYLLABLE,nghia_consensus,0.065,0.153,83.0,100.0,b64545ec311b,ok,train,yen4|page_0026|c1,"[965, 602, 1039, 684]",nghia_consensus,22.503333333333334,70daa151fb2974c2,86
74082,syllable/yen11_page_0212_c03_050.png,yen11,page_0212,3,昇,người,,,syllable,SYLLABLE,nghia_consensus,0.202,0.174,91.0,140.0,c7d128fc4107,ok,train,yen11|page_0212|c3,"[1173, 1251, 1278, 1365]",nghia_consensus,22.503333333333334,5074efb790b58a45,87
42398,syllable/yen4_page_0166_c01_018.png,yen4,page_0166,1,三,đến,,,syllable,SYLLABLE,nghia_consensus,0.191,0.127,78.0,95.0,cdada7f8ded7,ok,train,yen4|page_0166|c1,"[957, 1468, 1030, 1546]",nghia_consensus,22.503333333333334,b3303cd95dd39287,88
80926,syllable/yen11_page_0284_c08_140.png,yen11,page_0284,8,弇,ông,,,syllable,SYLLABLE,nghia_consensus,0.375,0.172,96.0,128.0,7b98629efb6a,ok,train,yen11|page_0284|c8,"[419, 2402, 523, 2513]",nghia_consensus,22.503333333333334,8c2cb8a65bcce3c1,89
28728,syllable/yen4_page_0018_c01_001.png,yen4,page_0018,1,皇,thánh,,,syllable,SYLLABLE,nghia_consensus,0.062,0.15,56.0,86.0,57b2fc5341da,ok,train,yen4|page_0018|c1,"[940, 384, 1011, 454]",nghia_consensus,22.503333333333334,85ca65f8da70f53d,90
53794,syllable/yen4_page_0288_c03_054.png,yen4,page_0288,3,而,làm,,,syllable,SYLLABLE,nghia_consensus,0.215,0.155,79.0,86.0,a45a847aa730,ok,train,yen4|page_0288|c3,"[758, 828, 823, 898]",nghia_consensus,22.503333333333334,fe19be60b8fa3014,91
78196,syllable/yen11_page_0256_c04_071.png,yen11,page_0256,4,勿,đức,,,syllable,SYLLABLE,nghia_consensus,0.026,0.164,87.0,129.0,236cf2bdea0d,ok,train,yen11|page_0256|c4,"[1053, 814, 1156, 929]",nghia_consensus,22.503333333333334,3ffa492b78e669bf,92
35444,syllable/yen4_page_0088_c07_136.png,yen4,page_0088,7,而,làm,,,syllable,SYLLABLE,nghia_consensus,0.206,0.159,68.0,96.0,c4a1b61699d8,ok,train,yen4|page_0088|c7,"[352, 1237, 423, 1315]",nghia_consensus,22.503333333333334,f6af1e12c7686c63,93
79369,syllable/yen11_page_0268_c06_108.png,yen11,page_0268,6,方,đức,,,syllable,SYLLABLE,nghia_consensus,0.284,0.134,95.0,107.0,20eeaa564667,ok,train,yen11|page_0268|c6,"[727, 436, 827, 538]",nghia_consensus,22.503333333333334,d9a29f77f1feaea1,94
33009,syllable/yen4_page_0062_c09_190.png,yen4,page_0062,9,乕,phải,,,syllable,SYLLABLE,nghia_consensus,0.12,0.173,68.0,92.0,7b1302df4483,ok,train,yen4|page_0062|c9,"[164, 1262, 238, 1338]",nghia_consensus,22.503333333333334,f2d99f4a255078a9,95
51994,syllable/yen4_page_0270_c02_038.png,yen4,page_0270,2,愈,trời,,,syllable,SYLLABLE,nghia_consensus,0.037,0.163,69.0,90.0,e3abaf28b473,ok,val,yen4|page_0270|c2,"[883, 1269, 954, 1347]",nghia_consensus,22.503333333333334,a5e391cb629503ff,96
20142,syllable/yen2_page_0238_c04_060.png,yen2,page_0238,4,要,là,,,syllable,SYLLABLE,nghia_consensus,0.542,0.165,111.0,157.0,7ae3be02afee,ok,train,yen2|page_0238|c4,"[998, 701, 1105, 828]",nghia_consensus,22.503333333333334,bcdb37e984b0e8fe,97
22318,syllable/yen2_page_0264_c04_066.png,yen2,page_0264,4,百,làm,,,syllable,SYLLABLE,nghia_consensus,0.106,0.182,133.0,145.0,3e1cb62fa28b,ok,train,yen2|page_0264|c4,"[974, 835, 1087, 952]",nghia_consensus,22.503333333333334,53340dd7b2ee2019,98
81035,syllable/yen11_page_0286_c05_087.png,yen11,page_0286,5,槎,si,,,syllable,SYLLABLE,nghia_consensus,0.64,0.258,109.0,138.0,5ab7fedc7a93,ok,train,yen11|page_0286|c5,"[856, 784, 956, 896]",nghia_consensus,22.503333333333334,79ade4c7f9ccf237,99
6754,syllable/yen2_page_0082_c09_177.png,yen2,page_0082,9,茂,một,,,syllable,SYLLABLE,nghia_consensus,0.17,0.206,116.0,148.0,8a950e9865c9,ok,train,yen2|page_0082|c9,"[208, 1908, 312, 2028]",nghia_consensus,22.503333333333334,87a9c2beab305cab,100
52557,syllable/yen4_page_0276_c02_023.png,yen4,page_0276,2,皇,thánh,,,syllable,SYLLABLE,nghia_consensus,0.286,0.159,65.0,95.0,b80e91e8d95e,ok,val,yen4|page_0276|c2,"[853, 464, 922, 541]",nghia_consensus,22.503333333333334,672e7acd0adaf526,101
16347,syllable/yen2_page_0192_c07_127.png,yen2,page_0192,7,好,đức,,,syllable,SYLLABLE,nghia_consensus,0.078,0.248,121.0,168.0,538a41e37eea,ok,train,yen2|page_0192|c7,"[481, 2168, 590, 2304]",nghia_consensus,22.503333333333334,a156c9a651084b95,102
76766,syllable/yen11_page_0242_c02_022.png,yen11,page_0242,2,畨,u,,,syllable,SYLLABLE,nghia_consensus,0.108,0.214,114.0,152.0,2b8eb3b64743,ok,train,yen11|page_0242|c2,"[1311, 665, 1416, 789]",nghia_consensus,22.503333333333334,0c1415a13f71fbd8,103
66663,syllable/yen11_page_0134_c04_075.png,yen11,page_0134,4,衣,i,,,syllable,SYLLABLE,nghia_consensus,0.064,0.233,105.0,132.0,e1f036b0feaf,ok,train,yen11|page_0134|c4,"[1026, 935, 1129, 1043]",nghia_consensus,22.503333333333334,4cfd3785c5f1a166,104
65062,syllable/yen11_page_0116_c08_161.png,yen11,page_0116,8,喫,ra,,,syllable,SYLLABLE,nghia_consensus,0.039,0.233,89.0,148.0,955044623c09,ok,val,yen11|page_0116|c8,"[443, 1454, 551, 1574]",nghia_consensus,22.503333333333334,294e3fc7d38d636c,105
49261,syllable/yen4_page_0240_c06_106.png,yen4,page_0240,6,愈,trời,,,syllable,SYLLABLE,nghia_consensus,0.15,0.139,80.0,90.0,eadf8fa71c80,ok,train,yen4|page_0240|c6,"[481, 410, 552, 484]",nghia_consensus,22.503333333333334,8bf27f07e356d4a0,106
67223,syllable/yen11_page_0140_c02_029.png,yen11,page_0140,2,佃,đền,,,syllable,SYLLABLE,nghia_consensus,0.048,0.175,90.0,130.0,2168de2b33d2,ok,val,yen11|page_0140|c2,"[1339, 944, 1438, 1050]",nghia_consensus,22.503333333333334,cec7a0c005e78144,107
67419,syllable/yen11_page_0142_c02_039.png,yen11,page_0142,2,燔,soi,,,syllable,SYLLABLE,nghia_consensus,0.391,0.233,110.0,134.0,794b0f8cfcf6,ok,train,yen11|page_0142|c2,"[1303, 1900, 1413, 2016]",nghia_consensus,22.503333333333334,887a3a2309a0ec5a,108
7300,syllable/yen2_page_0088_c09_173.png,yen2,page_0088,9,咄,hai,,,syllable,SYLLABLE,nghia_consensus,0.043,0.117,123.0,125.0,47cf391d32b5,ok,test,yen2|page_0088|c9,"[207, 1944, 316, 2045]",nghia_consensus,22.503333333333334,343dcc1bb3ea73f1,109
79845,syllable/yen11_page_0274_c01_007.png,yen11,page_0274,1,𫝄,ấy,,,syllable,SYLLABLE,nghia_consensus,0.301,0.172,111.0,130.0,02aa6c96366d,ok,val,yen11|page_0274|c1,"[1456, 1051, 1563, 1162]",nghia_consensus,22.503333333333334,2d4c3058e92ffc76,110
76506,syllable/yen11_page_0238_c08_157.png,yen11,page_0238,8,万,đức,,,syllable,SYLLABLE,nghia_consensus,0.368,0.17,64.0,127.0,765ebbf9ace1,tall,val,yen11|page_0238|c8,"[389, 515, 488, 618]",nghia_consensus,22.503333333333334,3a9bfd832ed2fb8d,111
79235,syllable/yen11_page_0266_c08_133.png,yen11,page_0266,8,凜,lăm,,,syllable,SYLLABLE,nghia_consensus,0.811,0.211,92.0,142.0,4704e6d8048a,ok,train,yen11|page_0266|c8,"[412, 2019, 513, 2135]",nghia_consensus,22.503333333333334,3d32646e51b38261,112
77305,syllable/yen11_page_0246_c09_192.png,yen11,page_0246,9,得,ngày,,,syllable,SYLLABLE,nghia_consensus,0.038,0.186,92.0,124.0,aeba519428a5,ok,train,yen11|page_0246|c9,"[253, 1541, 348, 1641]",nghia_consensus,22.503333333333334,3d7b6dbd01d44e9f,113
15756,syllable/yen2_page_0186_c02_034.png,yen2,page_0186,2,而,làm,,,syllable,SYLLABLE,nghia_consensus,0.158,0.153,116.0,161.0,2c8798e080fd,ok,val,yen2|page_0186|c2,"[1251, 2075, 1349, 2206]",nghia_consensus,22.503333333333334,252ceb7ee0fc84aa,114
60664,syllable/yen11_page_0066_c04_083.png,yen11,page_0066,4,斥,trời,,,syllable,SYLLABLE,nghia_consensus,0.075,0.142,121.0,145.0,34c690ab04a0,ok,test,yen11|page_0066|c4,"[1019, 2203, 1129, 2320]",nghia_consensus,22.503333333333334,cf64462ddac95366,115
33266,syllable/yen4_page_0066_c03_055.png,yen4,page_0066,3,乕,phải,,,syllable,SYLLABLE,nghia_consensus,0.366,0.173,67.0,95.0,7f4acabb26b0,ok,train,yen4|page_0066|c3,"[761, 956, 830, 1033]",nghia_consensus,22.503333333333334,699fa21955df94dd,116
72411,syllable/yen11_page_0194_c04_080.png,yen11,page_0194,4,姚,dêu,,,syllable,SYLLABLE,nghia_consensus,0.66,0.181,125.0,127.0,b6dd33a757b1,ok,train,yen11|page_0194|c4,"[1010, 2375, 1117, 2487]",nghia_consensus,22.503333333333334,7b37c1b9dc3e0420,117
1772,syllable/yen2_page_0030_c04_084.png,yen2,page_0030,4,姚,dêu,,,syllable,SYLLABLE,nghia_consensus,0.2,0.243,107.0,130.0,04411ed44961,ok,train,yen2|page_0030|c4,"[985, 1911, 1077, 2017]",nghia_consensus,22.503333333333334,a1c38705a6be8c2e,118
36477,syllable/yen4_page_0100_c01_015.png,yen4,page_0100,1,冉,sách,,,syllable,SYLLABLE,nghia_consensus,0.136,0.134,92.0,101.0,0bf6dace5295,ok,train,yen4|page_0100|c1,"[944, 1299, 1021, 1382]",nghia_consensus,22.503333333333334,efc7693fa248978c,119
74787,syllable/yen11_page_0218_c09_176.png,yen11,page_0218,9,色,đã,,,syllable,SYLLABLE,nghia_consensus,0.191,0.167,76.0,131.0,5d27d3a32eeb,ok,train,yen11|page_0218|c9,"[245, 850, 335, 957]",nghia_consensus,22.503333333333334,262cb249b58a6cae,120
65120,syllable/yen11_page_0118_c02_027.png,yen11,page_0118,2,願,nguyên,,,syllable,SYLLABLE,nghia_consensus,0.902,0.257,106.0,146.0,62657020d521,ok,train,yen11|page_0118|c2,"[1331, 1116, 1441, 1234]",nghia_consensus,22.503333333333334,0daad250f9e31ed2,121
18526,syllable/yen2_page_0220_c01_009.png,yen2,page_0220,1,妃,bà,,,syllable,SYLLABLE,nghia_consensus,0.046,0.232,124.0,155.0,0b38674b4306,ok,train,yen2|page_0220|c1,"[1423, 1446, 1529, 1571]",nghia_consensus,22.503333333333334,b3ff5fab80c598f9,122
68221,syllable/yen11_page_0150_c03_063.png,yen11,page_0150,3,用,bấy,,,syllable,SYLLABLE,nghia_consensus,0.17,0.27,93.0,145.0,0a12d23f9c58,ok,train,yen11|page_0150|c3,"[1113, 2022, 1219, 2139]",nghia_consensus,22.503333333333334,3b59f6de6f76382f,123
58262,syllable/yen11_page_0040_c04_071.png,yen11,page_0040,4,仪,ấy,,,syllable,SYLLABLE,nghia_consensus,0.304,0.18,105.0,138.0,23c7cc89bb33,ok,train,yen11|page_0040|c4,"[1011, 625, 1117, 737]",nghia_consensus,22.503333333333334,11d1cce11d4c3237,124
74877,syllable/yen11_page_0220_c04_072.png,yen11,page_0220,4,丸,đem,,,syllable,SYLLABLE,nghia_consensus,0.083,0.157,95.0,141.0,69654c01802f,ok,train,yen11|page_0220|c4,"[1041, 1160, 1141, 1275]",nghia_consensus,22.503333333333334,82e73dc2f599e604,125
31867,syllable/yen4_page_0050_c08_148.png,yen4,page_0050,8,𦤳,thánh,,,syllable,SYLLABLE,nghia_consensus,0.103,0.146,84.0,89.0,95d0b6c94b1c,ok,val,yen4|page_0050|c8,"[277, 1564, 345, 1637]",nghia_consensus,22.503333333333334,d054cb30258a8eb1,126
81695,syllable/yen11_page_0292_c09_173.png,yen11,page_0292,9,而,làm,,,syllable,SYLLABLE,nghia_consensus,0.133,0.158,102.0,140.0,0df7d6e46400,ok,train,yen11|page_0292|c9,"[308, 1089, 404, 1205]",nghia_consensus,22.503333333333334,f5293853e9b6e18e,127
59912,syllable/yen11_page_0058_c04_084.png,yen11,page_0058,4,嚶,ra,,,syllable,SYLLABLE,nghia_consensus,0.114,0.199,120.0,132.0,72c34b1c39e5,ok,train,yen11|page_0058|c4,"[1031, 2303, 1140, 2411]",nghia_consensus,22.503333333333334,e516eecc02adb729,128
43888,syllable/yen4_page_0182_c06_131.png,yen4,page_0182,6,舞,sau,,,syllable,SYLLABLE,nghia_consensus,0.38,0.186,90.0,94.0,4ac08251f9d0,ok,train,yen4|page_0182|c6,"[506, 787, 582, 863]",nghia_consensus,22.503333333333334,fa2eba406008ca90,129
46278,syllable/yen4_page_0208_c05_106.png,yen4,page_0208,5,礼,lê,,,syllable,SYLLABLE,nghia_consensus,0.981,0.126,71.0,98.0,6595c8a8b0f2,ok,train,yen4|page_0208|c5,"[603, 1391, 672, 1471]",nghia_consensus,22.503333333333334,b876e20ad5ecb9f1,130
25192,syllable/yen2_page_0296_c07_111.png,yen2,page_0296,7,餘,thờ,,,syllable,SYLLABLE,nghia_consensus,0.425,0.175,122.0,153.0,9a81f1a2934e,ok,train,yen2|page_0296|c7,"[566, 887, 678, 1018]",nghia_consensus,22.503333333333334,bb2bfa7e116d1688,131
6522,syllable/yen2_page_0080_c07_125.png,yen2,page_0080,7,移,ri,,,syllable,SYLLABLE,nghia_consensus,0.401,0.238,124.0,147.0,1b3d2c837ced,ok,train,yen2|page_0080|c7,"[528, 851, 636, 970]",nghia_consensus,22.503333333333334,daa43641a7f7ea14,132
44874,syllable/yen4_page_0192_c08_132.png,yen4,page_0192,8,之,pha,,,syllable,SYLLABLE,nghia_consensus,0.138,0.128,80.0,88.0,96a1b114313a,ok,train,yen4|page_0192|c8,"[277, 798, 343, 877]",nghia_consensus,22.503333333333334,44918dca59f8159b,133
51947,syllable/yen4_page_0268_c09_187.png,yen4,page_0268,9,詩,thì,,,syllable,SYLLABLE,nghia_consensus,0.964,0.107,72.0,94.0,d1dbf1005d6c,ok,train,yen4|page_0268|c9,"[170, 1063, 236, 1139]",nghia_consensus,22.503333333333334,b3e90eb3f759689c,134
2313,syllable/yen2_page_0036_c02_041.png,yen2,page_0036,2,僥,nhiều,,,syllable,SYLLABLE,nghia_consensus,0.681,0.15,117.0,127.0,c7a538320e09,ok,train,yen2|page_0036|c2,"[1272, 2404, 1368, 2507]",nghia_consensus,22.503333333333334,3a662d626122660e,135
76373,syllable/yen11_page_0238_c02_024.png,yen11,page_0238,2,燔,soi,,,syllable,SYLLABLE,nghia_consensus,0.264,0.319,89.0,139.0,3ad910053c3c,ok,train,yen11|page_0238|c2,"[1314, 604, 1418, 717]",nghia_consensus,22.503333333333334,cc2a77b8cdee9885,136
52225,syllable/yen4_page_0272_c04_067.png,yen4,page_0272,4,餘,thờ,,,syllable,SYLLABLE,nghia_consensus,0.924,0.175,83.0,99.0,69e0e7c3d895,ok,train,yen4|page_0272|c4,"[675, 304, 749, 385]",nghia_consensus,22.503333333333334,8007efefb09287a7,137
9156,syllable/yen2_page_0108_c09_152.png,yen2,page_0108,9,槎,si,,,syllable,SYLLABLE,nghia_consensus,0.111,0.204,102.0,152.0,3e65ba50d7d4,ok,train,yen2|page_0108|c9,"[237, 1173, 344, 1297]",nghia_consensus,22.503333333333334,199d8f70ff1f967f,138
68209,syllable/yen11_page_0150_c03_051.png,yen11,page_0150,3,竈,xuống,,,syllable,SYLLABLE,nghia_consensus,0.246,0.205,104.0,148.0,73286a341539,ok,train,yen11|page_0150|c3,"[1119, 907, 1230, 1027]",nghia_consensus,22.503333333333334,f6c5819a9f1c3bb6,139
13815,syllable/yen2_page_0162_c04_076.png,yen2,page_0162,4,知,đức,,,syllable,SYLLABLE,nghia_consensus,0.027,0.226,132.0,150.0,4c8cff274d1d,ok,train,yen2|page_0162|c4,"[982, 2391, 1090, 2516]",nghia_consensus,22.503333333333334,1736d5de71d6eaaa,140
75978,syllable/yen11_page_0234_c01_007.png,yen11,page_0234,1,而,làm,,,syllable,SYLLABLE,nghia_consensus,0.308,0.168,90.0,140.0,5d5c26831a98,ok,train,yen11|page_0234|c1,"[1451, 1077, 1557, 1191]",nghia_consensus,22.503333333333334,bd70f717dfdeb037,141
74128,syllable/yen11_page_0212_c05_096.png,yen11,page_0212,5,而,làm,,,syllable,SYLLABLE,nghia_consensus,0.119,0.165,104.0,142.0,0a17b24a0894,ok,val,yen11|page_0212|c5,"[865, 1533, 969, 1656]",nghia_consensus,22.503333333333334,f31bcb07b477c05c,142
74551,syllable/yen11_page_0216_c07_137.png,yen11,page_0216,7,尽,trời,,,syllable,SYLLABLE,nghia_consensus,0.397,0.179,92.0,124.0,11287cc5a961,ok,train,yen11|page_0216|c7,"[585, 891, 700, 1004]",nghia_consensus,22.503333333333334,7f7daa1de7183eac,143
24777,syllable/yen2_page_0292_c03_044.png,yen2,page_0292,3,百,làm,,,syllable,SYLLABLE,nghia_consensus,0.422,0.188,134.0,160.0,a0e264796e61,ok,train,yen2|page_0292|c3,"[1137, 1062, 1248, 1192]",nghia_consensus,22.503333333333334,6efefa301bfca51f,144
15806,syllable/yen2_page_0186_c05_084.png,yen2,page_0186,5,詩,thì,,,syllable,SYLLABLE,nghia_consensus,0.236,0.209,133.0,153.0,323aba30cc71,ok,train,yen2|page_0186|c5,"[788, 1376, 902, 1502]",nghia_consensus,22.503333333333334,bbf88b3df3a70253,145
12482,syllable/yen2_page_0146_c09_147.png,yen2,page_0146,9,而,làm,,,syllable,SYLLABLE,nghia_consensus,0.058,0.22,121.0,137.0,c1247a359bc6,ok,train,yen2|page_0146|c9,"[245, 1122, 344, 1233]",nghia_consensus,22.503333333333334,e5ea644d36283800,146
58377,syllable/yen11_page_0040_c09_186.png,yen11,page_0040,9,嘿,ra,,,syllable,SYLLABLE,nghia_consensus,0.336,0.228,102.0,131.0,bb3ed9a9f6b4,ok,train,yen11|page_0040|c9,"[255, 613, 357, 720]",nghia_consensus,22.503333333333334,0e5c6960e0fd6185,147
33480,syllable/yen4_page_0068_c04_089.png,yen4,page_0068,4,弄,toan,,,syllable,SYLLABLE,nghia_consensus,0.488,0.178,73.0,99.0,80eab1722d74,ok,val,yen4|page_0068|c4,"[674, 1516, 748, 1597]",nghia_consensus,22.503333333333334,5b2351c5029b4e31,148
79425,syllable/yen11_page_0268_c08_164.png,yen11,page_0268,8,而,làm,,,syllable,SYLLABLE,nghia_consensus,0.093,0.194,96.0,138.0,33d74b1b18a3,ok,train,yen11|page_0268|c8,"[424, 1487, 525, 1599]",nghia_consensus,22.503333333333334,689ae66645335046,149
42705,syllable/yen4_page_0168_c06_126.png,yen4,page_0168,6,開,bấy,,,syllable,SYLLABLE,nghia_consensus,0.076,0.16,83.0,80.0,d7c742dcb148,ok,train,yen4|page_0168|c6,"[503, 1580, 570, 1654]",nghia_consensus,22.503333333333334,982dd5089dad5c7b,150
72689,syllable/yen11_page_0196_c09_174.png,yen11,page_0196,9,用,bấy,,,syllable,SYLLABLE,nghia_consensus,0.326,0.204,93.0,149.0,f2321d618851,ok,train,yen11|page_0196|c9,"[273, 873, 375, 994]",nghia_consensus,22.503333333333334,83706ed238acabfd,151
16928,syllable/yen2_page_0200_c04_068.png,yen2,page_0200,4,䏻,đi,,,syllable,SYLLABLE,nghia_consensus,0.341,0.265,148.0,157.0,8f6356753bc4,ok,train,yen2|page_0200|c4,"[941, 1275, 1061, 1402]",nghia_consensus,22.503333333333334,10808bd69b8823d5,152
26529,syllable/yen2_page_0312_c06_117.png,yen2,page_0312,6,異,là,,,syllable,SYLLABLE,nghia_consensus,0.255,0.16,128.0,141.0,1269dc8f3459,ok,train,yen2|page_0312|c6,"[702, 1303, 811, 1418]",nghia_consensus,22.503333333333334,a4aac7adb58eb2a3,153
6974,syllable/yen2_page_0086_c03_049.png,yen2,page_0086,3,重,trong,,,syllable,SYLLABLE,nghia_consensus,0.935,0.21,120.0,140.0,1cbb1ab9b3b0,ok,train,yen2|page_0086|c3,"[1153, 851, 1265, 965]",nghia_consensus,22.503333333333334,4c8384d6e429c0ea,154
45236,syllable/yen4_page_0196_c08_153.png,yen4,page_0196,8,個,vua,,,syllable,SYLLABLE,nghia_consensus,0.052,0.185,64.0,97.0,66033b3357ca,ok,train,yen4|page_0196|c8,"[293, 1140, 363, 1219]",nghia_consensus,22.503333333333334,edc73ca27a200631,155
16415,syllable/yen2_page_0194_c02_028.png,yen2,page_0194,2,妃,bà,,,syllable,SYLLABLE,nghia_consensus,0.435,0.239,118.0,158.0,6073243d88f9,ok,train,yen2|page_0194|c2,"[1253, 1412, 1358, 1540]",nghia_consensus,22.503333333333334,8d98f8607b191ec2,156
72660,syllable/yen11_page_0196_c07_145.png,yen11,page_0196,7,希,vua,,,syllable,SYLLABLE,nghia_consensus,0.19,0.165,111.0,116.0,fe999ac5a1db,ok,train,yen11|page_0196|c7,"[569, 2368, 677, 2477]",nghia_consensus,22.503333333333334,6a72cf62fab44200,157
41158,syllable/yen4_page_0152_c06_121.png,yen4,page_0152,6,罡,là,,,syllable,SYLLABLE,nghia_consensus,0.088,0.169,63.0,90.0,35a8ac1a4290,ok,train,yen4|page_0152|c6,"[471, 1084, 538, 1158]",nghia_consensus,22.503333333333334,4aaadfdfcb13f9ab,158
48051,syllable/yen4_page_0228_c02_025.png,yen4,page_0228,2,𦤳,thánh,,,syllable,SYLLABLE,nghia_consensus,0.121,0.15,79.0,107.0,2866c005ff69,ok,test,yen4|page_0228|c2,"[896, 457, 969, 544]",nghia_consensus,22.503333333333334,24786bc0ff1ad989,159
50420,syllable/yen4_page_0252_c06_124.png,yen4,page_0252,6,而,làm,,,syllable,SYLLABLE,nghia_consensus,0.026,0.105,72.0,87.0,1a8f2c5e2607,ok,train,yen4|page_0252|c6,"[465, 824, 533, 895]",nghia_consensus,22.503333333333334,d26c8a274f1aaa96,160
61350,syllable/yen11_page_0074_c02_025.png,yen11,page_0074,2,槎,si,,,syllable,SYLLABLE,nghia_consensus,0.393,0.217,127.0,147.0,ac86ec864fda,ok,train,yen11|page_0074|c2,"[1341, 822, 1448, 941]",nghia_consensus,22.503333333333334,20e1da1e2bcec584,161
4172,syllable/yen2_page_0056_c02_030.png,yen2,page_0056,2,喁,ra,,,syllable,SYLLABLE,nghia_consensus,0.361,0.264,102.0,128.0,353b5639839c,ok,train,yen2|page_0056|c2,"[1265, 1392, 1370, 1496]",nghia_consensus,22.503333333333334,b02c63c6ab496d8d,162
76866,syllable/yen11_page_0242_c07_122.png,yen11,page_0242,7,希,vua,,,syllable,SYLLABLE,nghia_consensus,0.462,0.222,70.0,138.0,a945e39fc57e,tall,train,yen11|page_0242|c7,"[557, 1699, 661, 1811]",nghia_consensus,22.503333333333334,08e0e3cb0c0af5e1,163
630,syllable/yen2_page_0018_c04_081.png,yen2,page_0018,4,而,làm,,,syllable,SYLLABLE,nghia_consensus,0.409,0.147,125.0,145.0,0fecfff405f7,ok,test,yen2|page_0018|c4,"[974, 1899, 1082, 2016]",nghia_consensus,22.503333333333334,e7d58a3e34db7f3e,164
40823,syllable/yen4_page_0148_c08_154.png,yen4,page_0148,8,移,ri,,,syllable,SYLLABLE,nghia_consensus,0.321,0.139,82.0,104.0,2bc297e680dc,ok,train,yen4|page_0148|c8,"[257, 1227, 333, 1311]",nghia_consensus,22.503333333333334,d6a274b21b24517f,165
10393,syllable/yen2_page_0122_c05_106.png,yen2,page_0122,5,𭃡,xưa,,,syllable,SYLLABLE,nghia_consensus,0.603,0.177,136.0,129.0,2d86a05f3e9b,ok,train,yen2|page_0122|c5,"[830, 2426, 940, 2531]",nghia_consensus,22.503333333333334,1f4506af91c6f951,166
80207,syllable/yen11_page_0276_c09_168.png,yen11,page_0276,9,而,làm,,,syllable,SYLLABLE,nghia_consensus,0.457,0.146,99.0,138.0,f4ca06c16bf9,ok,train,yen11|page_0276|c9,"[295, 684, 393, 796]",nghia_consensus,22.503333333333334,6e35fa13a69aed39,167
44626,syllable/yen4_page_0190_c04_078.png,yen4,page_0190,4,𡰱,chịu,,,syllable,SYLLABLE,nghia_consensus,0.201,0.171,82.0,98.0,2ddbb9e403bd,ok,train,yen4|page_0190|c4,"[676, 1177, 751, 1257]",nghia_consensus,22.503333333333334,a4bb5b007ee4c81b,168
55033,syllable/yen4_page_0300_c05_105.png,yen4,page_0300,5,因,có,,,syllable,SYLLABLE,nghia_consensus,0.971,0.17,74.0,80.0,55d930b26311,ok,train,yen4|page_0300|c5,"[562, 1435, 625, 1506]",nghia_consensus,22.503333333333334,7efb8bb981407f88,169
68197,syllable/yen11_page_0150_c02_039.png,yen11,page_0150,2,昇,người,,,syllable,SYLLABLE,nghia_consensus,0.083,0.21,125.0,147.0,f1aa78b24bbe,ok,train,yen11|page_0150|c2,"[1259, 1841, 1373, 1960]",nghia_consensus,22.503333333333334,72868631dd82357b,170
71611,syllable/yen11_page_0186_c03_047.png,yen11,page_0186,3,厅,đức,,,syllable,SYLLABLE,nghia_consensus,0.062,0.167,86.0,137.0,9b9d27ab3d0f,ok,train,yen11|page_0186|c3,"[1183, 1317, 1284, 1428]",nghia_consensus,22.503333333333334,06f09065c5d4de6f,171
56816,syllable/yen11_page_0022_c09_188.png,yen11,page_0022,9,異,là,,,syllable,SYLLABLE,nghia_consensus,0.276,0.199,78.0,120.0,9a85bb3030db,ok,train,yen11|page_0022|c9,"[234, 938, 325, 1036]",nghia_consensus,22.503333333333334,33360e2263d8d35f,172
12171,syllable/yen2_page_0142_c01_010.png,yen2,page_0142,1,常,và,,,syllable,SYLLABLE,nghia_consensus,0.076,0.2,106.0,159.0,04e9fb21fea1,ok,train,yen2|page_0142|c1,"[1454, 1559, 1557, 1688]",nghia_consensus,22.503333333333334,e1caf72435b1d7a2,173
20887,syllable/yen2_page_0246_c07_126.png,yen2,page_0246,7,常,và,,,syllable,SYLLABLE,nghia_consensus,0.066,0.229,83.0,137.0,687d5e1c4046,ok,train,yen2|page_0246|c7,"[556, 1084, 662, 1197]",nghia_consensus,22.503333333333334,83e7ced3dc76b03c,174
18946,syllable/yen2_page_0224_c05_082.png,yen2,page_0224,5,知,đức,,,syllable,SYLLABLE,nghia_consensus,0.439,0.227,97.0,148.0,a3c6e4e1e7d1,ok,train,yen2|page_0224|c5,"[859, 593, 959, 713]",nghia_consensus,22.503333333333334,eb4b2411b8da8d56,175
72699,syllable/yen11_page_0196_c09_184.png,yen11,page_0196,9,希,vua,,,syllable,SYLLABLE,nghia_consensus,0.384,0.169,77.0,152.0,0ac311208392,tall,train,yen11|page_0196|c9,"[261, 1966, 367, 2090]",nghia_consensus,22.503333333333334,fbd553a8ecf7fa27,176
21877,syllable/yen2_page_0258_c08_132.png,yen2,page_0258,8,歿,đá,,,syllable,SYLLABLE,nghia_consensus,0.495,0.199,139.0,160.0,1910613e8b19,ok,train,yen2|page_0258|c8,"[396, 557, 515, 687]",nghia_consensus,22.503333333333334,6d3e357231195c24,177
79232,syllable/yen11_page_0266_c08_130.png,yen11,page_0266,8,白,làm,,,syllable,SYLLABLE,nghia_consensus,0.455,0.135,83.0,142.0,4fa7b4ba6856,ok,train,yen11|page_0266|c8,"[413, 1743, 510, 1859]",nghia_consensus,22.503333333333334,4e60d5af78f80dad,178
49051,syllable/yen4_page_0238_c05_090.png,yen4,page_0238,5,而,làm,,,syllable,SYLLABLE,nghia_consensus,0.307,0.132,65.0,98.0,9129e87da002,ok,train,yen4|page_0238|c5,"[569, 619, 638, 699]",nghia_consensus,22.503333333333334,d333b4e4a9ea1379,179
39553,syllable/yen4_page_0136_c01_012.png,yen4,page_0136,1,平,băng,,,syllable,SYLLABLE,nghia_consensus,0.556,0.122,80.0,98.0,3320cb7267a9,ok,train,yen4|page_0136|c1,"[949, 1103, 1022, 1183]",nghia_consensus,22.503333333333334,532ba120d454267b,180
43960,syllable/yen4_page_0182_c09_203.png,yen4,page_0182,9,爾,trời,,,syllable,SYLLABLE,nghia_consensus,0.081,0.187,65.0,105.0,d4c067fef3eb,ok,train,yen4|page_0182|c9,"[204, 1201, 278, 1286]",nghia_consensus,22.503333333333334,6a2b9128eeeee469,181
64750,syllable/yen11_page_0114_c02_037.png,yen11,page_0114,2,餘,thờ,,,syllable,SYLLABLE,nghia_consensus,0.917,0.185,134.0,149.0,4637e7cded12,ok,train,yen11|page_0114|c2,"[1321, 2102, 1431, 2223]",nghia_consensus,22.503333333333334,5b7d070362d13e19,182
47587,syllable/yen4_page_0222_c07_125.png,yen4,page_0222,7,㸔,khen,,,syllable,SYLLABLE,nghia_consensus,0.082,0.156,69.0,94.0,c4b90a8ccf22,ok,val,yen4|page_0222|c7,"[386, 359, 453, 435]",nghia_consensus,22.503333333333334,59d2eeb4cd1edfcd,183
58011,syllable/yen11_page_0036_c01_012.png,yen11,page_0036,1,𡖋,làm,,,syllable,SYLLABLE,nghia_consensus,0.043,0.198,89.0,137.0,3b391ab5f4f9,ok,train,yen11|page_0036|c1,"[1512, 1553, 1619, 1664]",nghia_consensus,22.503333333333334,a3575ca57a977196,184
240,syllable/yen2_page_0014_c04_078.png,yen2,page_0014,4,罷,là,,,syllable,SYLLABLE,nghia_consensus,0.149,0.187,109.0,125.0,9a57045fb888,ok,train,yen2|page_0014|c4,"[970, 1651, 1062, 1752]",nghia_consensus,22.503333333333334,ba18a09fdd604330,185
7082,syllable/yen2_page_0086_c07_157.png,yen2,page_0086,7,常,và,,,syllable,SYLLABLE,nghia_consensus,0.4,0.222,109.0,135.0,1a722ff1f73d,ok,val,yen2|page_0086|c7,"[545, 2262, 648, 2371]",nghia_consensus,22.503333333333334,9f43d13809be2b88,186
39566,syllable/yen4_page_0136_c02_025.png,yen4,page_0136,2,爾,trời,,,syllable,SYLLABLE,nghia_consensus,0.094,0.179,78.0,97.0,9926944d4f4c,ok,train,yen4|page_0136|c2,"[864, 551, 935, 630]",nghia_consensus,22.503333333333334,2e898a1e2bf6c31f,187
9403,syllable/yen2_page_0112_c03_051.png,yen2,page_0112,3,要,là,,,syllable,SYLLABLE,nghia_consensus,0.105,0.227,114.0,145.0,80b742038fb6,ok,train,yen2|page_0112|c3,"[1134, 1449, 1245, 1566]",nghia_consensus,22.503333333333334,956c0234db9b7767,188
35114,syllable/yen4_page_0084_c09_188.png,yen4,page_0084,9,𭃡,xưa,,,syllable,SYLLABLE,nghia_consensus,0.284,0.153,75.0,93.0,788c47832f18,ok,train,yen4|page_0084|c9,"[169, 706, 237, 781]",nghia_consensus,22.503333333333334,3f922f30390cd303,189
18084,syllable/yen2_page_0214_c04_070.png,yen2,page_0214,4,䏻,đi,,,syllable,SYLLABLE,nghia_consensus,0.205,0.272,132.0,138.0,32586485060f,ok,train,yen2|page_0214|c4,"[1008, 1135, 1116, 1247]",nghia_consensus,22.503333333333334,0e38e863bfd86e7d,190
57816,syllable/yen11_page_0034_c01_013.png,yen11,page_0034,1,辭,năm,,,syllable,SYLLABLE,nghia_consensus,0.191,0.263,98.0,137.0,3263068eae38,ok,train,yen11|page_0034|c1,"[1471, 1623, 1579, 1734]",nghia_consensus,22.503333333333334,ce347e26ddca83b0,191
78279,syllable/yen11_page_0256_c07_154.png,yen11,page_0256,7,㸔,khen,,,syllable,SYLLABLE,nghia_consensus,0.293,0.142,118.0,141.0,4852b16c6161,ok,val,yen11|page_0256|c7,"[583, 2278, 689, 2393]",nghia_consensus,22.503333333333334,c1ab65fee31a388d,192
62159,syllable/yen11_page_0086_c05_085.png,yen11,page_0086,5,餘,thờ,,,syllable,SYLLABLE,nghia_consensus,0.598,0.206,124.0,137.0,46f246341f29,ok,train,yen11|page_0086|c5,"[857, 1843, 962, 1954]",nghia_consensus,22.503333333333334,9c02128cf7154181,193
75665,syllable/yen11_page_0228_c05_082.png,yen11,page_0228,5,瑪,ma,,,syllable,SYLLABLE,nghia_consensus,0.55,0.211,84.0,131.0,020e18a46fa1,ok,train,yen11|page_0228|c5,"[861, 506, 968, 613]",nghia_consensus,22.503333333333334,97d358b17b5796e3,194
15346,syllable/yen2_page_0180_c07_123.png,yen2,page_0180,7,遥,lạ,,,syllable,SYLLABLE,nghia_consensus,0.06,0.292,137.0,168.0,4c07f031d4e3,ok,train,yen2|page_0180|c7,"[504, 1430, 617, 1566]",nghia_consensus,22.503333333333334,c25cf32aa3e9ffdb,195
78037,syllable/yen11_page_0254_c06_113.png,yen11,page_0254,6,行,đức,,,syllable,SYLLABLE,nghia_consensus,0.333,0.17,84.0,125.0,993c599b4ea1,ok,train,yen11|page_0254|c6,"[736, 586, 832, 687]",nghia_consensus,22.503333333333334,99b4077a226875cd,196
50022,syllable/yen4_page_0248_c06_107.png,yen4,page_0248,6,迕,du,,,syllable,SYLLABLE,nghia_consensus,0.106,0.154,74.0,94.0,dc04145c95b0,ok,test,yen4|page_0248|c6,"[491, 528, 558, 604]",nghia_consensus,22.503333333333334,d56cd5e0c0a8c9e9,197
52738,syllable/yen4_page_0278_c01_021.png,yen4,page_0278,1,𭃡,xưa,,,syllable,SYLLABLE,nghia_consensus,0.333,0.138,116.0,132.0,35bc1c9e977f,ok,val,yen4|page_0278|c1,"[1425, 2038, 1529, 2146]",nghia_consensus,22.503333333333334,1913f2bf57767024,198
14708,syllable/yen2_page_0172_c09_166.png,yen2,page_0172,9,𡬦,ông,,,syllable,SYLLABLE,nghia_consensus,0.548,0.168,106.0,163.0,7bfc8ee99bbe,ok,train,yen2|page_0172|c9,"[208, 2151, 316, 2284]",nghia_consensus,22.503333333333334,20e1e4e9e8e91b60,199
23474,syllable/yen2_page_0276_c08_145.png,yen2,page_0276,8,異,là,,,syllable,SYLLABLE,nghia_consensus,0.305,0.182,136.0,149.0,3ce96a2622f1,ok,train,yen2|page_0276|c8,"[1018, 1944, 1128, 2065]",nghia_consensus,22.503333333333334,53de4cfbbf1359d9,200
22085,syllable/yen2_page_0262_c01_008.png,yen2,page_0262,1,紫,và,,,syllable,SYLLABLE,nghia_consensus,0.024,0.183,109.0,152.0,50e85ffc2c7a,ok,train,yen2|page_0262|c1,"[1420, 1294, 1547, 1418]",nghia_consensus,22.503333333333334,85e6804c6fc77202,201
16847,syllable/yen2_page_0198_c09_153.png,yen2,page_0198,9,𭔿,ông,,,syllable,SYLLABLE,nghia_consensus,0.302,0.205,136.0,155.0,2f1cc8fd812c,ok,val,yen2|page_0198|c9,"[200, 1155, 316, 1280]",nghia_consensus,22.503333333333334,f498a6b2ea7c7caa,202
23280,syllable/yen2_page_0274_c07_132.png,yen2,page_0274,7,可,làm,,,syllable,SYLLABLE,nghia_consensus,0.028,0.147,98.0,157.0,acd5cab2eb64,ok,train,yen2|page_0274|c7,"[503, 1280, 610, 1407]",nghia_consensus,22.503333333333334,db7eca95c00e28a3,203
52472,syllable/yen4_page_0274_c06_117.png,yen4,page_0274,6,苑,pha,,,syllable,SYLLABLE,nghia_consensus,0.154,0.179,65.0,90.0,b14965d8115c,ok,val,yen4|page_0274|c6,"[484, 664, 546, 738]",nghia_consensus,22.503333333333334,78a9242c53acdffa,204
73479,syllable/yen11_page_0206_c01_005.png,yen11,page_0206,1,槎,si,,,syllable,SYLLABLE,nghia_consensus,0.185,0.199,114.0,141.0,e34b1c3fad3a,ok,val,yen11|page_0206|c1,"[1466, 881, 1579, 996]",nghia_consensus,22.503333333333334,14f2424325140552,205
78710,syllable/yen11_page_0260_c09_183.png,yen11,page_0260,9,柩,giu,,,syllable,SYLLABLE,nghia_consensus,0.069,0.236,92.0,137.0,2ab0dc60b43d,ok,train,yen11|page_0260|c9,"[242, 1196, 342, 1312]",nghia_consensus,22.503333333333334,8bf25158ad22391c,206
71436,syllable/yen11_page_0184_c03_061.png,yen11,page_0184,3,荼,nghiệp,,,syllable,SYLLABLE,nghia_consensus,0.146,0.166,90.0,115.0,02361d824b3e,ok,train,yen11|page_0184|c3,"[1197, 2363, 1303, 2473]",nghia_consensus,22.503333333333334,4a5a76d236cd7a5a,207
6420,syllable/yen2_page_0080_c02_023.png,yen2,page_0080,2,常,và,,,syllable,SYLLABLE,nghia_consensus,0.093,0.211,139.0,148.0,bb324d8aacd6,ok,val,yen2|page_0080|c2,"[1289, 562, 1402, 682]",nghia_consensus,22.503333333333334,77bfcd9395f00857,208
62610,syllable/yen11_page_0090_c07_139.png,yen11,page_0090,7,餘,thờ,,,syllable,SYLLABLE,nghia_consensus,0.605,0.143,124.0,146.0,f4b761eff18e,ok,train,yen11|page_0090|c7,"[541, 811, 650, 929]",nghia_consensus,22.503333333333334,97bd3a6709e95aee,209
26903,syllable/yen2_page_0316_c08_118.png,yen2,page_0316,8,僥,nhiều,,,syllable,SYLLABLE,nghia_consensus,0.688,0.196,125.0,179.0,175a89be061a,ok,train,yen2|page_0316|c8,"[428, 787, 540, 932]",nghia_consensus,22.503333333333334,9b84b350e55426ee,210
73599,syllable/yen11_page_0206_c06_125.png,yen11,page_0206,6,用,bấy,,,syllable,SYLLABLE,nghia_consensus,0.112,0.177,102.0,131.0,9b924796f81f,ok,train,yen11|page_0206|c6,"[707, 2199, 807, 2306]",nghia_consensus,22.503333333333334,40912879dc246f28,211
59340,syllable/yen11_page_0052_c05_094.png,yen11,page_0052,5,尽,trời,,,syllable,SYLLABLE,nghia_consensus,0.481,0.179,117.0,140.0,8b1fc947fdcd,ok,train,yen11|page_0052|c5,"[849, 1130, 956, 1244]",nghia_consensus,22.503333333333334,9cef1c3cdc5261cd,212
69088,syllable/yen11_page_0158_c07_136.png,yen11,page_0158,7,戞,một,,,syllable,SYLLABLE,nghia_consensus,0.801,0.221,94.0,131.0,f8d32ad11a6d,ok,test,yen11|page_0158|c7,"[577, 519, 672, 626]",nghia_consensus,22.503333333333334,564569d0b1a73c62,213
64013,syllable/yen11_page_0106_c04_071.png,yen11,page_0106,4,趍,đi,,,syllable,SYLLABLE,nghia_consensus,0.423,0.224,96.0,138.0,77fe67cb09bd,ok,train,yen11|page_0106|c4,"[1047, 1032, 1155, 1144]",nghia_consensus,22.503333333333334,b6a036f1b32133e5,214
21100,syllable/yen2_page_0250_c01_001.png,yen2,page_0250,1,刈,sáng,,,syllable,SYLLABLE,nghia_consensus,0.487,0.121,91.0,172.0,129ab42d6cf6,tall,train,yen2|page_0250|c1,"[1441, 573, 1552, 713]",nghia_consensus,22.503333333333334,7b173bbe67395e2b,215
16742,syllable/yen2_page_0198_c03_048.png,yen2,page_0198,3,衣,i,,,syllable,SYLLABLE,nghia_consensus,0.053,0.227,116.0,160.0,a8a1a70f99c3,ok,train,yen2|page_0198|c3,"[1114, 1760, 1213, 1890]",nghia_consensus,22.503333333333334,faf3e0f6f8ae59c6,216
1875,syllable/yen2_page_0030_c09_187.png,yen2,page_0030,9,燔,soi,,,syllable,SYLLABLE,nghia_consensus,0.4,0.168,118.0,147.0,f16e9abeac51,ok,train,yen2|page_0030|c9,"[198, 1256, 300, 1375]",nghia_consensus,22.503333333333334,9f44ee3c8610e1c9,217
63639,syllable/yen11_page_0102_c04_068.png,yen11,page_0102,4,洶,ao,,,syllable,SYLLABLE,nghia_consensus,0.338,0.213,100.0,135.0,1ff890cc15e9,ok,train,yen11|page_0102|c4,"[1025, 691, 1126, 800]",nghia_consensus,22.503333333333334,98345e2284a0f04e,218
6381,syllable/yen2_page_0078_c09_174.png,yen2,page_0078,9,𭔿,ông,,,syllable,SYLLABLE,nghia_consensus,0.684,0.234,115.0,140.0,7b36f0fcc4b5,ok,train,yen2|page_0078|c9,"[264, 1017, 368, 1131]",nghia_consensus,22.503333333333334,f964baba783ded5e,219
9724,syllable/yen2_page_0116_c01_007.png,yen2,page_0116,1,羅,trước,,,syllable,SYLLABLE,nghia_consensus,0.207,0.249,114.0,155.0,85eb73e31aea,ok,val,yen2|page_0116|c1,"[1451, 1162, 1553, 1287]",nghia_consensus,22.503333333333334,5d4e2bb98bdce257,220
2491,syllable/yen2_page_0038_c03_046.png,yen2,page_0038,3,朦,muông,,,syllable,SYLLABLE,nghia_consensus,0.193,0.205,129.0,139.0,3b79f549beab,ok,test,yen2|page_0038|c3,"[1145, 853, 1250, 966]",nghia_consensus,22.503333333333334,ddd77b7b612ca6a7,221
40721,syllable/yen4_page_0148_c03_052.png,yen4,page_0148,3,迕,du,,,syllable,SYLLABLE,nghia_consensus,0.048,0.17,89.0,104.0,1050f2d3c60e,ok,train,yen4|page_0148|c3,"[757, 822, 830, 906]",nghia_consensus,22.503333333333334,64b0ddee4298124c,222
20407,syllable/yen2_page_0240_c09_155.png,yen2,page_0240,9,䆒,đem,,,syllable,SYLLABLE,nghia_consensus,0.11,0.141,152.0,156.0,b022ac1e82b8,ok,train,yen2|page_0240|c9,"[230, 1010, 354, 1145]",nghia_consensus,22.503333333333334,4031c1f053a6642f,223
77390,syllable/yen11_page_0248_c04_075.png,yen11,page_0248,4,燒,nhiêu,,,syllable,SYLLABLE,nghia_consensus,0.468,0.176,100.0,132.0,56f15dd41698,ok,train,yen11|page_0248|c4,"[1029, 1695, 1128, 1803]",nghia_consensus,22.503333333333334,2d8b1f774e36769d,224
10575,syllable/yen2_page_0124_c05_095.png,yen2,page_0124,5,梁,là,,,syllable,SYLLABLE,nghia_consensus,0.108,0.189,110.0,142.0,c8d5335f4d52,ok,train,yen2|page_0124|c5,"[822, 1377, 925, 1493]",nghia_consensus,22.503333333333334,dcec5e30311a80a3,225
50886,syllable/yen4_page_0258_c02_044.png,yen4,page_0258,2,定,đem,,,syllable,SYLLABLE,nghia_consensus,0.25,0.168,70.0,88.0,55e3dbcd94e6,ok,train,yen4|page_0258|c2,"[867, 1578, 935, 1651]",nghia_consensus,22.503333333333334,9eefb096ddcbc9d6,226
627,syllable/yen2_page_0018_c04_078.png,yen2,page_0018,4,而,làm,,,syllable,SYLLABLE,nghia_consensus,0.319,0.122,120.0,139.0,f83abf2120f4,ok,test,yen2|page_0018|c4,"[975, 1633, 1081, 1746]",nghia_consensus,22.503333333333334,c5d0c011be3f6566,227
15591,syllable/yen2_page_0184_c02_031.png,yen2,page_0184,2,詩,thì,,,syllable,SYLLABLE,nghia_consensus,0.91,0.274,130.0,181.0,96fb58db9c27,ok,train,yen2|page_0184|c2,"[1333, 2133, 1443, 2280]",nghia_consensus,22.503333333333334,2d515a795cc4551f,228
58886,syllable/yen11_page_0048_c02_028.png,yen11,page_0048,2,行,đức,,,syllable,SYLLABLE,nghia_consensus,0.198,0.189,99.0,140.0,50ec9963569d,ok,train,yen11|page_0048|c2,"[1282, 951, 1386, 1065]",nghia_consensus,22.503333333333334,421fce0a81d0a608,229
46203,syllable/yen4_page_0208_c02_031.png,yen4,page_0208,2,郪,sau,,,syllable,SYLLABLE,nghia_consensus,0.164,0.185,81.0,100.0,1b602af64a46,ok,train,yen4|page_0208|c2,"[883, 806, 955, 888]",nghia_consensus,22.503333333333334,60cb5c52f54e85e6,230
953,syllable/yen2_page_0022_c01_020.png,yen2,page_0022,1,渚,chó,,,syllable,SYLLABLE,nghia_consensus,0.839,0.178,82.0,142.0,7933d6c86045,ok,train,yen2|page_0022|c1,"[1440, 2299, 1545, 2415]",nghia_consensus,22.503333333333334,0d778bbc9111ed60,231
73886,syllable/yen11_page_0210_c01_019.png,yen11,page_0210,1,𭔿,ông,,,syllable,SYLLABLE,nghia_consensus,,0.133,22.0,65.0,dd6ef7ac5e3b,tall,train,yen11|page_0210|c1,"[1600, 2335, 1699, 2451]",nghia_consensus,22.503333333333334,34bb32099547f641,232
17284,syllable/yen2_page_0204_c05_080.png,yen2,page_0204,5,弇,ông,,,syllable,SYLLABLE,nghia_consensus,0.482,0.176,128.0,169.0,4fed7290cbed,ok,train,yen2|page_0204|c5,"[827, 1138, 932, 1275]",nghia_consensus,22.503333333333334,1f2ac28e2d6080a1,233
17518,syllable/yen2_page_0206_c09_155.png,yen2,page_0206,9,好,đức,,,syllable,SYLLABLE,nghia_consensus,0.392,0.169,124.0,149.0,8383eda5a69c,ok,train,yen2|page_0206|c9,"[229, 588, 329, 709]",nghia_consensus,22.503333333333334,51589cf690fd65b0,234
45533,syllable/yen4_page_0200_c05_095.png,yen4,page_0200,5,廩,lăm,,,syllable,SYLLABLE,nghia_consensus,0.044,0.199,73.0,95.0,f64c96d3440b,ok,train,yen4|page_0200|c5,"[595, 799, 665, 876]",nghia_consensus,22.503333333333334,668299fbf7d8cfbe,235
17269,syllable/yen2_page_0204_c04_065.png,yen2,page_0204,4,好,đức,,,syllable,SYLLABLE,nghia_consensus,0.081,0.196,125.0,162.0,6b3c65226afe,ok,train,yen2|page_0204|c4,"[976, 1513, 1077, 1645]",nghia_consensus,22.503333333333334,57227df3accf1c66,236
52227,syllable/yen4_page_0272_c04_069.png,yen4,page_0272,4,欲,hết,,,syllable,SYLLABLE,nghia_consensus,0.787,0.216,77.0,96.0,f83c3d4012f0,ok,train,yen4|page_0272|c4,"[678, 436, 750, 514]",nghia_consensus,22.503333333333334,66a05514f68ec769,237
11840,syllable/yen2_page_0138_c02_044.png,yen2,page_0138,2,而,làm,,,syllable,SYLLABLE,nghia_consensus,0.026,0.213,117.0,117.0,7464956345a3,ok,train,yen2|page_0138|c2,"[1308, 2406, 1403, 2501]",nghia_consensus,22.503333333333334,c20021bd28953ee1,238
1831,syllable/yen2_page_0030_c07_143.png,yen2,page_0030,7,茂,một,,,syllable,SYLLABLE,nghia_consensus,0.428,0.2,85.0,145.0,d1054d87798c,ok,test,yen2|page_0030|c7,"[519, 1310, 618, 1427]",nghia_consensus,22.503333333333334,d6d60921a35420c7,239
64471,syllable/yen11_page_0110_c07_143.png,yen11,page_0110,7,末,mát,,,syllable,SYLLABLE,nghia_consensus,0.578,0.178,99.0,146.0,a498b3298486,ok,test,yen11|page_0110|c7,"[526, 2013, 631, 2131]",nghia_consensus,22.503333333333334,2b61ef898d96b42a,240
47648,syllable/yen4_page_0224_c01_000.png,yen4,page_0224,1,𭃡,xưa,,,syllable,SYLLABLE,nghia_consensus,0.349,0.098,75.0,98.0,7d45de70d24e,ok,val,yen4|page_0224|c1,"[965, 249, 1039, 329]",nghia_consensus,22.503333333333334,aa0e28b69ce85215,241
27317,syllable/yen2_page_0322_c02_035.png,yen2,page_0322,2,駐,sống,,,syllable,SYLLABLE,nghia_consensus,0.218,0.186,116.0,159.0,43bc32fc4ff7,ok,train,yen2|page_0322|c2,"[1297, 2071, 1409, 2200]",nghia_consensus,22.503333333333334,04e29940f638e2ba,242
51172,syllable/yen4_page_0260_c06_136.png,yen4,page_0260,6,餘,thờ,,,syllable,SYLLABLE,nghia_consensus,0.923,0.157,73.0,72.0,4c7b5cb9f515,ok,train,yen4|page_0260|c6,"[476, 1588, 545, 1655]",nghia_consensus,22.503333333333334,f3b941b6931db859,243
73610,syllable/yen11_page_0206_c07_136.png,yen11,page_0206,7,凜,lăm,,,syllable,SYLLABLE,nghia_consensus,0.781,0.227,91.0,141.0,8593c35494bf,ok,train,yen11|page_0206|c7,"[557, 1166, 660, 1281]",nghia_consensus,22.503333333333334,0752c9152a34798b,244
77555,syllable/yen11_page_0250_c02_041.png,yen11,page_0250,2,而,làm,,,syllable,SYLLABLE,nghia_consensus,0.451,0.176,92.0,122.0,dc8eaa404add,ok,train,yen11|page_0250|c2,"[1337, 1959, 1436, 2062]",nghia_consensus,22.503333333333334,4542216e3331baf6,245
33981,syllable/yen4_page_0074_c02_029.png,yen4,page_0074,2,張,mẹ,,,syllable,SYLLABLE,nghia_consensus,0.033,0.142,85.0,94.0,93909a330046,ok,train,yen4|page_0074|c2,"[854, 687, 923, 763]",nghia_consensus,22.503333333333334,ae869273ef56f4b2,246
80611,syllable/yen11_page_0282_c02_023.png,yen11,page_0282,2,人,ấy,,,syllable,SYLLABLE,nghia_consensus,0.242,0.164,87.0,145.0,8d954f13e6f2,ok,train,yen11|page_0282|c2,"[1318, 624, 1422, 741]",nghia_consensus,22.503333333333334,414bbabc8d9ba84a,247
12572,syllable/yen2_page_0148_c04_074.png,yen2,page_0148,4,百,làm,,,syllable,SYLLABLE,nghia_consensus,0.044,0.237,108.0,136.0,d83693f6c5ef,ok,train,yen2|page_0148|c4,"[979, 1763, 1085, 1873]",nghia_consensus,22.503333333333334,300e13d8565d4944,248
56728,syllable/yen11_page_0022_c05_100.png,yen11,page_0022,5,行,đức,,,syllable,SYLLABLE,nghia_consensus,0.076,0.156,105.0,135.0,e2153a6f7a7c,ok,train,yen11|page_0022|c5,"[828, 1312, 932, 1421]",nghia_consensus,22.503333333333334,b3286148a6995eb0,249
40374,syllable/yen4_page_0144_c03_046.png,yen4,page_0144,3,得,ngày,,,syllable,SYLLABLE,nghia_consensus,0.158,0.171,64.0,95.0,d52867eaaf9e,ok,val,yen4|page_0144|c3,"[773, 500, 847, 577]",nghia_consensus,22.503333333333334,2e1ef1295177d2a0,250
43843,syllable/yen4_page_0182_c04_086.png,yen4,page_0182,4,廩,lăm,,,syllable,SYLLABLE,nghia_consensus,0.709,0.195,72.0,90.0,605f1dd67814,ok,train,yen4|page_0182|c4,"[711, 882, 781, 956]",nghia_consensus,22.503333333333334,fd984b02cc364b2b,251
5444,syllable/yen2_page_0068_c08_152.png,yen2,page_0068,8,寳,xuống,,,syllable,SYLLABLE,nghia_consensus,0.28,0.182,109.0,150.0,98ba81d9ecee,ok,test,yen2|page_0068|c8,"[384, 1000, 478, 1122]",nghia_consensus,22.503333333333334,8d5a00691b0cb480,252
26622,syllable/yen2_page_0314_c01_019.png,yen2,page_0314,1,噀,ra,,,syllable,SYLLABLE,nghia_consensus,0.218,0.182,125.0,148.0,c3f0b7849c99,ok,test,yen2|page_0314|c1,"[1429, 2275, 1537, 2395]",nghia_consensus,22.503333333333334,a1878f6eea23d68e,253
79000,syllable/yen11_page_0264_c05_098.png,yen11,page_0264,5,团,bấy,,,syllable,SYLLABLE,nghia_consensus,0.195,0.224,97.0,142.0,fe45c821a7be,ok,train,yen11|page_0264|c5,"[882, 1559, 986, 1675]",nghia_consensus,22.503333333333334,a21dd7ebe22681c4,254
76912,syllable/yen11_page_0242_c09_168.png,yen11,page_0242,9,人,ấy,,,syllable,SYLLABLE,nghia_consensus,0.38,0.156,90.0,124.0,c4ba5e536e5e,ok,train,yen11|page_0242|c9,"[265, 1706, 360, 1806]",nghia_consensus,22.503333333333334,32f8a8ac72b399bc,255
37684,syllable/yen4_page_0114_c07_156.png,yen4,page_0114,7,𡖋,làm,,,syllable,SYLLABLE,nghia_consensus,0.038,0.191,59.0,90.0,cd90d6946b0c,ok,train,yen4|page_0114|c7,"[368, 1488, 439, 1562]",nghia_consensus,22.503333333333334,a3f1e81ae4253aab,256
7972,syllable/yen2_page_0096_c03_062.png,yen2,page_0096,3,梁,là,,,syllable,SYLLABLE,nghia_consensus,0.082,0.216,117.0,131.0,7af543be44a9,ok,train,yen2|page_0096|c3,"[1139, 1917, 1242, 2024]",nghia_consensus,22.503333333333334,45088f1be20293ac,257
10248,syllable/yen2_page_0120_c08_152.png,yen2,page_0120,8,𭔿,ông,,,syllable,SYLLABLE,nghia_consensus,0.082,0.158,128.0,140.0,c3a5e98faeba,ok,train,yen2|page_0120|c8,"[356, 746, 460, 860]",nghia_consensus,22.503333333333334,ac37ff970515da28,258
40865,syllable/yen4_page_0150_c02_030.png,yen4,page_0150,2,敬,hết,,,syllable,SYLLABLE,nghia_consensus,0.084,0.198,77.0,98.0,7b7d680a1b2c,ok,train,yen4|page_0150|c2,"[857, 762, 931, 842]",nghia_consensus,22.503333333333334,c1573b906a9d6fed,259
70009,syllable/yen11_page_0168_c05_102.png,yen11,page_0168,5,䏷,ngày,,,syllable,SYLLABLE,nghia_consensus,0.08,0.188,111.0,125.0,9f4e48a34c35,ok,train,yen11|page_0168|c5,"[882, 1733, 987, 1847]",nghia_consensus,22.503333333333334,e9489174e3270a21,260
56530,syllable/yen11_page_0020_c05_102.png,yen11,page_0020,5,仪,ấy,,,syllable,SYLLABLE,nghia_consensus,0.336,0.191,121.0,125.0,50c4c536c987,ok,train,yen11|page_0020|c5,"[861, 2305, 981, 2406]",nghia_consensus,22.503333333333334,0e32d60fd5b09d71,261
4568,syllable/yen2_page_0060_c02_027.png,yen2,page_0060,2,而,làm,,,syllable,SYLLABLE,nghia_consensus,0.137,0.187,116.0,135.0,c196b82e30d4,ok,train,yen2|page_0060|c2,"[1300, 1031, 1403, 1140]",nghia_consensus,22.503333333333334,b98aa3c8205fbe7d,262
52091,syllable/yen4_page_0270_c07_135.png,yen4,page_0270,7,用,bấy,,,syllable,SYLLABLE,nghia_consensus,0.228,0.148,84.0,90.0,bf510e68f379,ok,test,yen4|page_0270|c7,"[378, 299, 446, 373]",nghia_consensus,22.503333333333334,807ef00934dc614f,263
43502,syllable/yen4_page_0176_c06_118.png,yen4,page_0176,6,祐,xem,,,syllable,SYLLABLE,nghia_consensus,0.442,0.159,65.0,90.0,e985d2791af4,ok,train,yen4|page_0176|c6,"[474, 459, 542, 533]",nghia_consensus,22.503333333333334,db2e61907682937f,264
61053,syllable/yen11_page_0070_c04_081.png,yen11,page_0070,4,凜,lăm,,,syllable,SYLLABLE,nghia_consensus,0.578,0.273,82.0,145.0,6074104b856e,ok,train,yen11|page_0070|c4,"[1033, 2003, 1140, 2120]",nghia_consensus,22.503333333333334,e2c84d8ebcf7184a,265
56932,syllable/yen11_page_0024_c05_098.png,yen11,page_0024,5,林,lem,,,syllable,SYLLABLE,nghia_consensus,0.027,0.231,100.0,130.0,fe898b4537cf,ok,train,yen11|page_0024|c5,"[852, 1128, 966, 1234]",nghia_consensus,22.503333333333334,8dc710a9d12ace14,266
49966,syllable/yen4_page_0248_c03_051.png,yen4,page_0248,3,配,pha,,,syllable,SYLLABLE,nghia_consensus,0.076,0.139,81.0,89.0,8b469c83faa7,ok,train,yen4|page_0248|c3,"[782, 1480, 850, 1553]",nghia_consensus,22.503333333333334,29b2567d548841ef,267
78127,syllable/yen11_page_0256_c01_002.png,yen11,page_0256,1,人,ấy,,,syllable,SYLLABLE,nghia_consensus,0.132,0.132,80.0,137.0,d258e8d1645d,ok,train,yen11|page_0256|c1,"[1511, 625, 1613, 736]",nghia_consensus,22.503333333333334,ab2e15870fcff215,268
15541,syllable/yen2_page_0182_c09_148.png,yen2,page_0182,9,知,đức,,,syllable,SYLLABLE,nghia_consensus,0.275,0.225,113.0,148.0,5b57a081b9b1,ok,train,yen2|page_0182|c9,"[216, 563, 330, 683]",nghia_consensus,22.503333333333334,8188e6c7ed5706de,269
42106,syllable/yen4_page_0162_c06_138.png,yen4,page_0162,6,爾,trời,,,syllable,SYLLABLE,nghia_consensus,0.026,0.18,70.0,90.0,620574306a8b,ok,train,yen4|page_0162|c6,"[498, 1292, 569, 1366]",nghia_consensus,22.503333333333334,2fc14ee58589f4ec,270
43675,syllable/yen4_page_0178_c05_084.png,yen4,page_0178,5,劳,lào,,,syllable,SYLLABLE,nghia_consensus,0.487,0.157,68.0,69.0,d22cf3eab3da,ok,train,yen4|page_0178|c5,"[569, 239, 636, 307]",nghia_consensus,22.503333333333334,28d7230677f97184,271
55286,syllable/yen4_page_0302_c09_165.png,yen4,page_0302,9,罷,là,,,syllable,SYLLABLE,nghia_consensus,0.087,0.144,77.0,95.0,9cc08773b137,ok,train,yen4|page_0302|c9,"[175, 245, 247, 322]",nghia_consensus,22.503333333333334,b6bd3f814c518ee3,272
72821,syllable/yen11_page_0198_c06_117.png,yen11,page_0198,6,庒,chắng,,,syllable,SYLLABLE,nghia_consensus,0.706,0.118,112.0,138.0,c2b625a478d7,ok,train,yen11|page_0198|c6,"[1184, 1333, 1295, 1445]",nghia_consensus,22.503333333333334,4fdb92003ecfc51c,273
6778,syllable/yen2_page_0084_c01_018.png,yen2,page_0084,1,㓜,chém,,,syllable,SYLLABLE,nghia_consensus,0.199,0.185,130.0,140.0,cec8389f8cd8,ok,train,yen2|page_0084|c1,"[1439, 2066, 1545, 2180]",nghia_consensus,22.503333333333334,d5aaf1ea9e3e5afc,274
31132,syllable/yen4_page_0042_c09_184.png,yen4,page_0042,9,得,ngày,,,syllable,SYLLABLE,nghia_consensus,0.055,0.24,59.0,110.0,a9424df03c49,tall,train,yen4|page_0042|c9,"[166, 983, 245, 1073]",nghia_consensus,22.503333333333334,949924f856c13921,275
15389,syllable/yen2_page_0180_c09_166.png,yen2,page_0180,9,店,vì,,,syllable,SYLLABLE,nghia_consensus,0.026,0.222,114.0,146.0,4bb4a2591f06,ok,test,yen2|page_0180|c9,"[207, 2097, 314, 2221]",nghia_consensus,22.503333333333334,217966e8882a9390,276
75709,syllable/yen11_page_0228_c07_126.png,yen11,page_0228,7,趍,đi,,,syllable,SYLLABLE,nghia_consensus,0.404,0.223,92.0,110.0,0246686e2465,ok,train,yen11|page_0228|c7,"[575, 427, 681, 532]",nghia_consensus,22.503333333333334,35bd61f7373501f5,277
66098,syllable/yen11_page_0128_c04_071.png,yen11,page_0128,4,戈,cùng,,,syllable,SYLLABLE,nghia_consensus,0.76,0.183,79.0,139.0,8212db33d4e0,ok,train,yen11|page_0128|c4,"[1011, 928, 1118, 1041]",nghia_consensus,22.503333333333334,74da1e1d7ad82942,278
7268,syllable/yen2_page_0088_c07_141.png,yen2,page_0088,7,衍,đức,,,syllable,SYLLABLE,nghia_consensus,0.483,0.178,128.0,158.0,d43b4bde1f2a,ok,train,yen2|page_0088|c7,"[525, 1704, 629, 1832]",nghia_consensus,22.503333333333334,0d29f8aa129526e1,279
17503,syllable/yen2_page_0206_c08_140.png,yen2,page_0206,8,平,băng,,,syllable,SYLLABLE,nghia_consensus,0.949,0.217,96.0,155.0,40374bfaab52,ok,train,yen2|page_0206|c8,"[375, 1086, 482, 1211]",nghia_consensus,22.503333333333334,269eb703624b932c,280
39661,syllable/yen4_page_0136_c06_120.png,yen4,page_0136,6,仗,việc,,,syllable,SYLLABLE,nghia_consensus,0.028,0.122,94.0,97.0,94f79ac2d6f9,ok,train,yen4|page_0136|c6,"[483, 1106, 559, 1185]",nghia_consensus,22.503333333333334,51d83ac8f79e808c,281
44291,syllable/yen4_page_0186_c07_115.png,yen4,page_0186,7,𭃡,xưa,,,syllable,SYLLABLE,nghia_consensus,0.07,0.22,95.0,87.0,c2893055e35b,ok,train,yen4|page_0186|c7,"[373, 544, 450, 615]",nghia_consensus,22.503333333333334,a1d726e20033da73,282
26984,syllable/yen2_page_0318_c03_049.png,yen2,page_0318,3,無,vồ,,,syllable,SYLLABLE,nghia_consensus,0.914,0.19,102.0,150.0,f492e43f3724,ok,train,yen2|page_0318|c3,"[1143, 1591, 1236, 1713]",nghia_consensus,22.503333333333334,d6dce2a8c634c82e,283
59244,syllable/yen11_page_0050_c09_195.png,yen11,page_0050,9,白,làm,,,syllable,SYLLABLE,nghia_consensus,0.07,0.136,97.0,139.0,49068ee473ae,ok,train,yen11|page_0050|c9,"[271, 2262, 373, 2375]",nghia_consensus,22.503333333333334,8746cf7b31ba57fc,284
10914,syllable/yen2_page_0128_c03_048.png,yen2,page_0128,3,漂,lăm,,,syllable,SYLLABLE,nghia_consensus,0.119,0.281,95.0,148.0,6ee784a10fa5,ok,val,yen2|page_0128|c3,"[1108, 1121, 1217, 1241]",nghia_consensus,22.503333333333334,0bf1ad2a46785462,285
69329,syllable/yen11_page_0160_c09_174.png,yen11,page_0160,9,次,khi,,,syllable,SYLLABLE,nghia_consensus,0.073,0.153,87.0,130.0,b4d7fa531faa,ok,train,yen11|page_0160|c9,"[276, 2052, 367, 2158]",nghia_consensus,22.503333333333334,3be8fe2973e7e891,286
65692,syllable/yen11_page_0124_c02_033.png,yen11,page_0124,2,趍,đi,,,syllable,SYLLABLE,nghia_consensus,0.129,0.158,88.0,141.0,f8813f7a821d,ok,train,yen11|page_0124|c2,"[1337, 1382, 1439, 1497]",nghia_consensus,22.503333333333334,c963b55665ceda66,287
74211,syllable/yen11_page_0212_c09_179.png,yen11,page_0212,9,𮧯,và,,,syllable,SYLLABLE,nghia_consensus,0.098,0.15,105.0,156.0,0b3c259e8c26,ok,train,yen11|page_0212|c9,"[255, 1490, 367, 1616]",nghia_consensus,22.503333333333334,090d08417acbdc08,288
11390,syllable/yen2_page_0132_c07_135.png,yen2,page_0132,7,𭔿,ông,,,syllable,SYLLABLE,nghia_consensus,0.801,0.265,106.0,145.0,01ddfd58da29,ok,val,yen2|page_0132|c7,"[495, 1304, 599, 1421]",nghia_consensus,22.503333333333334,dbe20bad136c41f9,289
25167,syllable/yen2_page_0296_c05_086.png,yen2,page_0296,5,而,làm,,,syllable,SYLLABLE,nghia_consensus,0.118,0.183,131.0,163.0,3d81b9770645,ok,val,yen2|page_0296|c5,"[853, 1973, 967, 2106]",nghia_consensus,22.503333333333334,4dfb42551894eb38,290
80901,syllable/yen11_page_0284_c07_115.png,yen11,page_0284,7,𭔿,ông,,,syllable,SYLLABLE,nghia_consensus,0.159,0.221,97.0,142.0,fc239dfc3be7,ok,train,yen11|page_0284|c7,"[577, 2197, 684, 2313]",nghia_consensus,22.503333333333334,39e7f768236b9265,291
38737,syllable/yen4_page_0126_c05_109.png,yen4,page_0126,5,俞,trời,,,syllable,SYLLABLE,nghia_consensus,0.207,0.179,77.0,89.0,29c6b4e1ba56,ok,train,yen4|page_0126|c5,"[566, 1520, 637, 1593]",nghia_consensus,22.503333333333334,888f06762a9146eb,292
81841,syllable/yen11_page_0294_c07_131.png,yen11,page_0294,7,瑪,ma,,,syllable,SYLLABLE,nghia_consensus,0.447,0.204,103.0,148.0,97b8c5d60b44,ok,train,yen11|page_0294|c7,"[558, 812, 656, 932]",nghia_consensus,22.503333333333334,cce1d1d55d2f7042,293
80877,syllable/yen11_page_0284_c06_091.png,yen11,page_0284,6,莒,đầy,,,syllable,SYLLABLE,nghia_consensus,0.047,0.19,90.0,149.0,b22d8dff3ae0,ok,test,yen11|page_0284|c6,"[736, 2036, 843, 2157]",nghia_consensus,22.503333333333334,03ebcb1ab278ac34,294
69298,syllable/yen11_page_0160_c08_143.png,yen11,page_0160,8,莒,đầy,,,syllable,SYLLABLE,nghia_consensus,0.367,0.151,88.0,132.0,f5e90a49bba2,ok,val,yen11|page_0160|c8,"[425, 1242, 522, 1350]",nghia_consensus,22.503333333333334,f874d033267b741b,295
37385,syllable/yen4_page_0112_c02_028.png,yen4,page_0112,2,而,làm,,,syllable,SYLLABLE,nghia_consensus,0.279,0.13,65.0,95.0,e24429a6ef65,ok,train,yen4|page_0112|c2,"[860, 675, 931, 752]",nghia_consensus,22.503333333333334,6141d9c6994f5c61,296
68577,syllable/yen11_page_0154_c02_027.png,yen11,page_0154,2,岀,núi,,,syllable,SYLLABLE,nghia_consensus,0.411,0.207,76.0,142.0,e093d6516d68,tall,train,yen11|page_0154|c2,"[1260, 821, 1365, 937]",nghia_consensus,22.503333333333334,ec65aa4853cbd212,297
2438,syllable/yen2_page_0036_c09_166.png,yen2,page_0036,9,用,bấy,,,syllable,SYLLABLE,nghia_consensus,0.097,0.176,88.0,145.0,677c8653cc1c,ok,train,yen2|page_0036|c9,"[197, 1833, 298, 1950]",nghia_consensus,22.503333333333334,278f052f0f30f42a,298
1790,syllable/yen2_page_0030_c05_102.png,yen2,page_0030,5,弇,ông,,,syllable,SYLLABLE,nghia_consensus,0.696,0.133,117.0,141.0,55749880fadc,ok,train,yen2|page_0030|c5,"[827, 1610, 927, 1725]",nghia_consensus,22.503333333333334,8a64ef27a9191b53,299
