yield_match,yield_confirmed,yield_unconfirmed,yield_del,yield_ins,anchors_tested,anchor_retention,ret_noise0,ret_drop,ret_drop_syl,ret_ins_syl,ret_swap_syl,ret_tone_syl,ret_subst_char,ret_drop_char,ret_split_char,config,p_band,p_adaptive,p_similar,p_nodict,p_delins,n_columns,seeds,is_baseline,round
16315,16067,248,8685,8861,629767,0.96322,0.99766,0.03444,0.99625,0.99622,0.9476,0.91023,0.90571,0.99609,0.99671,band2_sim0.10_nod0.80_di0.45,2,False,0.1,0.8,0.45,1200,3,False,a
24529,16067,8462,471,647,629767,0.96463,0.99971,0.03508,0.99878,0.99848,0.94466,0.91207,0.90761,0.99843,0.99884,band2_sim0.10_nod0.80_di0.60,2,False,0.1,0.8,0.6,1200,3,False,a
24556,16058,8498,444,620,629767,0.96491,0.9999,0.035,0.99915,0.99894,0.94465,0.91227,0.90779,0.99882,0.99923,band2_sim0.10_nod0.80_di0.70,2,False,0.1,0.8,0.7,1200,3,False,a
24617,16027,8590,383,559,629767,0.96488,0.9999,0.03502,0.99923,0.99897,0.94411,0.91229,0.90781,0.99889,0.99936,band2_sim0.10_nod0.80_di0.85,2,False,0.1,0.8,0.85,1200,3,False,a
24741,15904,8837,259,435,629767,0.95149,1.0,0.04851,0.99918,0.99896,0.85314,0.91222,0.9079,0.99879,0.9993,band2_sim0.10_nod0.80_di1.00,2,False,0.1,0.8,1.0,1200,3,False,a
16231,16067,164,8769,8945,629767,0.96319,0.99766,0.03447,0.99622,0.99619,0.94761,0.91018,0.90571,0.99605,0.99664,band2_sim0.10_nod0.90_di0.45,2,False,0.1,0.9,0.45,1200,3,False,a
24529,16067,8462,471,647,629767,0.96463,0.99971,0.03508,0.99879,0.99845,0.94468,0.91207,0.90761,0.99843,0.99884,band2_sim0.10_nod0.90_di0.60,2,False,0.1,0.9,0.6,1200,3,False,a
24556,16058,8498,444,620,629767,0.96491,0.9999,0.03499,0.99916,0.99894,0.94467,0.91226,0.90779,0.99884,0.99923,band2_sim0.10_nod0.90_di0.70,2,False,0.1,0.9,0.7,1200,3,False,a
24616,16028,8588,384,560,629767,0.96488,0.9999,0.03502,0.99925,0.99896,0.94413,0.91229,0.90781,0.99889,0.99936,band2_sim0.10_nod0.90_di0.85,2,False,0.1,0.9,0.85,1200,3,False,a
24741,15904,8837,259,435,629767,0.95148,1.0,0.04852,0.99919,0.99897,0.85304,0.91222,0.9079,0.99879,0.9993,band2_sim0.10_nod0.90_di1.00,2,False,0.1,0.9,1.0,1200,3,False,a
16067,16067,0,8933,9109,629767,0.96317,0.99766,0.03449,0.99619,0.99619,0.94761,0.91014,0.90571,0.99603,0.99662,band2_sim0.10_nod1.00_di0.45,2,False,0.1,1.0,0.45,1200,3,False,a
24529,16067,8462,471,647,629767,0.9647,0.99981,0.03511,0.99883,0.99856,0.94471,0.91215,0.90768,0.99852,0.9989,band2_sim0.10_nod1.00_di0.60,2,False,0.1,1.0,0.6,1200,3,False,a
24554,16059,8495,446,622,629767,0.96498,1.0,0.03502,0.9992,0.99905,0.9447,0.91231,0.90787,0.99891,0.99929,band2_sim0.10_nod1.00_di0.70,2,False,0.1,1.0,0.7,1200,3,False,a
24616,16028,8588,384,560,629767,0.96495,1.0,0.03505,0.99929,0.99907,0.94416,0.91236,0.90789,0.99897,0.99942,band2_sim0.10_nod1.00_di0.85,2,False,0.1,1.0,0.85,1200,3,False,a
24741,15904,8837,259,435,629767,0.95149,1.0,0.04851,0.99918,0.99899,0.85306,0.91222,0.9079,0.99881,0.9993,band2_sim0.10_nod1.00_di1.00,2,False,0.1,1.0,1.0,1200,3,False,a
16315,16067,248,8685,8861,629767,0.96323,0.99766,0.03444,0.99628,0.99623,0.94761,0.91025,0.90569,0.99611,0.99669,band2_sim0.20_nod0.80_di0.45,2,False,0.2,0.8,0.45,1200,3,False,a
24529,16067,8462,471,647,629767,0.96506,0.99971,0.03465,0.99892,0.99873,0.94682,0.91209,0.90761,0.99855,0.99907,band2_sim0.20_nod0.80_di0.60,2,False,0.2,0.8,0.6,1200,3,False,a
24596,16038,8558,404,580,629767,0.96497,0.9999,0.03493,0.9992,0.99899,0.94471,0.91229,0.90781,0.99891,0.99939,band2_sim0.20_nod0.80_di0.70,2,False,0.2,0.8,0.7,1200,3,False,a
24623,16022,8601,377,553,629767,0.965,1.0,0.035,0.99937,0.99912,0.94427,0.91235,0.9079,0.99901,0.99951,band2_sim0.20_nod0.80_di0.85,2,False,0.2,0.8,0.85,1200,3,False,a
24741,15904,8837,259,435,629767,0.95149,1.0,0.04851,0.99918,0.99897,0.8531,0.91222,0.9079,0.99879,0.9993,band2_sim0.20_nod0.80_di1.00,2,False,0.2,0.8,1.0,1200,3,False,a
16234,16067,167,8766,8942,629767,0.96318,0.99766,0.03448,0.99622,0.99619,0.94761,0.91017,0.90569,0.99605,0.99663,band2_sim0.20_nod0.90_di0.45,2,False,0.2,0.9,0.45,1200,3,False,a
24529,16067,8462,471,647,629767,0.96512,0.99981,0.03469,0.99896,0.99882,0.94686,0.91216,0.90768,0.99863,0.99912,band2_sim0.20_nod0.90_di0.60,2,False,0.2,0.9,0.6,1200,3,False,a
24596,16038,8558,404,580,629767,0.96504,1.0,0.03496,0.99923,0.99909,0.94475,0.91235,0.90789,0.99898,0.99945,band2_sim0.20_nod0.90_di0.70,2,False,0.2,0.9,0.7,1200,3,False,a
24621,16024,8597,379,555,629767,0.96501,1.0,0.03499,0.99937,0.99913,0.94427,0.91235,0.9079,0.99902,0.99951,band2_sim0.20_nod0.90_di0.85,2,False,0.2,0.9,0.85,1200,3,False,a
24741,15904,8837,259,435,629767,0.9515,1.0,0.0485,0.99919,0.99899,0.85315,0.91222,0.9079,0.99881,0.9993,band2_sim0.20_nod0.90_di1.00,2,False,0.2,0.9,1.0,1200,3,False,a
16067,16067,0,8933,9109,629767,0.96317,0.99766,0.0345,0.99619,0.99619,0.94761,0.91014,0.90569,0.99603,0.9966,band2_sim0.20_nod1.00_di0.45,2,False,0.2,1.0,0.45,1200,3,False,a
24529,16067,8462,471,647,629767,0.96512,0.99981,0.03469,0.99897,0.99881,0.94687,0.91217,0.90768,0.99861,0.99912,band2_sim0.20_nod1.00_di0.60,2,False,0.2,1.0,0.6,1200,3,False,a
24596,16038,8558,404,580,629767,0.96504,1.0,0.03496,0.99923,0.99909,0.94475,0.91236,0.90789,0.99897,0.99946,band2_sim0.20_nod1.00_di0.70,2,False,0.2,1.0,0.7,1200,3,False,a
24620,16025,8595,380,556,629767,0.96501,1.0,0.03499,0.99938,0.99913,0.94427,0.91236,0.9079,0.99902,0.99951,band2_sim0.20_nod1.00_di0.85,2,False,0.2,1.0,0.85,1200,3,False,a
24741,15904,8837,259,435,629767,0.95149,1.0,0.04851,0.99918,0.99899,0.85308,0.91222,0.9079,0.99881,0.9993,band2_sim0.20_nod1.00_di1.00,2,False,0.2,1.0,1.0,1200,3,False,a
16315,16067,248,8685,8861,629767,0.96323,0.99766,0.03443,0.99627,0.99624,0.94761,0.91024,0.90571,0.99612,0.99671,band2_sim0.30_nod0.80_di0.45,2,False,0.3,0.8,0.45,1200,3,False,a
24530,16066,8464,470,646,629767,0.96553,0.99981,0.03427,0.9991,0.99897,0.94896,0.91218,0.9077,0.99884,0.99935,band2_sim0.30_nod0.80_di0.60,2,False,0.3,0.8,0.6,1200,3,False,a
24608,16032,8576,392,568,629767,0.9651,1.0,0.0349,0.99933,0.99915,0.94494,0.91235,0.90789,0.99904,0.99947,band2_sim0.30_nod0.80_di0.70,2,False,0.3,0.8,0.7,1200,3,False,a
24675,15970,8705,325,501,629767,0.96503,1.0,0.03497,0.9994,0.99917,0.94429,0.91237,0.9079,0.99907,0.99949,band2_sim0.30_nod0.80_di0.85,2,False,0.3,0.8,0.85,1200,3,False,a
24741,15904,8837,259,435,629767,0.95151,1.0,0.04849,0.99919,0.99901,0.85317,0.91222,0.9079,0.99881,0.9993,band2_sim0.30_nod0.80_di1.00,2,False,0.3,0.8,1.0,1200,3,False,a
16233,16067,166,8767,8943,629767,0.96319,0.99766,0.03447,0.99621,0.9962,0.94761,0.91018,0.90571,0.99605,0.99664,band2_sim0.30_nod0.90_di0.45,2,False,0.3,0.9,0.45,1200,3,False,a
24529,16066,8463,471,647,629767,0.96554,0.99981,0.03426,0.9991,0.99896,0.94896,0.91221,0.9077,0.99884,0.99938,band2_sim0.30_nod0.90_di0.60,2,False,0.3,0.9,0.6,1200,3,False,a
24608,16032,8576,392,568,629767,0.9651,1.0,0.0349,0.99933,0.99915,0.94494,0.91235,0.90789,0.99906,0.99948,band2_sim0.30_nod0.90_di0.70,2,False,0.3,0.9,0.7,1200,3,True,a
24676,15969,8707,324,500,629767,0.96503,1.0,0.03497,0.9994,0.99917,0.94429,0.91237,0.9079,0.99907,0.99949,band2_sim0.30_nod0.90_di0.85,2,False,0.3,0.9,0.85,1200,3,False,a
24741,15904,8837,259,435,629767,0.95151,1.0,0.04849,0.9992,0.99901,0.8532,0.91222,0.9079,0.99881,0.9993,band2_sim0.30_nod0.90_di1.00,2,False,0.3,0.9,1.0,1200,3,False,a
16067,16067,0,8933,9109,629767,0.96317,0.99766,0.03449,0.99617,0.9962,0.94761,0.91014,0.90571,0.99603,0.99662,band2_sim0.30_nod1.00_di0.45,2,False,0.3,1.0,0.45,1200,3,False,a
24529,16066,8463,471,647,629767,0.96554,0.99981,0.03427,0.99912,0.99895,0.94897,0.91217,0.9077,0.99884,0.99938,band2_sim0.30_nod1.00_di0.60,2,False,0.3,1.0,0.6,1200,3,False,a
24608,16032,8576,392,568,629767,0.9651,1.0,0.0349,0.99933,0.99915,0.94494,0.91236,0.90789,0.99904,0.99947,band2_sim0.30_nod1.00_di0.70,2,False,0.3,1.0,0.7,1200,3,False,a
24676,15969,8707,324,500,629767,0.96503,1.0,0.03497,0.99941,0.99917,0.94428,0.91236,0.9079,0.99907,0.9995,band2_sim0.30_nod1.00_di0.85,2,False,0.3,1.0,0.85,1200,3,False,a
24741,15904,8837,259,435,629767,0.9515,1.0,0.0485,0.99919,0.99901,0.85311,0.91222,0.9079,0.99881,0.9993,band2_sim0.30_nod1.00_di1.00,2,False,0.3,1.0,1.0,1200,3,False,a
16314,16066,248,8686,8862,629767,0.9635,0.99776,0.03426,0.99657,0.99664,0.94793,0.91036,0.90581,0.99646,0.99703,band2_sim0.45_nod0.80_di0.45,2,False,0.45,0.8,0.45,1200,3,False,a
24547,16059,8488,453,629,629767,0.96578,1.0,0.03422,0.99945,0.99919,0.94926,0.91235,0.90791,0.99908,0.9996,band2_sim0.45_nod0.80_di0.60,2,False,0.45,0.8,0.6,1200,3,False,a
24609,16029,8580,391,567,629767,0.96576,1.0,0.03424,0.99939,0.99925,0.94917,0.91235,0.9079,0.9991,0.99954,band2_sim0.45_nod0.80_di0.70,2,False,0.45,0.8,0.7,1200,3,False,a
24710,15935,8775,290,466,629767,0.96505,1.0,0.03495,0.9994,0.9992,0.94441,0.91237,0.9079,0.99903,0.99954,band2_sim0.45_nod0.80_di0.85,2,False,0.45,0.8,0.85,1200,3,False,a
24741,15904,8837,259,435,629767,0.9515,1.0,0.0485,0.99919,0.99902,0.85312,0.91222,0.9079,0.99881,0.9993,band2_sim0.45_nod0.80_di1.00,2,False,0.45,0.8,1.0,1200,3,False,a
16224,16066,158,8776,8952,629767,0.96345,0.99776,0.03431,0.99651,0.99659,0.94793,0.91025,0.90581,0.9964,0.99696,band2_sim0.45_nod0.90_di0.45,2,False,0.45,0.9,0.45,1200,3,False,a
24545,16060,8485,455,631,629767,0.96577,1.0,0.03423,0.99945,0.99919,0.94926,0.91232,0.90791,0.99908,0.9996,band2_sim0.45_nod0.90_di0.60,2,False,0.45,0.9,0.6,1200,3,False,a
24606,16032,8574,394,570,629767,0.96576,1.0,0.03424,0.99938,0.99926,0.94916,0.91235,0.9079,0.99912,0.99954,band2_sim0.45_nod0.90_di0.70,2,False,0.45,0.9,0.7,1200,3,False,a
24710,15935,8775,290,466,629767,0.96505,1.0,0.03495,0.9994,0.9992,0.94441,0.91237,0.9079,0.99903,0.99955,band2_sim0.45_nod0.90_di0.85,2,False,0.45,0.9,0.85,1200,3,False,a
24741,15904,8837,259,435,629767,0.95151,1.0,0.04849,0.9992,0.99902,0.85315,0.91222,0.9079,0.99881,0.9993,band2_sim0.45_nod0.90_di1.00,2,False,0.45,0.9,1.0,1200,3,False,a
16066,16066,0,8934,9110,629767,0.96344,0.99776,0.03432,0.99647,0.99659,0.94793,0.91022,0.90581,0.99639,0.99694,band2_sim0.45_nod1.00_di0.45,2,False,0.45,1.0,0.45,1200,3,False,a
24545,16060,8485,455,631,629767,0.96578,1.0,0.03422,0.99945,0.99919,0.94926,0.91233,0.90791,0.99908,0.9996,band2_sim0.45_nod1.00_di0.60,2,False,0.45,1.0,0.6,1200,3,False,a
24605,16032,8573,395,571,629767,0.96577,1.0,0.03423,0.99939,0.99926,0.94917,0.91236,0.9079,0.99912,0.99958,band2_sim0.45_nod1.00_di0.70,2,False,0.45,1.0,0.7,1200,3,False,a
24710,15935,8775,290,466,629767,0.96505,1.0,0.03495,0.99941,0.9992,0.94441,0.91237,0.9079,0.99903,0.99954,band2_sim0.45_nod1.00_di0.85,2,False,0.45,1.0,0.85,1200,3,False,a
24741,15904,8837,259,435,629767,0.95149,1.0,0.04851,0.99918,0.99902,0.85309,0.91222,0.9079,0.99881,0.9993,band2_sim0.45_nod1.00_di1.00,2,False,0.45,1.0,1.0,1200,3,False,a
16312,16064,248,8688,8864,629767,0.96368,0.99786,0.03417,0.99682,0.99678,0.94826,0.91044,0.90589,0.99668,0.99723,band2_sim0.60_nod0.80_di0.45,2,False,0.6,0.8,0.45,1200,3,False,a
24572,16046,8526,428,604,629767,0.96584,1.0,0.03416,0.99944,0.99928,0.94954,0.91235,0.90791,0.99918,0.99959,band2_sim0.60_nod0.80_di0.60,2,False,0.6,0.8,0.6,1200,3,False,a
24674,15964,8710,326,502,629767,0.96581,1.0,0.03419,0.99943,0.99932,0.94941,0.91236,0.9079,0.99906,0.99958,band2_sim0.60_nod0.80_di0.70,2,False,0.6,0.8,0.7,1200,3,False,a
24710,15935,8775,290,466,629767,0.96515,1.0,0.03485,0.99945,0.99929,0.94482,0.91237,0.9079,0.99913,0.9996,band2_sim0.60_nod0.80_di0.85,2,False,0.6,0.8,0.85,1200,3,False,a
24741,15904,8837,259,435,629767,0.95158,1.0,0.04842,0.99922,0.99908,0.85349,0.91222,0.9079,0.99884,0.99937,band2_sim0.60_nod0.80_di1.00,2,False,0.6,0.8,1.0,1200,3,False,a
16223,16064,159,8777,8953,629767,0.96364,0.99786,0.03422,0.99676,0.99675,0.94826,0.91036,0.90589,0.99661,0.99717,band2_sim0.60_nod0.90_di0.45,2,False,0.6,0.9,0.45,1200,3,False,a
24573,16046,8527,427,603,629767,0.96584,1.0,0.03416,0.99944,0.99928,0.94954,0.91235,0.90791,0.99918,0.99959,band2_sim0.60_nod0.90_di0.60,2,False,0.6,0.9,0.6,1200,3,False,a
24671,15966,8705,329,505,629767,0.96581,1.0,0.03419,0.99943,0.99931,0.94942,0.91236,0.9079,0.99908,0.99958,band2_sim0.60_nod0.90_di0.70,2,False,0.6,0.9,0.7,1200,3,False,a
24710,15935,8775,290,466,629767,0.96515,1.0,0.03485,0.99945,0.99929,0.94482,0.91237,0.9079,0.99913,0.9996,band2_sim0.60_nod0.90_di0.85,2,False,0.6,0.9,0.85,1200,3,False,a
24741,15904,8837,259,435,629767,0.95157,1.0,0.04843,0.99923,0.99908,0.85337,0.91222,0.9079,0.99884,0.99937,band2_sim0.60_nod0.90_di1.00,2,False,0.6,0.9,1.0,1200,3,False,a
16064,16064,0,8936,9112,629767,0.96363,0.99786,0.03423,0.99672,0.99675,0.94826,0.91032,0.90589,0.99659,0.99715,band2_sim0.60_nod1.00_di0.45,2,False,0.6,1.0,0.45,1200,3,False,a
24571,16047,8524,429,605,629767,0.96584,1.0,0.03416,0.99944,0.99928,0.94954,0.91233,0.90791,0.99918,0.99959,band2_sim0.60_nod1.00_di0.60,2,False,0.6,1.0,0.6,1200,3,False,a
24673,15964,8709,327,503,629767,0.96581,1.0,0.03419,0.99943,0.9993,0.94941,0.91236,0.9079,0.99906,0.99958,band2_sim0.60_nod1.00_di0.70,2,False,0.6,1.0,0.7,1200,3,False,a
24710,15935,8775,290,466,629767,0.96515,1.0,0.03485,0.99946,0.99929,0.94482,0.91237,0.9079,0.99913,0.9996,band2_sim0.60_nod1.00_di0.85,2,False,0.6,1.0,0.85,1200,3,False,a
24741,15904,8837,259,435,629767,0.95156,1.0,0.04844,0.99921,0.99908,0.85337,0.91222,0.9079,0.99884,0.99937,band2_sim0.60_nod1.00_di1.00,2,False,0.6,1.0,1.0,1200,3,False,a
24608,16032,8576,392,568,629767,0.9651,1.0,0.0349,0.99933,0.99915,0.94494,0.91235,0.90789,0.99906,0.99948,band3_sim0.30_nod0.90_di0.70,3,False,0.3,0.9,0.7,1200,3,False,a
24608,16032,8576,392,568,629767,0.9651,1.0,0.0349,0.99933,0.99915,0.94494,0.91235,0.90789,0.99906,0.99948,band4_sim0.30_nod0.90_di0.70,4,False,0.3,0.9,0.7,1200,3,False,a
24608,16032,8576,392,568,629767,0.9651,1.0,0.0349,0.99933,0.99915,0.94494,0.91235,0.90789,0.99906,0.99948,band2a_sim0.30_nod0.90_di0.70,2,True,0.3,0.9,0.7,1200,3,False,a
82251,53452,28799,1343,1706,3553291,0.96503,0.99991,0.03489,0.99933,0.99904,0.9447,0.91232,0.90777,0.99913,0.9994,band2_sim0.30_nod0.80_di0.70,2,False,0.3,0.8,0.7,4003,5,False,b
82249,53453,28796,1345,1708,3553291,0.96503,0.99991,0.03488,0.99934,0.99904,0.94471,0.91232,0.90777,0.99912,0.99942,band2_sim0.30_nod0.90_di0.70,2,False,0.3,0.9,0.7,4003,5,True,b
82242,53448,28794,1352,1715,3553291,0.96568,0.99991,0.03424,0.99937,0.99914,0.94885,0.91233,0.90779,0.99921,0.99944,band2_sim0.45_nod0.80_di0.70,2,False,0.45,0.8,0.7,4003,5,False,b
82427,53262,29165,1167,1530,3553291,0.96574,0.99994,0.0342,0.99941,0.99916,0.94909,0.91235,0.90781,0.99928,0.99946,band2_sim0.60_nod0.80_di0.70,2,False,0.6,0.8,0.7,4003,5,False,b
82560,53156,29404,1034,1397,3553291,0.9651,0.99994,0.03485,0.99947,0.99918,0.9446,0.91236,0.9078,0.99927,0.99951,band2_sim0.60_nod0.80_di0.85,2,False,0.6,0.8,0.85,4003,5,False,b
82422,53266,29156,1172,1535,3553291,0.96575,0.99994,0.03419,0.99943,0.99916,0.94911,0.91236,0.9078,0.99929,0.99949,band2_sim0.60_nod0.90_di0.70,2,False,0.6,0.9,0.7,4003,5,False,b
82559,53157,29402,1035,1398,3553291,0.96509,0.99994,0.03485,0.99946,0.99918,0.94461,0.91236,0.9078,0.99927,0.99948,band2_sim0.60_nod0.90_di0.85,2,False,0.6,0.9,0.85,4003,5,False,b
82424,53263,29161,1170,1533,3553291,0.96575,0.99994,0.03419,0.99941,0.99916,0.94912,0.91237,0.90781,0.99929,0.99946,band2_sim0.60_nod1.00_di0.70,2,False,0.6,1.0,0.7,4003,5,False,b
82559,53157,29402,1035,1398,3553291,0.96509,0.99994,0.03485,0.99946,0.99918,0.9446,0.91235,0.9078,0.99927,0.99948,band2_sim0.60_nod1.00_di0.85,2,False,0.6,1.0,0.85,4003,5,False,b
