image,book,page,column,syllable,ocr_char,chu_cau_de_xuat,tier_hien_tai,rule_hien_tai,diem_nghia,so_trang_lap
,stt11,page_0010,8,lấy,柩,穊,REVIEW,no_s1_inter_s2,0.0000,4
,stt11,page_0010_p0220,3,dây,姨,洟,REVIEW,no_s1_inter_s2,0.0000,4
,stt11,page_0010_p0220,5,biển,渡,𣷷,REVIEW,no_s1_inter_s2,,2
silver/stt11_page_0010_p0220_c08_152.png,stt11,page_0010_p0220,8,cho,床,咮,SILVER_uncalibrated,s2_inter_s3_corrected,0.0000,2
,stt11,page_0010_p0220,8,biển,渡,𣷷,REVIEW,no_s1_inter_s2,,2
silver/stt11_page_0012_c03_044.png,stt11,page_0012,3,ngày,得,𣈜,SILVER_uncalibrated,s2_inter_s3_corrected,,50
silver/stt11_page_0012_c06_115.png,stt11,page_0012,6,si,槎,蹉,SILVER_uncalibrated,s3_head_bank_consensus,0.0000,26
silver/stt11_page_0016_c05_093.png,stt11,page_0016,5,quỷ,思,鬼,SILVER_uncalibrated,s2_inter_s3_corrected,0.0000,57
silver/stt11_page_0016_c06_118.png,stt11,page_0016,6,quỷ,思,鬼,SILVER_uncalibrated,s2_inter_s3_corrected,0.0000,57
,stt11,page_0018,7,quỷ,思,鬼,REVIEW,no_s1_inter_s2,0.0000,57
,stt11,page_0020,3,tù,内,囚,REVIEW,no_s1_inter_s2,0.0000,3
silver/stt11_page_0020_c07_140.png,stt11,page_0020,7,si,槎,蹉,SILVER_uncalibrated,s2_inter_s3_corrected,0.0000,26
,stt11,page_0024,2,lấy,柩,穊,REVIEW,no_s1_inter_s2,0.0000,4
,stt11,page_0026,4,quỷ,思,鬼,REVIEW,no_s1_inter_s2,0.0000,57
silver/stt11_page_0026_c07_148.png,stt11,page_0026,7,cầu,來,求,SILVER_uncalibrated,s2_inter_s3_corrected,0.0000,3
silver/stt11_page_0026_c08_162.png,stt11,page_0026,8,ấy,伐,𧘇,SILVER_uncalibrated,s2_inter_s3_corrected,,21
,stt11,page_0026,8,làm,分,爫,REVIEW,no_s1_inter_s2,0.0000,3
silver/stt11_page_0026_c09_198.png,stt11,page_0026,9,quỷ,思,鬼,SILVER_uncalibrated,s2_inter_s3_corrected,0.0000,57
silver/stt11_page_0028_c06_125.png,stt11,page_0028,6,cầu,來,求,SILVER_uncalibrated,s2_inter_s3_corrected,0.0000,3
,stt11,page_0028,7,cầu,来,求,REVIEW,no_s1_inter_s2,0.0000,3
,stt11,page_0028,8,hay,吸,処,REVIEW,no_s1_inter_s2,0.0000,1
silver/stt11_page_0036_c04_061.png,stt11,page_0036,4,quỷ,思,鬼,SILVER_uncalibrated,s2_inter_s3_corrected,0.0000,57
,stt11,page_0036,5,quỷ,思,鬼,REVIEW,no_s1_inter_s2,0.0000,57
,stt11,page_0040,2,dây,姨,洟,REVIEW,diverged_column,0.0000,4
silver/stt11_page_0046_c02_024.png,stt11,page_0046,2,dấu,呌,𧿫,SILVER_uncalibrated,s2_inter_s3_corrected,0.0043,17
silver/stt11_page_0046_c07_113.png,stt11,page_0046,7,quỷ,思,鬼,SILVER_uncalibrated,s2_inter_s3_corrected,0.0000,57
,stt11,page_0048,4,dây,銕,𦀊,REVIEW,no_s1_inter_s2,,4
silver/stt11_page_0052_c06_127.png,stt11,page_0052,6,lần,吞,吝,SILVER_uncalibrated,s2_inter_s3_corrected,0.0268,7
silver/stt11_page_0054_c04_081.png,stt11,page_0054,4,dấu,呌,𧿫,SILVER_uncalibrated,s2_inter_s3_corrected,0.0043,17
silver/stt11_page_0056_c01_006.png,stt11,page_0056,1,dấu,呌,𧿫,SILVER_uncalibrated,s2_inter_s3_corrected,0.0043,17
silver/stt11_page_0056_c02_041.png,stt11,page_0056,2,quỷ,思,鬼,SILVER_uncalibrated,s2_inter_s3_corrected,0.0000,57
,stt11,page_0056,7,lấy,柩,穊,REVIEW,no_s1_inter_s2,0.0000,4
silver/stt11_page_0060_c08_157.png,stt11,page_0060,8,quỷ,思,鬼,SILVER_uncalibrated,s2_inter_s3_corrected,0.0000,57
silver/stt11_page_0062_c01_011.png,stt11,page_0062,1,cầu,来,求,SILVER_uncalibrated,s2_inter_s3_corrected,0.0000,3
silver/stt11_page_0062_c06_122.png,stt11,page_0062,6,dấu,呌,𧿫,SILVER_uncalibrated,s2_inter_s3_corrected,0.0043,17
silver/stt11_page_0062_c09_169.png,stt11,page_0062,9,ngày,得,𣈜,SILVER_uncalibrated,s2_inter_s3_corrected,,50
silver/stt11_page_0066_c07_133.png,stt11,page_0066,7,ấy,伐,𧘇,SILVER_uncalibrated,s2_inter_s3_corrected,,21
,stt11,page_0068,1,trong,重,盅,REVIEW,diverged_column,0.0000,1
,stt11,page_0068,2,ấy,伐,𧘇,REVIEW,diverged_column,,21
silver/stt11_page_0068_c09_193.png,stt11,page_0068,9,ấy,伐,𧘇,SILVER_uncalibrated,s2_inter_s3_corrected,,21
,stt11,page_0072,8,hai,呫,咍,REVIEW,diverged_column,0.0000,1
silver/stt11_page_0074_c02_022.png,stt11,page_0074,2,si,槎,蹉,SILVER_uncalibrated,s3_head_bank_consensus,0.0000,26
silver/stt11_page_0074_c07_147.png,stt11,page_0074,7,si,槎,蹉,SILVER_uncalibrated,s3_head_bank_consensus,0.0000,26
,stt11,page_0076,1,chết,机,划,REVIEW,no_s1_inter_s2,0.0000,1
,stt11,page_0078,9,làm,勺,乄,REVIEW,no_s1_inter_s2,0.0000,4
,stt11,page_0086,5,làm,勺,乄,REVIEW,no_s1_inter_s2,0.0000,4
,stt11,page_0088,2,có,中,古,REVIEW,no_s1_inter_s2,0.0158,1
silver/stt11_page_0088_c09_212.png,stt11,page_0088,9,trong,甲,中,SILVER_uncalibrated,s2_inter_s3_corrected,0.0062,3
silver/stt11_page_0092_c06_102.png,stt11,page_0092,6,si,槎,蹉,SILVER_uncalibrated,s2_inter_s3_corrected,0.0000,26
silver/stt11_page_0092_c07_113.png,stt11,page_0092,7,quỷ,思,鬼,SILVER_uncalibrated,s2_inter_s3_corrected,0.0000,57
,stt11,page_0098,4,làm,勺,乄,REVIEW,no_s1_inter_s2,0.0000,4
silver/stt11_page_0098_c09_149.png,stt11,page_0098,9,thánh,至,圣,SILVER_uncalibrated,s2_inter_s3_corrected,0.0669,21
silver/stt11_page_0100_c07_141.png,stt11,page_0100,7,áo,秋,㤇,SILVER_uncalibrated,s2_inter_s3_corrected,0.0041,1
silver/stt11_page_0104_c08_154.png,stt11,page_0104,8,quỷ,思,鬼,SILVER_uncalibrated,s2_inter_s3_corrected,0.0000,57
silver/stt11_page_0106_c01_004.png,stt11,page_0106,1,quỷ,思,鬼,SILVER_uncalibrated,s2_inter_s3_corrected,0.0000,57
,stt11,page_0106,1,mẹ,族,媄,REVIEW,no_s1_inter_s2,0.0632,3
silver/stt11_page_0108_c02_023.png,stt11,page_0108,2,vậy,还,丕,SILVER_uncalibrated,s2_inter_s3_corrected,0.0498,1
,stt11,page_0110,6,điều,誣,調,REVIEW,diverged_column,0.0225,1
silver/stt11_page_0110_c09_181.png,stt11,page_0110,9,nhạo,楽,樂,SILVER_uncalibrated,s2_inter_s3_corrected,0.0673,4
silver/stt11_page_0114_c01_003.png,stt11,page_0114,1,cầu,来,求,SILVER_uncalibrated,s2_inter_s3_corrected,0.0000,3
,stt11,page_0114,1,sống,報,𧚠,REVIEW,no_s1_inter_s2,,3
silver/stt11_page_0114_c02_038.png,stt11,page_0114,2,quỷ,思,鬼,SILVER_uncalibrated,s2_inter_s3_corrected,0.0000,57
,stt11,page_0114,8,hay,必,処,REVIEW,no_s1_inter_s2,0.0000,2
,stt11,page_0116,5,lạy,袍,𥚄,REVIEW,no_s1_inter_s2,,4
silver/stt11_page_0116_c06_113.png,stt11,page_0116,6,quỷ,思,鬼,SILVER_uncalibrated,s2_inter_s3_corrected,0.0000,57
,stt11,page_0116,8,quỷ,思,鬼,REVIEW,diverged_column,0.0000,57
,stt11,page_0120,1,nhà,戾,牙,REVIEW,no_s1_inter_s2,0.0000,1
,stt11,page_0124,5,hay,百,台,REVIEW,no_s1_inter_s2,0.0000,1
silver/stt11_page_0128_c06_123.png,stt11,page_0128,6,ngày,得,𣈜,SILVER_uncalibrated,s2_inter_s3_corrected,,50
,stt11,page_0134,4,chữa,勔,助,REVIEW,no_s1_inter_s2,0.0000,1
,stt11,page_0134,8,vợ,媚,婦,REVIEW,no_s1_inter_s2,0.0241,2
silver/stt11_page_0142_c04_077.png,stt11,page_0142,4,quỷ,思,鬼,SILVER_uncalibrated,s2_inter_s3_corrected,0.0000,57
silver/stt11_page_0142_c05_096.png,stt11,page_0142,5,quỷ,思,鬼,SILVER_uncalibrated,s2_inter_s3_corrected,0.0000,57
,stt11,page_0144,1,ma,瑪,嗎,REVIEW,diverged_column,0.0514,16
silver/stt11_page_0144_c07_141.png,stt11,page_0144,7,si,槎,蹉,SILVER_uncalibrated,s2_inter_s3_corrected,0.0000,26
silver/stt11_page_0146_c01_014.png,stt11,page_0146,1,si,槎,蹉,SILVER_uncalibrated,s3_head_bank_consensus,0.0000,26
,stt11,page_0146,6,học,季,斈,REVIEW,no_s1_inter_s2,0.0809,1
silver/stt11_page_0148_c01_011.png,stt11,page_0148,1,quỷ,思,鬼,SILVER_uncalibrated,s2_inter_s3_corrected,0.0000,57
,stt11,page_0148,2,quỷ,思,鬼,REVIEW,no_s1_inter_s2,0.0000,57
silver/stt11_page_0150_c07_139.png,stt11,page_0150,7,quỷ,思,鬼,SILVER_uncalibrated,s2_inter_s3_corrected,0.0000,57
silver/stt11_page_0152_c01_007.png,stt11,page_0152,1,của,右,古,SILVER_uncalibrated,s2_inter_s3_corrected,0.0000,2
silver/stt11_page_0152_c04_066.png,stt11,page_0152,4,quỷ,思,鬼,SILVER_uncalibrated,s2_inter_s3_corrected,0.0000,57
silver/stt11_page_0152_c04_068.png,stt11,page_0152,4,quỷ,思,鬼,SILVER_uncalibrated,s2_inter_s3_corrected,0.0000,57
,stt11,page_0152,6,quỷ,思,鬼,REVIEW,no_s1_inter_s2,0.0000,57
silver/stt11_page_0154_c05_091.png,stt11,page_0154,5,rừng,撥,澄,SILVER_uncalibrated,s2_inter_s3_corrected,0.0000,2
silver/stt11_page_0156_c02_042.png,stt11,page_0156,2,cầu,來,求,SILVER_uncalibrated,s2_inter_s3_corrected,0.0000,3
silver/stt11_page_0156_c03_053.png,stt11,page_0156,3,cầu,來,求,SILVER_uncalibrated,s2_inter_s3_corrected,0.0000,3
silver/stt11_page_0156_c06_128.png,stt11,page_0156,6,cầu,來,求,SILVER_uncalibrated,s2_inter_s3_corrected,0.0000,3
,stt11,page_0158,7,nhạo,楽,樂,REVIEW,diverged_column,0.0673,4
,stt11,page_0162,5,yêu,腸,腰,REVIEW,no_s1_inter_s2,0.0085,1
,stt11,page_0166,3,ma,瑪,嗎,REVIEW,diverged_column,0.0514,16
silver/stt11_page_0166_c08_168.png,stt11,page_0166,8,ngày,得,𣈜,SILVER_uncalibrated,s2_inter_s3_corrected,,50
,stt11,page_0168,1,quỷ,思,鬼,REVIEW,no_s1_inter_s2,0.0000,57
silver/stt11_page_0170_c08_094.png,stt11,page_0170,8,dấu,呌,𧿫,SILVER_uncalibrated,s2_inter_s3_corrected,0.0043,17
silver/stt11_page_0176_c01_015.png,stt11,page_0176,1,chê,跂,吱,SILVER_uncalibrated,s2_inter_s3_corrected,0.0000,1
silver/stt11_page_0178_c06_123.png,stt11,page_0178,6,quỷ,思,鬼,SILVER_uncalibrated,s2_inter_s3_corrected,0.0000,57
,stt11,page_0182,1,dây,姨,洟,REVIEW,no_s1_inter_s2,0.0000,4
,stt11,page_0182,8,quỷ,思,鬼,REVIEW,no_s1_inter_s2,0.0000,57
silver/stt11_page_0182_c08_166.png,stt11,page_0182,8,liên,逹,莲,SILVER_uncalibrated,s2_inter_s3_corrected,0.0260,1
silver/stt11_page_0188_c09_173.png,stt11,page_0188,9,thánh,至,圣,SILVER_uncalibrated,s2_inter_s3_corrected,0.0669,21
,stt11,page_0194,6,hãy,突,唉,REVIEW,no_s1_inter_s2,0.0082,3
silver/stt11_page_0196_c02_022.png,stt11,page_0196,2,ngày,得,𣈜,SILVER_uncalibrated,s2_inter_s3_corrected,,50
,stt11,page_0198,9,đền,佃,田,REVIEW,diverged_column,0.0142,1
silver/stt11_page_0200_c03_043.png,stt11,page_0200,3,mà,昧,菻,SILVER_uncalibrated,s2_inter_s3_corrected,0.0000,2
silver/stt11_page_0200_c05_103.png,stt11,page_0200,5,rừng,撥,澄,SILVER_uncalibrated,s2_inter_s3_corrected,0.0000,2
,stt11,page_0200,5,quỷ,思,鬼,REVIEW,no_s1_inter_s2,0.0000,57
,stt11,page_0200,9,quỷ,思,鬼,REVIEW,no_s1_inter_s2,0.0000,57
silver/stt11_page_0202_c09_168.png,stt11,page_0202,9,si,槎,蹉,SILVER_uncalibrated,s2_inter_s3_corrected,0.0000,26
silver/stt11_page_0208_c06_112.png,stt11,page_0208,6,si,槎,蹉,SILVER_uncalibrated,s2_inter_s3_corrected,0.0000,26
,stt11,page_0210,2,a,至,果,REVIEW,no_s1_inter_s2,0.0000,10
silver/stt11_page_0212_c05_102.png,stt11,page_0212,5,si,槎,蹉,SILVER_uncalibrated,s3_head_bank_consensus,0.0000,26
silver/stt11_page_0212_c09_177.png,stt11,page_0212,9,bằng,年,平,SILVER_uncalibrated,s2_inter_s3_corrected,0.0000,1
silver/stt11_page_0214_c08_162.png,stt11,page_0214,8,xuống,窀,笹,SILVER_uncalibrated,s3_head_bank_consensus,0.0000,1
silver/stt11_page_0218_c02_035.png,stt11,page_0218,2,si,槎,蹉,SILVER_uncalibrated,s2_inter_s3_corrected,0.0000,26
,stt11,page_0218,3,mùa,券,务,REVIEW,no_s1_inter_s2,0.0897,2
,stt11,page_0218,7,a,至,果,REVIEW,no_s1_inter_s2,0.0000,10
,stt11,page_0218,8,quý,實,貴,REVIEW,no_s1_inter_s2,0.0428,1
silver/stt11_page_0220_c03_055.png,stt11,page_0220,3,tế,癸,齐,SILVER_uncalibrated,s2_inter_s3_corrected,0.0412,1
,stt11,page_0220,3,ví,蛮,𠸠,REVIEW,no_s1_inter_s2,,1
silver/stt11_page_0220_c08_171.png,stt11,page_0220,8,cho,床,咮,SILVER_uncalibrated,s2_inter_s3_corrected,0.0000,2
,stt11,page_0222,7,dấu,呌,𧿫,REVIEW,no_s1_inter_s2,0.0043,17
silver/stt11_page_0224_c02_031.png,stt11,page_0224,2,a,至,果,SILVER_uncalibrated,s2_inter_s3_corrected,0.0000,10
silver/stt11_page_0224_c05_105.png,stt11,page_0224,5,si,槎,蹉,SILVER_uncalibrated,s3_head_bank_consensus,0.0000,26
,stt11,page_0234,2,ma,瑪,嗎,REVIEW,diverged_column,0.0514,16
silver/stt11_page_0236_c06_129.png,stt11,page_0236,6,tù,内,囚,SILVER_uncalibrated,s2_inter_s3_corrected,0.0000,3
,stt11,page_0236,8,làm,女,乄,REVIEW,diverged_column,0.0000,1
,stt11,page_0238,1,mẹ,娛,媄,REVIEW,no_s1_inter_s2,0.0632,1
,stt11,page_0238,6,dấu,呌,𧿫,REVIEW,no_s1_inter_s2,0.0043,17
,stt11,page_0242,1,biển,渡,𣷷,REVIEW,no_s1_inter_s2,,2
,stt11,page_0244,8,lạy,袍,𥚄,REVIEW,no_s1_inter_s2,,4
silver/stt11_page_0244_c08_167.png,stt11,page_0244,8,quỷ,思,鬼,SILVER_uncalibrated,s2_inter_s3_corrected,0.0000,57
silver/stt11_page_0246_c09_191.png,stt11,page_0246,9,ngày,得,𣈜,SILVER_uncalibrated,s2_inter_s3_corrected,,50
silver/stt11_page_0248_c09_197.png,stt11,page_0248,9,trong,甲,中,SILVER_uncalibrated,s2_inter_s3_corrected,0.0062,3
silver/stt11_page_0250_c01_011.png,stt11,page_0250,1,ấy,伐,𧘇,SILVER_uncalibrated,s2_inter_s3_corrected,,21
silver/stt11_page_0250_c09_200.png,stt11,page_0250,9,hay,必,処,SILVER_uncalibrated,s2_inter_s3_corrected,0.0000,2
,stt11,page_0252,5,phô,賄,哺,REVIEW,no_s1_inter_s2,0.0097,2
silver/stt11_page_0256_c03_050.png,stt11,page_0256,3,ngày,得,𣈜,SILVER_uncalibrated,s2_inter_s3_corrected,,50
silver/stt11_page_0256_c04_076.png,stt11,page_0256,4,chim,鵠,𪀄,SILVER_uncalibrated,s2_inter_s3_corrected,,1
,stt11,page_0256,5,phô,賄,哺,REVIEW,no_s1_inter_s2,0.0097,2
,stt11,page_0262,7,quỷ,思,鬼,REVIEW,no_s1_inter_s2,0.0000,57
silver/stt11_page_0266_c08_121.png,stt11,page_0266,8,si,槎,蹉,SILVER_uncalibrated,s2_inter_s3_corrected,0.0000,26
silver/stt11_page_0266_c08_122.png,stt11,page_0266,8,a,至,果,SILVER_uncalibrated,s2_inter_s3_corrected,0.0000,10
silver/stt11_page_0270_c01_012.png,stt11,page_0270,1,cho,失,木,SILVER_uncalibrated,s2_inter_s3_corrected,0.0000,3
silver/stt11_page_0272_c01_017.png,stt11,page_0272,1,đầu,碩,頭,SILVER_uncalibrated,s2_inter_s3_corrected,0.0567,1
silver/stt11_page_0272_c05_077.png,stt11,page_0272,5,si,槎,蹉,SILVER_uncalibrated,s3_head_bank_consensus,0.0000,26
silver/stt11_page_0272_c07_132.png,stt11,page_0272,7,si,槎,蹉,SILVER_uncalibrated,s2_inter_s3_corrected,0.0000,26
,stt11,page_0272,8,lạy,袍,𥚄,REVIEW,no_s1_inter_s2,,4
,stt11,page_0274,8,dấu,呌,𧿫,REVIEW,no_s1_inter_s2,0.0043,17
silver/stt11_page_0276_c09_178.png,stt11,page_0276,9,quỷ,思,鬼,SILVER_uncalibrated,s2_inter_s3_corrected,0.0000,57
,stt11,page_0278,3,nhạo,楽,樂,REVIEW,diverged_column,0.0673,4
,stt11,page_0278,9,làm,勺,乄,REVIEW,no_s1_inter_s2,0.0000,4
,stt11,page_0282,3,quỷ,思,鬼,REVIEW,no_s1_inter_s2,0.0000,57
silver/stt11_page_0282_c06_117.png,stt11,page_0282,6,phải,洋,拜,SILVER_uncalibrated,s2_inter_s3_corrected,0.0337,1
silver/stt11_page_0282_c09_188.png,stt11,page_0282,9,quỷ,思,鬼,SILVER_uncalibrated,s2_inter_s3_corrected,0.0000,57
silver/stt11_page_0284_c01_011.png,stt11,page_0284,1,hai,皆,怡,SILVER_uncalibrated,s2_inter_s3_corrected,0.0000,1
silver/stt11_page_0284_c01_017.png,stt11,page_0284,1,tù,内,囚,SILVER_uncalibrated,s2_inter_s3_corrected,0.0000,3
,stt11,page_0288,7,trâu,楼,𤠋,REVIEW,no_s1_inter_s2,0.0197,1
silver/stt11_page_0290_c03_048.png,stt11,page_0290,3,khuyên,勘,勧,SILVER_uncalibrated,s2_inter_s3_corrected,0.0468,2
,stt11,page_0290,3,sống,報,𧚠,REVIEW,no_s1_inter_s2,,3
,stt11,page_0292,4,lạy,袍,𥚄,REVIEW,no_s1_inter_s2,,4
,stt11,page_0294,2,dây,姨,洟,REVIEW,no_s1_inter_s2,0.0000,4
silver/stt11_page_0296_c06_105.png,stt11,page_0296,6,quỷ,思,鬼,SILVER_uncalibrated,s2_inter_s3_corrected,0.0000,57
,stt2,page_0012,1,bát,六,癶,REVIEW,no_s1_inter_s2,0.0000,1
,stt2,page_0014,9,giữ,侍,佇,REVIEW,no_s1_inter_s2,0.0173,2
silver/stt2_page_0016_c03_055.png,stt2,page_0016,3,cho,失,木,SILVER_uncalibrated,s2_inter_s3_corrected,0.0000,3
silver/stt2_page_0016_c03_065.png,stt2,page_0016,3,của,右,古,SILVER_uncalibrated,s2_inter_s3_corrected,0.0000,2
silver/stt2_page_0016_c04_078.png,stt2,page_0016,4,si,槎,蹉,SILVER_uncalibrated,s2_inter_s3_corrected,0.0000,26
,stt2,page_0018,1,lần,吞,吝,REVIEW,no_s1_inter_s2,0.0268,7
,stt2,page_0018,6,mặt,栖,湎,REVIEW,no_s1_inter_s2,0.0000,4
silver/stt2_page_0022_c07_143.png,stt2,page_0022,7,ấy,伐,𧘇,SILVER_uncalibrated,s2_inter_s3_corrected,,21
,stt2,page_0024,1,dấu,呌,𧿫,REVIEW,no_s1_inter_s2,0.0043,17
silver/stt2_page_0026_c01_015.png,stt2,page_0026,1,ấy,伐,𧘇,SILVER_uncalibrated,s2_inter_s3_corrected,,21
silver/stt2_page_0026_c02_042.png,stt2,page_0026,2,ấy,伐,𧘇,SILVER_uncalibrated,s2_inter_s3_corrected,,21
,stt2,page_0026,5,ti,牟,糸,REVIEW,no_s1_inter_s2,0.0273,1
silver/stt2_page_0028_c05_090.png,stt2,page_0028,5,phán,刾,判,SILVER_uncalibrated,s2_inter_s3_corrected,0.0000,3
silver/stt2_page_0028_c05_106.png,stt2,page_0028,5,ấy,伐,𧘇,SILVER_uncalibrated,s2_inter_s3_corrected,,21
silver/stt2_page_0030_c02_023.png,stt2,page_0030,2,ấy,伐,𧘇,SILVER_uncalibrated,s2_inter_s3_corrected,,21
silver/stt2_page_0030_c03_052.png,stt2,page_0030,3,ấy,伐,𧘇,SILVER_uncalibrated,s2_inter_s3_corrected,,21
silver/stt2_page_0030_c05_107.png,stt2,page_0030,5,ấy,伐,𧘇,SILVER_uncalibrated,s2_inter_s3_corrected,,21
silver/stt2_page_0034_c04_073.png,stt2,page_0034,4,ấy,収,𧘇,SILVER_uncalibrated,s2_inter_s3_corrected,,1
silver/stt2_page_0036_c07_123.png,stt2,page_0036,7,ấy,伐,𧘇,SILVER_uncalibrated,s2_inter_s3_corrected,,21
silver/stt2_page_0036_c09_153.png,stt2,page_0036,9,trên,蓬,𨖲,SILVER_uncalibrated,s2_inter_s3_corrected,,5
silver/stt2_page_0042_c07_134.png,stt2,page_0042,7,mặt,栖,湎,SILVER_uncalibrated,s2_inter_s3_corrected,0.0000,4
silver/stt2_page_0042_c07_147.png,stt2,page_0042,7,ấy,伐,𧘇,SILVER_uncalibrated,s2_inter_s3_corrected,,21
silver/stt2_page_0046_c02_025.png,stt2,page_0046,2,dấu,呌,𧿫,SILVER_uncalibrated,s2_inter_s3_corrected,0.0043,17
silver/stt2_page_0048_c08_147.png,stt2,page_0048,8,ngày,得,𣈜,SILVER_uncalibrated,s2_inter_s3_corrected,,50
,stt2,page_0050,5,trên,蓬,𨖲,REVIEW,no_s1_inter_s2,,5
,stt2,page_0050,8,sáu,都,𦒹,REVIEW,no_s1_inter_s2,,1
,stt2,page_0052,1,ma,瑪,嗎,REVIEW,diverged_column,0.0514,16
,stt2,page_0052,4,ấy,徐,衣,REVIEW,no_s1_inter_s2,0.0151,1
,stt2,page_0056,5,lần,吞,吝,REVIEW,no_s1_inter_s2,0.0268,7
,stt2,page_0060,5,a,至,果,REVIEW,no_s1_inter_s2,0.0000,10
silver/stt2_page_0060_c08_164.png,stt2,page_0060,8,quỷ,思,鬼,SILVER_uncalibrated,s2_inter_s3_corrected,0.0000,57
silver/stt2_page_0060_c09_182.png,stt2,page_0060,9,mặt,栖,湎,SILVER_uncalibrated,s2_inter_s3_corrected,0.0000,4
silver/stt2_page_0066_c03_055.png,stt2,page_0066,3,dấu,呌,𧿫,SILVER_uncalibrated,s2_inter_s3_corrected,0.0043,17
,stt2,page_0066,5,láng,朝,朗,REVIEW,no_s1_inter_s2,0.0079,2
,stt2,page_0068,4,lạy,裀,𥛉,REVIEW,no_s1_inter_s2,,1
,stt2,page_0070,5,so,爐,嚧,REVIEW,no_s1_inter_s2,,1
silver/stt2_page_0072_c04_064.png,stt2,page_0072,4,ngày,得,𣈜,SILVER_uncalibrated,s2_inter_s3_corrected,,50
silver/stt2_page_0074_c05_101.png,stt2,page_0074,5,lại,在,右,SILVER_uncalibrated,s2_inter_s3_corrected,0.0000,2
silver/stt2_page_0076_c02_028.png,stt2,page_0076,2,ngày,得,𣈜,SILVER_uncalibrated,s2_inter_s3_corrected,,50
silver/stt2_page_0076_c07_132.png,stt2,page_0076,7,ngày,得,𣈜,SILVER_uncalibrated,s2_inter_s3_corrected,,50
silver/stt2_page_0078_c04_067.png,stt2,page_0078,4,trời,癸,𡗶,SILVER_uncalibrated,s2_inter_s3_corrected,,1
,stt2,page_0078,7,ngực,膽,𦞐,REVIEW,no_s1_inter_s2,,1
,stt2,page_0082,4,ngày,得,𣈜,REVIEW,diverged_column,,50
,stt2,page_0082,5,đem,定,𨑴,REVIEW,diverged_column,,1
,stt2,page_0082,6,mặt,相,𩈘,REVIEW,diverged_column,,4
silver/stt2_page_0082_c08_155.png,stt2,page_0082,8,nhạo,楽,樂,SILVER_uncalibrated,s3_head_bank_consensus,0.0673,4
silver/stt2_page_0084_c02_025.png,stt2,page_0084,2,lành,合,令,SILVER_uncalibrated,s2_inter_s3_corrected,0.0000,2
silver/stt2_page_0086_c04_068.png,stt2,page_0086,4,trên,蓬,𨖲,SILVER_uncalibrated,s2_inter_s3_corrected,,5
,stt2,page_0086,9,cóp,汲,級,REVIEW,no_s1_inter_s2,0.0279,1
silver/stt2_page_0088_c03_051.png,stt2,page_0088,3,ngày,得,𣈜,SILVER_uncalibrated,s2_inter_s3_corrected,,50
,stt2,page_0090,4,ngày,睜,時,REVIEW,no_s1_inter_s2,0.0000,1
silver/stt2_page_0092_c02_031.png,stt2,page_0092,2,vua,峒,𢃊,SILVER_uncalibrated,s2_inter_s3_corrected,,1
silver/stt2_page_0094_c03_061.png,stt2,page_0094,3,trên,蓬,𨖲,SILVER_uncalibrated,s2_inter_s3_corrected,,5
silver/stt2_page_0096_c07_151.png,stt2,page_0096,7,cho,失,木,SILVER_uncalibrated,s2_inter_s3_corrected,0.0000,3
,stt2,page_0100,1,dưới,滯,𠁑,REVIEW,no_s1_inter_s2,,1
,stt2,page_0100,8,ấy,伐,𧘇,REVIEW,diverged_column,,21
silver/stt2_page_0102_c03_042.png,stt2,page_0102,3,yêu,矢,夭,SILVER_uncalibrated,s2_inter_s3_corrected,0.0118,1
silver/stt2_page_0104_c05_094.png,stt2,page_0104,5,ấy,伐,𧘇,SILVER_uncalibrated,s2_inter_s3_corrected,,21
,stt2,page_0108,7,quỷ,思,鬼,REVIEW,diverged_column,0.0000,57
silver/stt2_page_0110_c01_007.png,stt2,page_0110,1,ấy,伐,𧘇,SILVER_uncalibrated,s2_inter_s3_corrected,,21
,stt2,page_0114,1,thay,出,卋,REVIEW,no_s1_inter_s2,0.0361,4
silver/stt2_page_0114_c06_114.png,stt2,page_0114,6,vợ,媚,婦,SILVER_uncalibrated,s2_inter_s3_corrected,0.0241,2
,stt2,page_0116,9,a,至,果,REVIEW,no_s1_inter_s2,0.0000,10
,stt2,page_0118,4,mùa,券,务,REVIEW,no_s1_inter_s2,0.0897,2
,stt2,page_0118,9,làm,寿,乄,REVIEW,no_s1_inter_s2,0.0000,1
silver/stt2_page_0124_c06_113.png,stt2,page_0124,6,ấy,伐,𧘇,SILVER_uncalibrated,s2_inter_s3_corrected,,21
silver/stt2_page_0124_c09_171.png,stt2,page_0124,9,thánh,至,圣,SILVER_uncalibrated,s2_inter_s3_corrected,0.0669,21
silver/stt2_page_0126_c05_107.png,stt2,page_0126,5,quỷ,思,鬼,SILVER_uncalibrated,s2_inter_s3_corrected,0.0000,57
silver/stt2_page_0128_c05_106.png,stt2,page_0128,5,mà,昧,菻,SILVER_uncalibrated,s2_inter_s3_corrected,0.0000,2
silver/stt2_page_0130_c02_040.png,stt2,page_0130,2,quỷ,思,鬼,SILVER_uncalibrated,s2_inter_s3_corrected,0.0000,57
silver/stt2_page_0130_c04_081.png,stt2,page_0130,4,thánh,至,圣,SILVER_uncalibrated,s2_inter_s3_corrected,0.0669,21
silver/stt2_page_0134_c04_063.png,stt2,page_0134,4,trên,蓬,𨖲,SILVER_uncalibrated,s2_inter_s3_corrected,,5
silver/stt2_page_0134_c09_172.png,stt2,page_0134,9,trên,蓬,𨖲,SILVER_uncalibrated,s2_inter_s3_corrected,,5
silver/stt2_page_0136_c03_027.png,stt2,page_0136,3,mồng,要,夢,SILVER_uncalibrated,s2_inter_s3_corrected,0.0498,4
silver/stt2_page_0140_c08_129.png,stt2,page_0140,8,ngày,得,𣈜,SILVER_uncalibrated,s2_inter_s3_corrected,,50
,stt2,page_0142,3,thay,出,卋,REVIEW,no_s1_inter_s2,0.0361,4
silver/stt2_page_0142_c08_135.png,stt2,page_0142,8,dấu,呌,𧿫,SILVER_uncalibrated,s2_inter_s3_corrected,0.0043,17
,stt2,page_0146,1,nổi,授,挼,REVIEW,no_s1_inter_s2,0.0085,1
,stt2,page_0146,3,gia,豬,豭,REVIEW,no_s1_inter_s2,0.0000,1
silver/stt2_page_0146_c09_143.png,stt2,page_0146,9,lần,吞,吝,SILVER_uncalibrated,s2_inter_s3_corrected,0.0268,7
silver/stt2_page_0148_c04_064.png,stt2,page_0148,4,quỷ,思,鬼,SILVER_uncalibrated,s2_inter_s3_corrected,0.0000,57
silver/stt2_page_0148_c08_153.png,stt2,page_0148,8,quỷ,思,鬼,SILVER_uncalibrated,s2_inter_s3_corrected,0.0000,57
,stt2,page_0152,3,cửa,報,𨵣,REVIEW,no_s1_inter_s2,,1
silver/stt2_page_0152_c03_058.png,stt2,page_0152,3,quỷ,思,鬼,SILVER_uncalibrated,s2_inter_s3_corrected,0.0000,57
silver/stt2_page_0152_c04_078.png,stt2,page_0152,4,áo,禋,襖,SILVER_uncalibrated,s2_inter_s3_corrected,0.0351,1
,stt2,page_0154,5,lại,在,右,REVIEW,no_s1_inter_s2,0.0000,2
,stt2,page_0156,1,gì,乆,之,REVIEW,no_s1_inter_s2,0.0000,1
silver/stt2_page_0162_c03_048.png,stt2,page_0162,3,ngày,得,𣈜,SILVER_uncalibrated,s2_inter_s3_corrected,,50
,stt2,page_0166,2,mặt,栖,湎,REVIEW,no_s1_inter_s2,0.0000,4
,stt2,page_0170,6,trăm,板,𤾓,REVIEW,no_s1_inter_s2,,1
silver/stt2_page_0172_c08_137.png,stt2,page_0172,8,phán,刾,判,SILVER_uncalibrated,s2_inter_s3_corrected,0.0000,3
,stt2,page_0174,4,mặt,栢,𩈘,REVIEW,no_s1_inter_s2,,3
silver/stt2_page_0176_c06_106.png,stt2,page_0176,6,phán,刾,判,SILVER_uncalibrated,s2_inter_s3_corrected,0.0000,3
,stt2,page_0176,8,hùm,撿,𤞻,REVIEW,no_s1_inter_s2,,1
,stt2,page_0178,2,hai,屹,邰,REVIEW,no_s1_inter_s2,0.0000,1
silver/stt2_page_0180_c04_072.png,stt2,page_0180,4,ngày,得,𣈜,SILVER_uncalibrated,s2_inter_s3_corrected,,50
silver/stt2_page_0182_c02_033.png,stt2,page_0182,2,lành,合,令,SILVER_uncalibrated,s2_inter_s3_corrected,0.0000,2
,stt2,page_0182,8,ma,瑪,嗎,REVIEW,diverged_column,0.0514,16
silver/stt2_page_0184_c02_023.png,stt2,page_0184,2,lần,吞,吝,SILVER_uncalibrated,s2_inter_s3_corrected,0.0268,7
,stt2,page_0184,3,nổi,没,浮,REVIEW,no_s1_inter_s2,0.0189,1
,stt2,page_0186,6,yêu,夫,夭,REVIEW,no_s1_inter_s2,0.0118,1
,stt2,page_0186,8,may,眉,葿,REVIEW,no_s1_inter_s2,,1
silver/stt2_page_0190_c02_033.png,stt2,page_0190,2,dấu,呌,𧿫,SILVER_uncalibrated,s2_inter_s3_corrected,0.0043,17
,stt2,page_0190,3,dây,銕,𦀊,REVIEW,no_s1_inter_s2,,4
silver/stt2_page_0194_c04_057.png,stt2,page_0194,4,mặt,栢,𩈘,SILVER_uncalibrated,s2_inter_s3_corrected,,3
silver/stt2_page_0196_c07_106.png,stt2,page_0196,7,ấy,伐,𧘇,SILVER_uncalibrated,s2_inter_s3_corrected,,21
,stt2,page_0196,8,lấy,柩,穊,REVIEW,no_s1_inter_s2,0.0000,4
,stt2,page_0200,2,đau,病,𤴬,REVIEW,diverged_column,,4
,stt2,page_0202,4,trói,練,繓,REVIEW,no_s1_inter_s2,,1
,stt2,page_0204,7,mặt,柄,𩈘,REVIEW,no_s1_inter_s2,,1
silver/stt2_page_0210_c03_039.png,stt2,page_0210,3,mặt,栢,𩈘,SILVER_uncalibrated,s2_inter_s3_corrected,,3
,stt2,page_0210,3,ngọt,沉,𣲍,REVIEW,no_s1_inter_s2,,1
,stt2,page_0210,6,mắt,相,𩈘,REVIEW,no_s1_inter_s2,,4
silver/stt2_page_0212_c04_053.png,stt2,page_0212,4,ao,洳,泑,SILVER_uncalibrated,s2_inter_s3_corrected,0.0072,1
silver/stt2_page_0214_c09_160.png,stt2,page_0214,9,quỷ,思,鬼,SILVER_uncalibrated,s2_inter_s3_corrected,0.0000,57
silver/stt2_page_0214_c09_165.png,stt2,page_0214,9,mắt,相,𩈘,SILVER_uncalibrated,s2_inter_s3_corrected,,4
silver/stt2_page_0218_c07_110.png,stt2,page_0218,7,thánh,至,圣,SILVER_uncalibrated,s2_inter_s3_corrected,0.0669,21
,stt2,page_0218,9,lang,蘭,閬,REVIEW,no_s1_inter_s2,0.0232,1
silver/stt2_page_0222_c01_014.png,stt2,page_0222,1,ấy,伐,𧘇,SILVER_uncalibrated,s2_inter_s3_corrected,,21
,stt2,page_0222,6,hãy,突,唉,REVIEW,no_s1_inter_s2,0.0082,3
silver/stt2_page_0224_c04_062.png,stt2,page_0224,4,mắt,相,𩈘,SILVER_uncalibrated,s2_inter_s3_corrected,,4
silver/stt2_page_0228_c04_054.png,stt2,page_0228,4,xu,柩,枢,SILVER_uncalibrated,s2_inter_s3_corrected,0.0537,1
,stt2,page_0228,8,vua,耐,𢃊,REVIEW,no_s1_inter_s2,,1
,stt2,page_0230,1,sau,聱,畧,REVIEW,no_s1_inter_s2,0.0000,1
silver/stt2_page_0230_c03_049.png,stt2,page_0230,3,ngày,得,𣈜,SILVER_uncalibrated,s2_inter_s3_corrected,,50
silver/stt2_page_0230_c07_143.png,stt2,page_0230,7,ma,瑪,嗎,SILVER_uncalibrated,s2_inter_s3_corrected,0.0514,16
silver/stt2_page_0232_c06_117.png,stt2,page_0232,6,ấy,伐,𧘇,SILVER_uncalibrated,s2_inter_s3_corrected,,21
,stt2,page_0232,8,ngày,得,𣈜,REVIEW,diverged_column,,50
silver/stt2_page_0234_c07_126.png,stt2,page_0234,7,dấu,呌,𧿫,SILVER_uncalibrated,s2_inter_s3_corrected,0.0043,17
,stt2,page_0234,7,đau,病,𤴬,REVIEW,no_s1_inter_s2,,4
silver/stt2_page_0236_c05_083.png,stt2,page_0236,5,ấy,伐,𧘇,SILVER_uncalibrated,s2_inter_s3_corrected,,21
silver/stt2_page_0236_c07_132.png,stt2,page_0236,7,lên,遼,𨖲,SILVER_uncalibrated,s2_inter_s3_corrected,,1
silver/stt2_page_0238_c05_078.png,stt2,page_0238,5,sợ,昨,咋,SILVER_uncalibrated,s2_inter_s3_corrected,0.0000,1
silver/stt2_page_0240_c02_027.png,stt2,page_0240,2,thánh,至,圣,SILVER_uncalibrated,s2_inter_s3_corrected,0.0669,21
silver/stt2_page_0240_c06_103.png,stt2,page_0240,6,thánh,至,圣,SILVER_uncalibrated,s2_inter_s3_corrected,0.0669,21
silver/stt2_page_0242_c01_015.png,stt2,page_0242,1,thánh,至,圣,SILVER_uncalibrated,s2_inter_s3_corrected,0.0669,21
silver/stt2_page_0244_c04_074.png,stt2,page_0244,4,si,槎,蹉,SILVER_uncalibrated,s3_head_bank_consensus,0.0000,26
,stt2,page_0246,1,ma,瑪,嗎,REVIEW,diverged_column,0.0514,16
,stt2,page_0246,2,thay,出,卋,REVIEW,no_s1_inter_s2,0.0361,4
silver/stt2_page_0248_c07_103.png,stt2,page_0248,7,thánh,至,圣,SILVER_uncalibrated,s2_inter_s3_corrected,0.0669,21
silver/stt2_page_0248_c08_127.png,stt2,page_0248,8,thánh,至,圣,SILVER_uncalibrated,s2_inter_s3_corrected,0.0669,21
silver/stt2_page_0248_c09_138.png,stt2,page_0248,9,ấy,伐,𧘇,SILVER_uncalibrated,s2_inter_s3_corrected,,21
silver/stt2_page_0250_c02_018.png,stt2,page_0250,2,thánh,至,圣,SILVER_uncalibrated,s2_inter_s3_corrected,0.0669,21
silver/stt2_page_0250_c03_051.png,stt2,page_0250,3,thánh,至,圣,SILVER_uncalibrated,s2_inter_s3_corrected,0.0669,21
,stt2,page_0250,7,làm,歹,爫,REVIEW,no_s1_inter_s2,0.0000,8
,stt2,page_0252,8,làm,歹,爫,REVIEW,no_s1_inter_s2,0.0000,8
,stt2,page_0254,5,quỷ,思,鬼,REVIEW,no_s1_inter_s2,0.0000,57
silver/stt2_page_0254_c09_148.png,stt2,page_0254,9,thánh,至,圣,SILVER_uncalibrated,s2_inter_s3_corrected,0.0669,21
silver/stt2_page_0254_c09_151.png,stt2,page_0254,9,ngày,得,𣈜,SILVER_uncalibrated,s2_inter_s3_corrected,,50
silver/stt2_page_0256_c07_110.png,stt2,page_0256,7,ngày,得,𣈜,SILVER_uncalibrated,s2_inter_s3_corrected,,50
,stt2,page_0258,5,làm,歹,爫,REVIEW,no_s1_inter_s2,0.0000,8
silver/stt2_page_0258_c09_166.png,stt2,page_0258,9,ngày,得,𣈜,SILVER_uncalibrated,s2_inter_s3_corrected,,50
,stt2,page_0264,7,ngày,得,𣈜,REVIEW,diverged_column,,50
silver/stt2_page_0264_c08_155.png,stt2,page_0264,8,si,槎,蹉,SILVER_uncalibrated,s2_inter_s3_corrected,0.0000,26
,stt2,page_0266,5,sánh,移,𡖼,REVIEW,no_s1_inter_s2,,1
,stt2,page_0268,3,đau,病,𤴬,REVIEW,no_s1_inter_s2,,4
,stt2,page_0268,3,sáng,月,刅,REVIEW,no_s1_inter_s2,0.0278,1
silver/stt2_page_0270_c05_090.png,stt2,page_0270,5,ngày,得,𣈜,SILVER_uncalibrated,s2_inter_s3_corrected,,50
,stt2,page_0270,8,tiếng,渚,㗂,REVIEW,no_s1_inter_s2,0.0000,1
silver/stt2_page_0272_c01_003.png,stt2,page_0272,1,ngày,得,𣈜,SILVER_uncalibrated,s2_inter_s3_corrected,,50
silver/stt2_page_0272_c04_064.png,stt2,page_0272,4,ngày,得,𣈜,SILVER_uncalibrated,s2_inter_s3_corrected,,50
silver/stt2_page_0272_c05_091.png,stt2,page_0272,5,khăn,甲,中,SILVER_uncalibrated,s2_inter_s3_corrected,0.0000,3
silver/stt2_page_0272_c06_102.png,stt2,page_0272,6,thánh,至,圣,SILVER_uncalibrated,s2_inter_s3_corrected,0.0669,21
silver/stt2_page_0274_c04_070.png,stt2,page_0274,4,ngày,得,𣈜,SILVER_uncalibrated,s2_inter_s3_corrected,,50
silver/stt2_page_0274_c05_095.png,stt2,page_0274,5,ngày,得,𣈜,SILVER_uncalibrated,s2_inter_s3_corrected,,50
,stt2,page_0282,5,đầy,育,台,REVIEW,no_s1_inter_s2,0.0000,1
silver/stt2_page_0286_c06_112.png,stt2,page_0286,6,thánh,至,圣,SILVER_uncalibrated,s2_inter_s3_corrected,0.0669,21
silver/stt2_page_0286_c07_125.png,stt2,page_0286,7,ấy,代,𧘇,SILVER_uncalibrated,s2_inter_s3_corrected,,1
silver/stt2_page_0288_c02_021.png,stt2,page_0288,2,thầy,楽,柴,SILVER_uncalibrated,s2_inter_s3_corrected,0.0000,3
,stt2,page_0290,1,làm,歹,爫,REVIEW,no_s1_inter_s2,0.0000,8
,stt2,page_0290,2,tiện,使,便,REVIEW,no_s1_inter_s2,0.0000,1
silver/stt2_page_0290_c03_046.png,stt2,page_0290,3,thương,僚,戧,SILVER_uncalibrated,s2_inter_s3_corrected,0.0074,1
silver/stt2_page_0290_c06_097.png,stt2,page_0290,6,ngày,得,𣈜,SILVER_uncalibrated,s2_inter_s3_corrected,,50
,stt2,page_0290,7,sống,報,𧚠,REVIEW,no_s1_inter_s2,,3
silver/stt2_page_0294_c04_074.png,stt2,page_0294,4,thánh,至,圣,SILVER_uncalibrated,s2_inter_s3_corrected,0.0669,21
silver/stt2_page_0296_c01_001.png,stt2,page_0296,1,lần,吞,吝,SILVER_uncalibrated,s2_inter_s3_corrected,0.0268,7
,stt2,page_0296,5,em,庵,俺,REVIEW,no_s1_inter_s2,0.0000,2
silver/stt2_page_0296_c07_124.png,stt2,page_0296,7,ấy,伐,𧘇,SILVER_uncalibrated,s2_inter_s3_corrected,,21
,stt2,page_0298,8,làm,歹,爫,REVIEW,diverged_column,0.0000,8
silver/stt2_page_0298_c09_162.png,stt2,page_0298,9,ngày,得,𣈜,SILVER_uncalibrated,s2_inter_s3_corrected,,50
silver/stt2_page_0300_c03_048.png,stt2,page_0300,3,thánh,至,圣,SILVER_uncalibrated,s2_inter_s3_corrected,0.0669,21
silver/stt2_page_0306_c02_030.png,stt2,page_0306,2,thánh,至,圣,SILVER_uncalibrated,s2_inter_s3_corrected,0.0669,21
,stt2,page_0306,4,làm,歹,爫,REVIEW,no_s1_inter_s2,0.0000,8
silver/stt2_page_0306_c04_076.png,stt2,page_0306,4,ngày,得,𣈜,SILVER_uncalibrated,s2_inter_s3_corrected,,50
silver/stt2_page_0308_c05_054.png,stt2,page_0308,5,thánh,至,圣,SILVER_uncalibrated,s2_inter_s3_corrected,0.0669,21
,stt2,page_0310,1,xở,拠,処,REVIEW,no_s1_inter_s2,0.1175,1
silver/stt2_page_0310_c02_030.png,stt2,page_0310,2,nhọc,厚,辱,SILVER_uncalibrated,s2_inter_s3_corrected,0.0000,1
,stt2,page_0310,5,trời,莽,𡗶,REVIEW,no_s1_inter_s2,,1
silver/stt2_page_0310_c06_088.png,stt2,page_0310,6,thánh,至,圣,SILVER_uncalibrated,s2_inter_s3_corrected,0.0669,21
silver/stt2_page_0312_c03_053.png,stt2,page_0312,3,lần,吞,吝,SILVER_uncalibrated,s2_inter_s3_corrected,0.0268,7
silver/stt2_page_0314_c05_087.png,stt2,page_0314,5,ấy,伐,𧘇,SILVER_uncalibrated,s2_inter_s3_corrected,,21
,stt2,page_0314,6,thay,出,卋,REVIEW,no_s1_inter_s2,0.0361,4
silver/stt2_page_0314_c09_175.png,stt2,page_0314,9,song,収,双,SILVER_uncalibrated,s2_inter_s3_corrected,0.0592,5
silver/stt2_page_0316_c06_091.png,stt2,page_0316,6,thánh,至,圣,SILVER_uncalibrated,s2_inter_s3_corrected,0.0669,21
,stt2,page_0320,2,làm,歹,爫,REVIEW,no_s1_inter_s2,0.0000,8
,stt2,page_0324,7,dây,銕,𦀊,REVIEW,no_s1_inter_s2,,4
,stt2,page_0328,4,thánh,至,圣,REVIEW,diverged_column,0.0669,21
,stt2,page_0328,9,làm,歹,爫,REVIEW,no_s1_inter_s2,0.0000,8
,stt4,page_0012,1,mông,要,夢,REVIEW,no_s1_inter_s2,0.0216,4
,stt4,page_0012,2,khi,敦,欹,REVIEW,no_s1_inter_s2,0.0188,2
silver/stt4_page_0012_c03_051.png,stt4,page_0012,3,ngày,得,𣈜,SILVER_uncalibrated,s2_inter_s3_corrected,,50
silver/stt4_page_0014_c01_014.png,stt4,page_0014,1,quỷ,思,鬼,SILVER_uncalibrated,s2_inter_s3_corrected,0.0000,57
,stt4,page_0014,3,quỷ,思,鬼,REVIEW,no_s1_inter_s2,0.0000,57
silver/stt4_page_0014_c07_138.png,stt4,page_0014,7,quỷ,思,鬼,SILVER_uncalibrated,s2_inter_s3_corrected,0.0000,57
,stt4,page_0018,6,song,政,双,REVIEW,no_s1_inter_s2,0.0592,18
silver/stt4_page_0022_c01_017.png,stt4,page_0022,1,một,皮,殳,SILVER_uncalibrated,s2_inter_s3_corrected,0.0000,5
,stt4,page_0022,3,cô,祐,轱,REVIEW,no_s1_inter_s2,0.0201,1
,stt4,page_0022,6,quỷ,思,鬼,REVIEW,no_s1_inter_s2,0.0000,57
silver/stt4_page_0022_c09_192.png,stt4,page_0022,9,thầy,楽,柴,SILVER_uncalibrated,s2_inter_s3_corrected,0.0000,3
,stt4,page_0028,6,quỷ,思,鬼,REVIEW,no_s1_inter_s2,0.0000,57
silver/stt4_page_0028_c07_106.png,stt4,page_0028,7,quỷ,思,鬼,SILVER_uncalibrated,s2_inter_s3_corrected,0.0000,57
,stt4,page_0028,7,hiện,兇,莧,REVIEW,no_s1_inter_s2,0.0089,1
,stt4,page_0028,9,đòn,拖,屯,REVIEW,no_s1_inter_s2,0.0000,2
silver/stt4_page_0030_c05_094.png,stt4,page_0030,5,song,政,双,SILVER_uncalibrated,s2_inter_s3_corrected,0.0592,18
,stt4,page_0030,6,si,管,笞,REVIEW,no_s1_inter_s2,0.0000,1
,stt4,page_0032,2,ma,瑪,嗎,REVIEW,diverged_column,0.0514,16
silver/stt4_page_0034_c02_029.png,stt4,page_0034,2,thầy,楽,柴,SILVER_uncalibrated,s2_inter_s3_corrected,0.0000,3
silver/stt4_page_0034_c03_047.png,stt4,page_0034,3,song,政,双,SILVER_uncalibrated,s2_inter_s3_corrected,0.0592,18
silver/stt4_page_0036_c07_141.png,stt4,page_0036,7,song,収,双,SILVER_uncalibrated,s2_inter_s3_corrected,0.0592,5
,stt4,page_0036,8,làm,分,爫,REVIEW,no_s1_inter_s2,0.0000,3
,stt4,page_0038,2,quỷ,思,鬼,REVIEW,diverged_column,0.0000,57
silver/stt4_page_0040_c07_139.png,stt4,page_0040,7,ngày,得,𣈜,SILVER_uncalibrated,s2_inter_s3_corrected,,50
silver/stt4_page_0042_c02_030.png,stt4,page_0042,2,song,政,双,SILVER_uncalibrated,s2_inter_s3_corrected,0.0592,18
silver/stt4_page_0042_c03_050.png,stt4,page_0042,3,quỷ,思,鬼,SILVER_uncalibrated,s2_inter_s3_corrected,0.0000,57
,stt4,page_0042,5,một,皮,殳,REVIEW,diverged_column,0.0000,5
,stt4,page_0044,7,lâu,接,搂,REVIEW,no_s1_inter_s2,0.0163,3
silver/stt4_page_0048_c09_167.png,stt4,page_0048,9,nó,放,呶,SILVER_uncalibrated,s2_inter_s3_corrected,0.0000,14
,stt4,page_0050,1,vuốt,獐,猝,REVIEW,no_s1_inter_s2,0.0000,1
silver/stt4_page_0050_c02_036.png,stt4,page_0050,2,quỷ,思,鬼,SILVER_uncalibrated,s2_inter_s3_corrected,0.0000,57
silver/stt4_page_0050_c07_120.png,stt4,page_0050,7,quỷ,思,鬼,SILVER_uncalibrated,s2_inter_s3_corrected,0.0000,57
silver/stt4_page_0050_c08_134.png,stt4,page_0050,8,song,政,双,SILVER_uncalibrated,s2_inter_s3_corrected,0.0592,18
,stt4,page_0050,8,quỷ,思,鬼,REVIEW,no_s1_inter_s2,0.0000,57
,stt4,page_0052,4,trọn,命,侖,REVIEW,no_s1_inter_s2,0.0000,5
silver/stt4_page_0054_c01_004.png,stt4,page_0054,1,nó,放,呶,SILVER_uncalibrated,s2_inter_s3_corrected,0.0000,14
silver/stt4_page_0056_c05_096.png,stt4,page_0056,5,quỷ,思,鬼,SILVER_uncalibrated,s2_inter_s3_corrected,0.0000,57
silver/stt4_page_0058_c03_046.png,stt4,page_0058,3,quỷ,思,鬼,SILVER_uncalibrated,s2_inter_s3_corrected,0.0000,57
silver/stt4_page_0058_c03_059.png,stt4,page_0058,3,nó,放,呶,SILVER_uncalibrated,s2_inter_s3_corrected,0.0000,14
silver/stt4_page_0058_c04_066.png,stt4,page_0058,4,nó,放,呶,SILVER_uncalibrated,s2_inter_s3_corrected,0.0000,14
silver/stt4_page_0058_c04_068.png,stt4,page_0058,4,quỷ,思,鬼,SILVER_uncalibrated,s2_inter_s3_corrected,0.0000,57
silver/stt4_page_0058_c07_127.png,stt4,page_0058,7,quỷ,思,鬼,SILVER_uncalibrated,s2_inter_s3_corrected,0.0000,57
silver/stt4_page_0060_c08_163.png,stt4,page_0060,8,ngày,得,𣈜,SILVER_uncalibrated,s2_inter_s3_corrected,,50
silver/stt4_page_0060_c09_178.png,stt4,page_0060,9,ba,已,巴,SILVER_uncalibrated,s2_inter_s3_corrected,0.0057,5
,stt4,page_0060,9,ba,已,巴,REVIEW,no_s1_inter_s2,0.0057,5
,stt4,page_0064,5,dấu,呌,𧿫,REVIEW,no_s1_inter_s2,0.0043,17
silver/stt4_page_0064_c06_108.png,stt4,page_0064,6,nó,放,呶,SILVER_uncalibrated,s2_inter_s3_corrected,0.0000,14
silver/stt4_page_0066_c01_016.png,stt4,page_0066,1,xét,蔡,察,SILVER_uncalibrated,s2_inter_s3_corrected,0.0247,1
,stt4,page_0066,7,mồng,要,夢,REVIEW,diverged_column,0.0498,4
silver/stt4_page_0070_c07_133.png,stt4,page_0070,7,nó,放,呶,SILVER_uncalibrated,s2_inter_s3_corrected,0.0000,14
,stt4,page_0072,4,thánh,葆,𨉑,REVIEW,diverged_column,,1
silver/stt4_page_0088_c01_000.png,stt4,page_0088,1,mông,要,夢,SILVER_uncalibrated,s2_inter_s3_corrected,0.0216,4
,stt4,page_0088,2,giàu,霸,𢀭,REVIEW,no_s1_inter_s2,,2
,stt4,page_0088,3,mẹ,族,媄,REVIEW,no_s1_inter_s2,0.0632,3
,stt4,page_0088,9,hay,俗,能,REVIEW,no_s1_inter_s2,0.0221,1
,stt4,page_0090,5,tháng,僊,儻,REVIEW,no_s1_inter_s2,0.0453,1
,stt4,page_0090,7,giữ,侍,佇,REVIEW,diverged_column,0.0173,2
,stt4,page_0092,8,quỷ,思,鬼,REVIEW,no_s1_inter_s2,0.0000,57
silver/stt4_page_0094_c02_027.png,stt4,page_0094,2,quỷ,思,鬼,SILVER_uncalibrated,s2_inter_s3_corrected,0.0000,57
silver/stt4_page_0096_c02_043.png,stt4,page_0096,2,ngày,得,𣈜,SILVER_uncalibrated,s2_inter_s3_corrected,,50
,stt4,page_0096,3,hòi,田,囬,REVIEW,no_s1_inter_s2,0.0535,1
silver/stt4_page_0098_c01_001.png,stt4,page_0098,1,ngày,得,𣈜,SILVER_uncalibrated,s2_inter_s3_corrected,,50
silver/stt4_page_0098_c05_105.png,stt4,page_0098,5,song,政,双,SILVER_uncalibrated,s2_inter_s3_corrected,0.0592,18
silver/stt4_page_0100_c04_075.png,stt4,page_0100,4,chạy,爱,豸,SILVER_uncalibrated,s2_inter_s3_corrected,0.0000,1
,stt4,page_0100,8,đau,病,𤴬,REVIEW,diverged_column,,4
,stt4,page_0108,1,ngày,得,𣈜,REVIEW,diverged_column,,50
,stt4,page_0110,2,sạch,在,石,REVIEW,no_s1_inter_s2,0.0000,1
,stt4,page_0110,7,người,枸,倘,REVIEW,no_s1_inter_s2,0.0134,1
,stt4,page_0114,4,làm,分,爫,REVIEW,no_s1_inter_s2,0.0000,3
silver/stt4_page_0114_c05_099.png,stt4,page_0114,5,ba,已,巴,SILVER_uncalibrated,s2_inter_s3_corrected,0.0057,5
,stt4,page_0114,7,trọn,命,侖,REVIEW,no_s1_inter_s2,0.0000,5
silver/stt4_page_0116_c07_148.png,stt4,page_0116,7,song,政,双,SILVER_uncalibrated,s2_inter_s3_corrected,0.0592,18
,stt4,page_0118,3,quỷ,思,鬼,REVIEW,no_s1_inter_s2,0.0000,57
,stt4,page_0118,6,người,侯,𤽗,REVIEW,no_s1_inter_s2,,1
silver/stt4_page_0118_c08_173.png,stt4,page_0118,8,quỷ,思,鬼,SILVER_uncalibrated,s2_inter_s3_corrected,0.0000,57
,stt4,page_0120,2,quỷ,思,鬼,REVIEW,no_s1_inter_s2,0.0000,57
,stt4,page_0120,7,viếng,未,永,REVIEW,no_s1_inter_s2,0.0000,2
,stt4,page_0122,1,lá,覄,萝,REVIEW,no_s1_inter_s2,0.1462,1
silver/stt4_page_0124_c06_133.png,stt4,page_0124,6,nô,放,呶,SILVER_uncalibrated,s2_inter_s3_corrected,0.0000,14
silver/stt4_page_0126_c01_007.png,stt4,page_0126,1,ngày,得,𣈜,SILVER_uncalibrated,s2_inter_s3_corrected,,50
silver/stt4_page_0128_c03_045.png,stt4,page_0128,3,ma,瑪,嗎,SILVER_uncalibrated,s2_inter_s3_corrected,0.0514,16
,stt4,page_0132,7,đòn,拖,屯,REVIEW,no_s1_inter_s2,0.0000,2
silver/stt4_page_0134_c04_059.png,stt4,page_0134,4,ngày,得,𣈜,SILVER_uncalibrated,s2_inter_s3_corrected,,50
,stt4,page_0136,2,quỷ,思,鬼,REVIEW,no_s1_inter_s2,0.0000,57
,stt4,page_0136,3,nung,震,癑,REVIEW,no_s1_inter_s2,,2
,stt4,page_0136,5,văng,木,永,REVIEW,no_s1_inter_s2,0.0000,1
silver/stt4_page_0138_c01_000.png,stt4,page_0138,1,song,政,双,SILVER_uncalibrated,s2_inter_s3_corrected,0.0592,18
silver/stt4_page_0140_c09_177.png,stt4,page_0140,9,nó,放,呶,SILVER_uncalibrated,s2_inter_s3_corrected,0.0000,14
,stt4,page_0142,6,mới,賓,買,REVIEW,no_s1_inter_s2,0.0000,1
silver/stt4_page_0148_c05_098.png,stt4,page_0148,5,ngày,得,𣈜,SILVER_uncalibrated,s2_inter_s3_corrected,,50
silver/stt4_page_0148_c08_147.png,stt4,page_0148,8,si,槎,蹉,SILVER_uncalibrated,s3_head_bank_consensus,0.0000,26
silver/stt4_page_0148_c09_160.png,stt4,page_0148,9,si,槎,蹉,SILVER_uncalibrated,s2_inter_s3_corrected,0.0000,26
,stt4,page_0150,3,si,移,眵,REVIEW,no_s1_inter_s2,0.0000,2
,stt4,page_0150,3,xê,捿,啛,REVIEW,no_s1_inter_s2,0.0000,1
silver/stt4_page_0150_c05_097.png,stt4,page_0150,5,si,槎,蹉,SILVER_uncalibrated,s2_inter_s3_corrected,0.0000,26
silver/stt4_page_0152_c04_069.png,stt4,page_0152,4,ma,瑪,嗎,SILVER_uncalibrated,s2_inter_s3_corrected,0.0514,16
,stt4,page_0154,1,xê,棲,啛,REVIEW,no_s1_inter_s2,0.0000,1
silver/stt4_page_0154_c01_004.png,stt4,page_0154,1,si,槎,蹉,SILVER_uncalibrated,s2_inter_s3_corrected,0.0000,26
silver/stt4_page_0154_c02_030.png,stt4,page_0154,2,si,槎,蹉,SILVER_uncalibrated,s2_inter_s3_corrected,0.0000,26
silver/stt4_page_0154_c07_145.png,stt4,page_0154,7,ma,瑪,嗎,SILVER_uncalibrated,s2_inter_s3_corrected,0.0514,16
silver/stt4_page_0154_c08_146.png,stt4,page_0154,8,si,槎,蹉,SILVER_uncalibrated,s3_head_bank_consensus,0.0000,26
,stt4,page_0154,8,một,发,殳,REVIEW,no_s1_inter_s2,0.0000,5
silver/stt4_page_0154_c08_151.png,stt4,page_0154,8,ngày,得,𣈜,SILVER_uncalibrated,s2_inter_s3_corrected,,50
silver/stt4_page_0156_c03_032.png,stt4,page_0156,3,song,収,双,SILVER_uncalibrated,s2_inter_s3_corrected,0.0592,5
,stt4,page_0158,2,một,皮,殳,REVIEW,diverged_column,0.0000,5
,stt4,page_0158,6,khỏe,珪,圭,REVIEW,no_s1_inter_s2,0.0000,1
,stt4,page_0158,7,khỏe,珪,圭,REVIEW,no_s1_inter_s2,0.0000,1
,stt4,page_0162,4,dấu,雨,酉,REVIEW,no_s1_inter_s2,0.0476,1
,stt4,page_0164,7,dây,銕,𦀊,REVIEW,no_s1_inter_s2,,4
,stt4,page_0164,9,giàu,霸,𢀭,REVIEW,no_s1_inter_s2,,2
,stt4,page_0166,8,một,发,殳,REVIEW,no_s1_inter_s2,0.0000,5
,stt4,page_0168,7,lặng,朝,朗,REVIEW,no_s1_inter_s2,0.0587,2
silver/stt4_page_0168_c08_154.png,stt4,page_0168,8,khuyên,勘,勧,SILVER_uncalibrated,s2_inter_s3_corrected,0.0468,2
silver/stt4_page_0170_c07_137.png,stt4,page_0170,7,thánh,至,圣,SILVER_uncalibrated,s2_inter_s3_corrected,0.0669,21
silver/stt4_page_0172_c03_064.png,stt4,page_0172,3,a,至,果,SILVER_uncalibrated,s2_inter_s3_corrected,0.0000,10
,stt4,page_0172,6,lọn,命,侖,REVIEW,no_s1_inter_s2,0.0000,5
silver/stt4_page_0172_c06_144.png,stt4,page_0172,6,phán,刦,判,SILVER_uncalibrated,s2_inter_s3_corrected,0.0000,2
silver/stt4_page_0172_c09_211.png,stt4,page_0172,9,chó,柱,㹥,SILVER_uncalibrated,s3_head_bank_consensus,0.0322,1
silver/stt4_page_0174_c07_148.png,stt4,page_0174,7,ba,已,巴,SILVER_uncalibrated,s2_inter_s3_corrected,0.0057,5
silver/stt4_page_0176_c09_186.png,stt4,page_0176,9,khi,敦,欹,SILVER_uncalibrated,s2_inter_s3_corrected,0.0188,2
silver/stt4_page_0178_c04_076.png,stt4,page_0178,4,ma,瑪,嗎,SILVER_uncalibrated,s2_inter_s3_corrected,0.0514,16
,stt4,page_0182,1,lọn,命,侖,REVIEW,no_s1_inter_s2,0.0000,5
silver/stt4_page_0182_c04_076.png,stt4,page_0182,4,thánh,至,圣,SILVER_uncalibrated,s2_inter_s3_corrected,0.0669,21
silver/stt4_page_0182_c06_144.png,stt4,page_0182,6,hơn,炊,欣,SILVER_uncalibrated,s2_inter_s3_corrected,0.0494,1
,stt4,page_0184,2,mắng,雰,𠻵,REVIEW,no_s1_inter_s2,,2
silver/stt4_page_0184_c04_089.png,stt4,page_0184,4,song,政,双,SILVER_uncalibrated,s2_inter_s3_corrected,0.0592,18
silver/stt4_page_0184_c08_169.png,stt4,page_0184,8,quỷ,思,鬼,SILVER_uncalibrated,s2_inter_s3_corrected,0.0000,57
,stt4,page_0188,5,mắng,雰,𠻵,REVIEW,no_s1_inter_s2,,2
silver/stt4_page_0190_c05_097.png,stt4,page_0190,5,tin,倧,信,SILVER_uncalibrated,s2_inter_s3_corrected,0.1056,1
silver/stt4_page_0194_c01_012.png,stt4,page_0194,1,ngày,得,𣈜,SILVER_uncalibrated,s2_inter_s3_corrected,,50
,stt4,page_0194,3,răm,林,菻,REVIEW,no_s1_inter_s2,0.0000,1
silver/stt4_page_0194_c03_063.png,stt4,page_0194,3,ba,已,巴,SILVER_uncalibrated,s2_inter_s3_corrected,0.0057,5
silver/stt4_page_0194_c05_099.png,stt4,page_0194,5,ma,瑪,嗎,SILVER_uncalibrated,s2_inter_s3_corrected,0.0514,16
silver/stt4_page_0196_c04_053.png,stt4,page_0196,4,song,政,双,SILVER_uncalibrated,s2_inter_s3_corrected,0.0592,18
,stt4,page_0196,9,đốt,炳,炪,REVIEW,no_s1_inter_s2,,1
silver/stt4_page_0198_c02_038.png,stt4,page_0198,2,song,政,双,SILVER_uncalibrated,s2_inter_s3_corrected,0.0592,18
,stt4,page_0198,9,lâu,接,搂,REVIEW,no_s1_inter_s2,0.0163,3
silver/stt4_page_0200_c03_044.png,stt4,page_0200,3,nó,放,呶,SILVER_uncalibrated,s2_inter_s3_corrected,0.0000,14
silver/stt4_page_0200_c03_056.png,stt4,page_0200,3,nó,放,呶,SILVER_uncalibrated,s2_inter_s3_corrected,0.0000,14
,stt4,page_0200,4,vậy,拷,特,REVIEW,no_s1_inter_s2,0.0361,1
silver/stt4_page_0200_c09_174.png,stt4,page_0200,9,lần,夅,各,SILVER_uncalibrated,s2_inter_s3_corrected,0.0000,1
silver/stt4_page_0202_c02_036.png,stt4,page_0202,2,ngày,得,𣈜,SILVER_uncalibrated,s2_inter_s3_corrected,,50
silver/stt4_page_0202_c03_053.png,stt4,page_0202,3,nó,放,呶,SILVER_uncalibrated,s2_inter_s3_corrected,0.0000,14
,stt4,page_0202,8,a,至,果,REVIEW,no_s1_inter_s2,0.0000,10
,stt4,page_0204,3,quỷ,思,鬼,REVIEW,no_s1_inter_s2,0.0000,57
silver/stt4_page_0204_c04_086.png,stt4,page_0204,4,dấu,呌,𧿫,SILVER_uncalibrated,s2_inter_s3_corrected,0.0043,17
,stt4,page_0204,8,ngày,得,𣈜,REVIEW,diverged_column,,50
silver/stt4_page_0206_c03_059.png,stt4,page_0206,3,ma,瑪,嗎,SILVER_uncalibrated,s2_inter_s3_corrected,0.0514,16
,stt4,page_0208,7,chết,扦,托,REVIEW,no_s1_inter_s2,0.0000,2
,stt4,page_0210,5,trái,情,債,REVIEW,no_s1_inter_s2,0.0368,1
silver/stt4_page_0210_c08_163.png,stt4,page_0210,8,ngày,得,𣈜,SILVER_uncalibrated,s2_inter_s3_corrected,,50
silver/stt4_page_0212_c05_109.png,stt4,page_0212,5,nô,放,呶,SILVER_uncalibrated,s2_inter_s3_corrected,0.0000,14
silver/stt4_page_0212_c08_147.png,stt4,page_0212,8,ba,已,巴,SILVER_uncalibrated,s2_inter_s3_corrected,0.0057,5
silver/stt4_page_0214_c02_042.png,stt4,page_0214,2,quỷ,思,鬼,SILVER_uncalibrated,s2_inter_s3_corrected,0.0000,57
silver/stt4_page_0214_c04_067.png,stt4,page_0214,4,quỷ,思,鬼,SILVER_uncalibrated,s2_inter_s3_corrected,0.0000,57
silver/stt4_page_0216_c03_046.png,stt4,page_0216,3,quỷ,思,鬼,SILVER_uncalibrated,s2_inter_s3_corrected,0.0000,57
,stt4,page_0216,8,a,至,果,REVIEW,no_s1_inter_s2,0.0000,10
silver/stt4_page_0220_c08_160.png,stt4,page_0220,8,song,収,双,SILVER_uncalibrated,s2_inter_s3_corrected,0.0592,5
silver/stt4_page_0222_c05_088.png,stt4,page_0222,5,nó,放,呶,SILVER_uncalibrated,s2_inter_s3_corrected,0.0000,14
silver/stt4_page_0222_c07_142.png,stt4,page_0222,7,song,政,双,SILVER_uncalibrated,s2_inter_s3_corrected,0.0592,18
silver/stt4_page_0224_c02_035.png,stt4,page_0224,2,chết,扦,托,SILVER_uncalibrated,s2_inter_s3_corrected,0.0000,2
,stt4,page_0224,5,ngày,得,𣈜,REVIEW,diverged_column,,50
,stt4,page_0224,6,nung,震,癑,REVIEW,no_s1_inter_s2,,2
,stt4,page_0226,5,đồng,固,同,REVIEW,no_s1_inter_s2,0.0069,1
,stt4,page_0226,8,đã,迤,𠰹,REVIEW,no_s1_inter_s2,,1
silver/stt4_page_0226_c09_189.png,stt4,page_0226,9,song,政,双,SILVER_uncalibrated,s2_inter_s3_corrected,0.0592,18
silver/stt4_page_0230_c06_107.png,stt4,page_0230,6,quỷ,思,鬼,SILVER_uncalibrated,s2_inter_s3_corrected,0.0000,57
silver/stt4_page_0230_c08_153.png,stt4,page_0230,8,quỷ,思,鬼,SILVER_uncalibrated,s2_inter_s3_corrected,0.0000,57
silver/stt4_page_0232_c01_008.png,stt4,page_0232,1,quỷ,思,鬼,SILVER_uncalibrated,s2_inter_s3_corrected,0.0000,57
,stt4,page_0232,4,quỷ,思,鬼,REVIEW,no_s1_inter_s2,0.0000,57
,stt4,page_0232,5,là,英,罗,REVIEW,no_s1_inter_s2,0.0487,1
,stt4,page_0234,3,song,政,双,REVIEW,diverged_column,0.0592,18
,stt4,page_0234,5,lâu,接,搂,REVIEW,no_s1_inter_s2,0.0163,3
silver/stt4_page_0234_c07_122.png,stt4,page_0234,7,nó,放,呶,SILVER_uncalibrated,s2_inter_s3_corrected,0.0000,14
silver/stt4_page_0236_c03_042.png,stt4,page_0236,3,si,槎,蹉,SILVER_uncalibrated,s3_head_bank_consensus,0.0000,26
silver/stt4_page_0236_c04_070.png,stt4,page_0236,4,si,槎,蹉,SILVER_uncalibrated,s2_inter_s3_corrected,0.0000,26
,stt4,page_0236,7,một,发,殳,REVIEW,no_s1_inter_s2,0.0000,5
,stt4,page_0238,9,si,槎,蹉,REVIEW,diverged_column,0.0000,26
silver/stt4_page_0240_c01_018.png,stt4,page_0240,1,song,政,双,SILVER_uncalibrated,s2_inter_s3_corrected,0.0592,18
silver/stt4_page_0240_c08_173.png,stt4,page_0240,8,si,槎,蹉,SILVER_uncalibrated,s2_inter_s3_corrected,0.0000,26
silver/stt4_page_0242_c03_038.png,stt4,page_0242,3,a,至,果,SILVER_uncalibrated,s2_inter_s3_corrected,0.0000,10
silver/stt4_page_0242_c06_100.png,stt4,page_0242,6,si,槎,蹉,SILVER_uncalibrated,s2_inter_s3_corrected,0.0000,26
,stt4,page_0244,3,rau,妻,老,REVIEW,no_s1_inter_s2,0.0000,1
silver/stt4_page_0244_c04_069.png,stt4,page_0244,4,ngày,得,𣈜,SILVER_uncalibrated,s2_inter_s3_corrected,,50
silver/stt4_page_0244_c09_192.png,stt4,page_0244,9,ngày,得,𣈜,SILVER_uncalibrated,s2_inter_s3_corrected,,50
silver/stt4_page_0246_c08_167.png,stt4,page_0246,8,ngày,得,𣈜,SILVER_uncalibrated,s2_inter_s3_corrected,,50
silver/stt4_page_0248_c03_038.png,stt4,page_0248,3,ma,瑪,嗎,SILVER_uncalibrated,s2_inter_s3_corrected,0.0514,16
silver/stt4_page_0250_c02_021.png,stt4,page_0250,2,nô,放,呶,SILVER_uncalibrated,s2_inter_s3_corrected,0.0000,14
,stt4,page_0250,3,rê,稜,菞,REVIEW,no_s1_inter_s2,,1
,stt4,page_0250,4,ma,瑪,嗎,REVIEW,diverged_column,0.0514,16
silver/stt4_page_0250_c04_068.png,stt4,page_0250,4,si,槎,蹉,SILVER_uncalibrated,s3_head_bank_consensus,0.0000,26
,stt4,page_0252,3,si,移,眵,REVIEW,no_s1_inter_s2,0.0000,2
,stt4,page_0252,3,chớ,諸,䐗,REVIEW,diverged_column,0.0000,2
silver/stt4_page_0252_c04_090.png,stt4,page_0252,4,ngày,得,𣈜,SILVER_uncalibrated,s2_inter_s3_corrected,,50
silver/stt4_page_0256_c06_116.png,stt4,page_0256,6,một,发,殳,SILVER_uncalibrated,s2_inter_s3_corrected,0.0000,5
silver/stt4_page_0258_c08_158.png,stt4,page_0258,8,mặc,鉄,默,SILVER_uncalibrated,s2_inter_s3_corrected,0.0815,1
,stt4,page_0258,9,em,庵,俺,REVIEW,diverged_column,0.0000,2
silver/stt4_page_0262_c07_114.png,stt4,page_0262,7,si,槎,蹉,SILVER_uncalibrated,s3_head_bank_consensus,0.0000,26
silver/stt4_page_0264_c03_045.png,stt4,page_0264,3,si,槎,蹉,SILVER_uncalibrated,s3_head_bank_consensus,0.0000,26
,stt4,page_0264,6,hãy,突,唉,REVIEW,no_s1_inter_s2,0.0082,3
,stt4,page_0266,7,mẹ,族,媄,REVIEW,no_s1_inter_s2,0.0632,3
silver/stt4_page_0268_c03_049.png,stt4,page_0268,3,song,収,双,SILVER_uncalibrated,s2_inter_s3_corrected,0.0592,5
silver/stt4_page_0270_c02_022.png,stt4,page_0270,2,chối,侄,咥,SILVER_uncalibrated,s2_inter_s3_corrected,0.0071,1
,stt4,page_0270,9,ngày,得,𣈜,REVIEW,diverged_column,,50
,stt4,page_0272,2,làm,子,乄,REVIEW,no_s1_inter_s2,0.0000,1
silver/stt4_page_0272_c05_090.png,stt4,page_0272,5,một,皮,殳,SILVER_uncalibrated,s2_inter_s3_corrected,0.0000,5
,stt4,page_0272,5,làm,公,爫,REVIEW,no_s1_inter_s2,0.0000,1
silver/stt4_page_0274_c02_025.png,stt4,page_0274,2,ngày,得,𣈜,SILVER_uncalibrated,s2_inter_s3_corrected,,50
silver/stt4_page_0274_c06_120.png,stt4,page_0274,6,một,发,殳,SILVER_uncalibrated,s2_inter_s3_corrected,0.0000,5
silver/stt4_page_0274_c06_131.png,stt4,page_0274,6,song,政,双,SILVER_uncalibrated,s2_inter_s3_corrected,0.0592,18
,stt4,page_0276,8,chớ,諸,䐗,REVIEW,diverged_column,0.0000,2
,stt4,page_0278,2,song,政,双,REVIEW,no_s1_inter_s2,0.0592,18
,stt4,page_0282,5,lọn,命,侖,REVIEW,no_s1_inter_s2,0.0000,5
silver/stt4_page_0282_c07_141.png,stt4,page_0282,7,quỷ,思,鬼,SILVER_uncalibrated,s2_inter_s3_corrected,0.0000,57
,stt4,page_0282,9,quỷ,思,鬼,REVIEW,no_s1_inter_s2,0.0000,57
silver/stt4_page_0284_c01_015.png,stt4,page_0284,1,quỷ,思,鬼,SILVER_uncalibrated,s2_inter_s3_corrected,0.0000,57
silver/stt4_page_0284_c06_112.png,stt4,page_0284,6,phán,刦,判,SILVER_uncalibrated,s2_inter_s3_corrected,0.0000,2
silver/stt4_page_0284_c07_142.png,stt4,page_0284,7,quỷ,思,鬼,SILVER_uncalibrated,s2_inter_s3_corrected,0.0000,57
silver/stt4_page_0284_c08_171.png,stt4,page_0284,8,quỷ,思,鬼,SILVER_uncalibrated,s2_inter_s3_corrected,0.0000,57
,stt4,page_0284,9,quỷ,思,鬼,REVIEW,no_s1_inter_s2,0.0000,57
silver/stt4_page_0286_c08_181.png,stt4,page_0286,8,quỷ,思,鬼,SILVER_uncalibrated,s2_inter_s3_corrected,0.0000,57
silver/stt4_page_0286_c09_184.png,stt4,page_0286,9,quỷ,思,鬼,SILVER_uncalibrated,s2_inter_s3_corrected,0.0000,57
silver/stt4_page_0288_c01_013.png,stt4,page_0288,1,song,政,双,SILVER_uncalibrated,s2_inter_s3_corrected,0.0592,18
,stt4,page_0288,2,liền,達,蓮,REVIEW,no_s1_inter_s2,0.0000,1
,stt4,page_0288,3,quỷ,思,鬼,REVIEW,no_s1_inter_s2,0.0000,57
silver/stt4_page_0288_c04_081.png,stt4,page_0288,4,song,政,双,SILVER_uncalibrated,s2_inter_s3_corrected,0.0592,18
,stt4,page_0288,4,quỷ,思,鬼,REVIEW,no_s1_inter_s2,0.0000,57
silver/stt4_page_0288_c07_137.png,stt4,page_0288,7,quỷ,思,鬼,SILVER_uncalibrated,s2_inter_s3_corrected,0.0000,57
,stt4,page_0290,3,viếng,未,永,REVIEW,no_s1_inter_s2,0.0000,2
silver/stt4_page_0290_c04_081.png,stt4,page_0290,4,một,皮,殳,SILVER_uncalibrated,s2_inter_s3_corrected,0.0000,5
silver/stt4_page_0290_c06_116.png,stt4,page_0290,6,một,皮,殳,SILVER_uncalibrated,s2_inter_s3_corrected,0.0000,5
silver/stt4_page_0292_c09_192.png,stt4,page_0292,9,nó,放,呶,SILVER_uncalibrated,s2_inter_s3_corrected,0.0000,14
silver/stt4_page_0294_c02_039.png,stt4,page_0294,2,ngày,得,𣈜,SILVER_uncalibrated,s2_inter_s3_corrected,,50
silver/stt4_page_0298_c06_103.png,stt4,page_0298,6,ngày,得,𣈜,SILVER_uncalibrated,s2_inter_s3_corrected,,50
silver/stt4_page_0298_c09_182.png,stt4,page_0298,9,sáng,剣,創,SILVER_uncalibrated,s2_inter_s3_corrected,0.1031,1
,stt4,page_0300,1,dấu,呌,𧿫,REVIEW,no_s1_inter_s2,0.0043,17
,stt4,page_0300,3,như,师,伽,REVIEW,no_s1_inter_s2,0.0000,1
silver/stt4_page_0300_c09_177.png,stt4,page_0300,9,ngày,得,𣈜,SILVER_uncalibrated,s2_inter_s3_corrected,,50
,stt4,page_0304,3,gửi,故,𦰦,REVIEW,no_s1_inter_s2,,1
,stt4,page_0304,7,quỷ,思,鬼,REVIEW,no_s1_inter_s2,0.0000,57
