ocr_char,syllable,n_rows,n_pages,n_books,tiers,char_in_dict,dict_readings_of_char,n_dict_chars_for_syllable,dict_chars_for_syllable,similar_hit,gold_count,verdict,true_char,sample_images
而,làm,453,270,3,SYLLABLE,True,hay nhe nhi nhỉ năn năng nưng nấng nằng,17, 乄 滥 漤 濫 灠 爪 爫 藍 㕚 𣩂 𣽦 𪵯 𫜵 𬈋 󰥎 󱛝,,7,,,syllable/stt2_page_0012_c04_050.png syllable/stt2_page_0014_c06_122.png syllable/stt2_page_0016_c03_057.png syllable/stt2_page_0016_c04_068.png syllable/stt2_page_0018_c04_078.png
皇,thánh,183,94,1,SYLLABLE,True,hoàng huỳnh hàng,33,偺 咱 喒 圣 垩 堊 琞 聖 聽 請 㑑 㗂 䎴 𠄵 𡃑 𡉄 𡑺 𤦨 𤪈 𥅶,,21,,,syllable/stt4_page_0012_c02_012.png syllable/stt4_page_0012_c06_105.png syllable/stt4_page_0014_c03_055.png syllable/stt4_page_0014_c04_085.png syllable/stt4_page_0016_c01_008.png
行,đức,142,97,2,SYLLABLE,True,hàng hành hãng hăng hạng hạnh làng lời ngành đợi,21, 𱐩 𱝮 徳 德 恴 悳 惪 㤫 㥀 㥁 䙷 𢛳 𢜖 𢠀 𢤊 𨗌 𨗤 𭲖 󰆙,,53,,,syllable/stt2_page_0098_c02_023.png syllable/stt2_page_0108_c09_161.png syllable/stt2_page_0142_c04_060.png syllable/stt2_page_0168_c01_014.png syllable/stt2_page_0168_c06_102.png
人,ấy,136,82,2,SYLLABLE,True,ngã nhi nhân nhơn,32,𱍸 乙 倚 噫 娎 帝 悥 意 憶 椅 衣 衤 𠂎 𠋣 𠶷 𢡃 𧘇 𪬫 𫢚 󰀎,,2,,,syllable/stt2_page_0328_c09_161.png syllable/stt11_page_0012_c02_030.png syllable/stt11_page_0012_c03_060.png syllable/stt11_page_0012_c06_110.png syllable/stt11_page_0012_c09_188.png
希,vua,119,57,1,SYLLABLE,True,he hi hoe hy hây hê hì hơi hề si sè sé,15,君 噖 𠀹 𠁈 𠱩 𠱭 𠱰 𠺞 𢁨 𢂜 𢃊 𤤰 𪻟 𪼀 󰯯,,4,,,syllable/stt11_page_0014_c02_026.png syllable/stt11_page_0016_c09_189.png syllable/stt11_page_0060_c05_087.png syllable/stt11_page_0060_c05_094.png syllable/stt11_page_0060_c07_122.png
移,ri,118,88,3,SYLLABLE,True,chòm day di dày dây dè dê dầy dị dời giay lả,12,咦 夷 洟 荑 蛦 鴺 鵜 𠶋 𠺹 𦯔 𪅨 󱸗,,13,,,syllable/stt2_page_0030_c08_170.png syllable/stt2_page_0046_c05_090.png syllable/stt2_page_0046_c09_182.png syllable/stt2_page_0080_c07_125.png syllable/stt2_page_0084_c07_132.png
白,làm,113,85,3,SYLLABLE,True,bá bác bạc bạch nhật trắng,17, 乄 滥 漤 濫 灠 爪 爫 藍 㕚 𣩂 𣽦 𪵯 𫜵 𬈋 󰥎 󱛝,,2,,,syllable/stt2_page_0020_c01_005.png syllable/stt2_page_0036_c03_055.png syllable/stt2_page_0040_c06_124.png syllable/stt4_page_0014_c07_141.png syllable/stt4_page_0020_c02_031.png
𭃡,xưa,105,89,3,SYLLABLE,False,,20,初 如 汖 㧅 䃼 䥚 𠁉 𠜆 𠫎 𠸗 𡔈 𢀯 𢀰 𣦂 𥘉 𥘋 𥘨 𫋶 󱊨 󱓽,,0,,,syllable/stt2_page_0020_c04_072.png syllable/stt2_page_0028_c01_000.png syllable/stt2_page_0030_c04_073.png syllable/stt2_page_0030_c08_178.png syllable/stt2_page_0044_c06_109.png
常,và,96,82,2,SYLLABLE,True,hằng sàn thì thường trường,17,叵 吧 和 喡 巴 為 頗 𠄧 𡂄 𡝕 𢯓 𢯠 𢽼 𣀟 𩑼 𪽡 𬏓,,8,,,syllable/stt2_page_0016_c05_103.png syllable/stt2_page_0024_c02_041.png syllable/stt2_page_0030_c06_123.png syllable/stt2_page_0032_c08_155.png syllable/stt2_page_0034_c07_126.png
爾,trời,96,70,2,SYLLABLE,True,ne nhãi nhé nhĩ nhẫy nhẽ nhễ nẻ nể nễ,13, 俼 天 旹 𠅜 𠳒 𡗶 𢚸 𣈗 𫯝 𫶸 󱞿 沈,,0,,,syllable/stt2_page_0264_c02_034.png syllable/stt2_page_0270_c05_110.png syllable/stt2_page_0272_c09_167.png syllable/stt2_page_0288_c05_098.png syllable/stt2_page_0292_c03_055.png
趍,đi,94,58,1,SYLLABLE,True,di so tri xu xô xúc,10, 多 岃 移 跢 迻 𠫾 𨀕 𪠞 𫺲,,1,,,syllable/stt11_page_0010_c08_136.png syllable/stt11_page_0026_c01_003.png syllable/stt11_page_0026_c04_065.png syllable/stt11_page_0028_c02_034.png syllable/stt11_page_0032_c01_001.png
𭔿,ông,93,61,2,SYLLABLE,False,,17, 嗡 東 王 翁 蓊 螉 鶲 䈵 𣸜 𩔚 𪂔 𪪳 󰎰 塕 滃 鹟,,0,,,syllable/stt2_page_0024_c03_048.png syllable/stt2_page_0024_c04_069.png syllable/stt2_page_0024_c09_184.png syllable/stt2_page_0026_c04_077.png syllable/stt2_page_0026_c07_135.png
異,là,92,66,3,SYLLABLE,True,di dị lạ,31,  𱺵 卥 号 囉 容 廾 時 浪 纙 罗 羅 買 邏 㼈 𢌬 𦉼 𦋝 𦌴,,1,,,syllable/stt2_page_0116_c02_039.png syllable/stt2_page_0210_c09_157.png syllable/stt2_page_0228_c03_039.png syllable/stt2_page_0228_c03_044.png syllable/stt2_page_0228_c04_052.png
妃,bà,90,69,3,SYLLABLE,True,phi phối,36,𱙘 嘙 堏 壩 妑 婆 把 掱 搫 朳 杷 欛 波 潖 爬 琶 番 皤 磻 粑,,0,,,syllable/stt2_page_0040_c05_101.png syllable/stt2_page_0056_c08_168.png syllable/stt2_page_0058_c03_062.png syllable/stt2_page_0058_c05_090.png syllable/stt2_page_0058_c07_152.png
𡖋,làm,80,65,3,SYLLABLE,True,diệc,17, 乄 滥 漤 濫 灠 爪 爫 藍 㕚 𣩂 𣽦 𪵯 𫜵 𬈋 󰥎 󱛝,,0,,,syllable/stt2_page_0014_c04_068.png syllable/stt2_page_0014_c04_083.png syllable/stt2_page_0028_c05_101.png syllable/stt2_page_0036_c09_169.png syllable/stt2_page_0046_c05_102.png
知,đức,77,54,2,SYLLABLE,True,si tre tri trê trí trơ,21, 𱐩 𱝮 徳 德 恴 悳 惪 㤫 㥀 㥁 䙷 𢛳 𢜖 𢠀 𢤊 𨗌 𨗤 𭲖 󰆙,,4,,,syllable/stt2_page_0026_c02_033.png syllable/stt2_page_0026_c07_127.png syllable/stt2_page_0030_c01_002.png syllable/stt2_page_0030_c04_088.png syllable/stt2_page_0030_c09_196.png
瑪,ma,76,63,3,SYLLABLE,True,mã mẽ,59,么 吗 嗎 嘛 嚒 嚜 妈 媽 嫫 嬤 嬷 孖 尛 庅 摩 擵 攠 痲 痳 磨,嗎,0,,,syllable/stt2_page_0012_c04_040.png syllable/stt2_page_0012_c05_065.png syllable/stt2_page_0014_c06_135.png syllable/stt2_page_0018_c02_025.png syllable/stt2_page_0018_c02_040.png
万,đức,73,60,2,SYLLABLE,True,muôn mặc vàn vạn,21, 𱐩 𱝮 徳 德 恴 悳 惪 㤫 㥀 㥁 䙷 𢛳 𢜖 𢠀 𢤊 𨗌 𨗤 𭲖 󰆙,,0,,,syllable/stt2_page_0026_c08_147.png syllable/stt2_page_0030_c05_096.png syllable/stt2_page_0056_c07_134.png syllable/stt2_page_0058_c03_054.png syllable/stt2_page_0086_c06_113.png
凜,lăm,71,62,3,SYLLABLE,True,bòm bõm lẫm lắm lịm,11,啉 婪 惏 林 𠄻 𠄼 𠵂 𢆥 𬂽 󰢵 𭸓,,80,,,syllable/stt2_page_0122_c03_059.png syllable/stt2_page_0150_c04_078.png syllable/stt2_page_0184_c08_143.png syllable/stt2_page_0190_c08_140.png syllable/stt2_page_0192_c01_014.png
無,vồ,67,51,3,SYLLABLE,True,mô vu vô,13,拊 捬 摹 撫 模 橅 釪 𢸮 𢺌 𢻬 𢻲 𨅮 𨑑,,40,,,syllable/stt2_page_0012_c02_011.png syllable/stt2_page_0036_c03_057.png syllable/stt2_page_0036_c05_086.png syllable/stt2_page_0036_c07_128.png syllable/stt2_page_0048_c02_024.png
至,thánh,60,45,3,SYLLABLE,True,cháy chí giạ gịa điệt,33,偺 咱 喒 圣 垩 堊 琞 聖 聽 請 㑑 㗂 䎴 𠄵 𡃑 𡉄 𡑺 𤦨 𤪈 𥅶,圣,0,,,syllable/stt2_page_0228_c04_065.png syllable/stt2_page_0230_c03_057.png syllable/stt2_page_0238_c02_023.png syllable/stt2_page_0238_c07_116.png syllable/stt2_page_0244_c01_010.png
要,là,59,53,3,SYLLABLE,True,eo oeo ro yêu yếu éo,31,  𱺵 卥 号 囉 容 廾 時 浪 纙 罗 羅 買 邏 㼈 𢌬 𦉼 𦋝 𦌴,,19,,,syllable/stt2_page_0012_c03_019.png syllable/stt2_page_0028_c08_171.png syllable/stt2_page_0052_c05_096.png syllable/stt2_page_0054_c07_122.png syllable/stt2_page_0072_c09_177.png
好,đức,56,40,2,SYLLABLE,True,hiếu háo háu hão hảo hấu hẩu hếu,21, 𱐩 𱝮 徳 德 恴 悳 惪 㤫 㥀 㥁 䙷 𢛳 𢜖 𢠀 𢤊 𨗌 𨗤 𭲖 󰆙,,1,,,syllable/stt2_page_0024_c07_141.png syllable/stt2_page_0024_c09_193.png syllable/stt2_page_0030_c08_167.png syllable/stt2_page_0054_c09_173.png syllable/stt2_page_0058_c04_085.png
署,rô,56,37,3,SYLLABLE,True,dánh dính dĩnh giảnh nhảnh thùy thợ thử thự,11,噜 嚕 魲 鮋 鯈 鱸 𩼁 𩽬 𫙔 𬠩 󱅫,,9,,,syllable/stt2_page_0014_c06_134.png syllable/stt2_page_0018_c02_039.png syllable/stt2_page_0022_c09_169.png syllable/stt2_page_0028_c07_144.png syllable/stt2_page_0028_c08_166.png
炤,lửa,55,36,3,SYLLABLE,True,bảnh chiu chiêu chiếu chiểu,8, 𱪵 呂 帞 火 焒 󰌎 󰌕,,1,,,syllable/stt2_page_0030_c08_176.png syllable/stt2_page_0044_c04_073.png syllable/stt2_page_0048_c06_110.png syllable/stt2_page_0058_c02_023.png syllable/stt2_page_0058_c02_043.png
得,ngày,55,50,3,SYLLABLE,True,đác được đắc đắt,11,ヌ  匕 又 挧 時 㝵 𣈗 𣈜 𣦍 𬏝,𣈜,0,,,syllable/stt2_page_0024_c02_030.png syllable/stt2_page_0090_c08_163.png syllable/stt2_page_0092_c09_196.png syllable/stt2_page_0182_c09_160.png syllable/stt2_page_0232_c05_084.png
𦤳,thánh,54,40,1,SYLLABLE,True,chí,33,偺 咱 喒 圣 垩 堊 琞 聖 聽 請 㑑 㗂 䎴 𠄵 𡃑 𡉄 𡑺 𤦨 𤪈 𥅶,,0,,,syllable/stt4_page_0012_c01_005.png syllable/stt4_page_0022_c08_168.png syllable/stt4_page_0026_c05_097.png syllable/stt4_page_0030_c06_123.png syllable/stt4_page_0030_c09_185.png
因,có,53,49,3,SYLLABLE,True,dăn nhân nhăn nhơn nhưng nhận nhằn,15,世 个 個 古 同 固 堵 故 杏 沛 窖 箇 者 𣎏 󰡏,,20,,,syllable/stt2_page_0228_c08_137.png syllable/stt2_page_0238_c03_049.png syllable/stt2_page_0238_c07_125.png syllable/stt2_page_0260_c01_011.png syllable/stt2_page_0264_c03_046.png
用,bấy,52,47,3,SYLLABLE,True,dong dung dòng dùng dúng dầu dộng dụng giòng giùm giùng giọng,34,卑 悲 曊 碑 罢 罷 貝 買 閇 閈 閉 闭 䠋 𠇍 𠐌 𠾚 𡭼 𡮁 𤰞 𥓓,,53,,,syllable/stt2_page_0036_c09_166.png syllable/stt2_page_0054_c03_045.png syllable/stt2_page_0076_c02_036.png syllable/stt2_page_0092_c01_022.png syllable/stt2_page_0096_c01_000.png
昇,người,52,48,2,SYLLABLE,True,thăng thưng,20,仉 倘 儻 勜 匕 命 圤 徜 昆 皚 躺 辞 㝵 𠊚 𠊛 𣈗 𣈜 𤽗 𫴮 󱫱,,0,,,syllable/stt4_page_0022_c03_065.png syllable/stt4_page_0088_c07_131.png syllable/stt4_page_0112_c09_158.png syllable/stt4_page_0126_c06_117.png syllable/stt4_page_0128_c03_047.png
之,pha,50,37,3,SYLLABLE,True,ap chi chỉ chị giây gì gì; sao,29,叵 坡 岥 披 波 玻 皅 破 簸 翍 芭 苩 萉 葩 陂 頗 颇 㓟 㩺 䔤,,327,,,syllable/stt2_page_0116_c08_138.png syllable/stt2_page_0122_c02_024.png syllable/stt2_page_0122_c05_105.png syllable/stt2_page_0246_c07_136.png syllable/stt4_page_0012_c06_107.png
僥,nhiều,48,38,2,SYLLABLE,True,khiếu khỉu kiểu nghiêu nghêu nghẹo nghễu nghệu nhau nhiêu,18, 堯 嬈 澆 蜫 迻 饒 𡗉 𡗊 𤄮 𩜙 𬲢 𬼀 󰕦 󰕩 󰕭 󰞬 󰬥,堯 嬈 澆 饒,18,,,syllable/stt2_page_0018_c01_009.png syllable/stt2_page_0020_c04_070.png syllable/stt2_page_0026_c04_069.png syllable/stt2_page_0026_c05_096.png syllable/stt2_page_0032_c01_008.png
罪,là,48,40,2,SYLLABLE,True,tội tụi,31,  𱺵 卥 号 囉 容 廾 時 浪 纙 罗 羅 買 邏 㼈 𢌬 𦉼 𦋝 𦌴,,149,,,syllable/stt2_page_0012_c05_067.png syllable/stt2_page_0016_c01_000.png syllable/stt2_page_0030_c07_142.png syllable/stt2_page_0052_c08_152.png syllable/stt2_page_0054_c01_005.png
洋,còn,47,40,2,SYLLABLE,True,dương tiêu,15, 哙 喂 噲 存 羣 群 自 䭽 𠹩 𡥵 𫲳 󰅹 󱟟 󱫦,群,0,,,syllable/stt2_page_0044_c04_078.png syllable/stt2_page_0086_c03_065.png syllable/stt2_page_0094_c03_057.png syllable/stt2_page_0148_c02_038.png syllable/stt2_page_0148_c08_151.png
以,làm,46,44,3,SYLLABLE,True,dãi dí dĩ lấy,17, 乄 滥 漤 濫 灠 爪 爫 藍 㕚 𣩂 𣽦 𪵯 𫜵 𬈋 󰥎 󱛝,,1,,,syllable/stt2_page_0014_c05_105.png syllable/stt2_page_0126_c02_029.png syllable/stt2_page_0164_c08_130.png syllable/stt2_page_0168_c04_057.png syllable/stt2_page_0228_c08_144.png
色,đã,45,39,3,SYLLABLE,True,hình sắc sắo sắt sặc,16,乑 也 卒 吏 吔 它 拖 易 胣 諸 陀 㐌 𠰹 𢒕 𣦁 𧭷,也 㐌,3,,,syllable/stt2_page_0094_c02_039.png syllable/stt2_page_0262_c05_083.png syllable/stt2_page_0298_c09_164.png syllable/stt2_page_0302_c09_152.png syllable/stt2_page_0304_c04_074.png
礼,lê,45,39,3,SYLLABLE,True,lãi lưỡi lạy lấy lẩy lẫy lẻ lẽ lể lễ lệ lởi,48,栛 梨 梸 棃 犁 犂 琍 璃 瓈 筣 茘 荔 莉 菞 蔾 藜 蠡 黎 黧 㰀,,271,,,syllable/stt2_page_0038_c07_140.png syllable/stt2_page_0074_c04_076.png syllable/stt2_page_0080_c03_064.png syllable/stt2_page_0104_c07_130.png syllable/stt2_page_0208_c09_155.png
餘,thờ,44,39,3,SYLLABLE,True,dơ dư dờ hơn thừa,25,𰨂 俆 徐 悇 扵 承 於 烏 祀 祠 蜍 蠩 賒 踈 除 䜹 𠄜 𣱏 𤋬 𤕘,徐 悇 蜍,2,,,syllable/stt2_page_0026_c06_117.png syllable/stt2_page_0026_c08_155.png syllable/stt2_page_0050_c07_148.png syllable/stt2_page_0060_c03_061.png syllable/stt2_page_0082_c03_061.png
百,làm,44,30,1,SYLLABLE,True,bá bách mạch trăm,17, 乄 滥 漤 濫 灠 爪 爫 藍 㕚 𣩂 𣽦 𪵯 𫜵 𬈋 󰥎 󱛝,,0,,,syllable/stt2_page_0148_c04_074.png syllable/stt2_page_0232_c07_135.png syllable/stt2_page_0236_c01_010.png syllable/stt2_page_0244_c03_053.png syllable/stt2_page_0244_c05_080.png
𡬦,ông,42,35,2,SYLLABLE,True,đấng đẳng đứng,17, 嗡 東 王 翁 蓊 螉 鶲 䈵 𣸜 𩔚 𪂔 𪪳 󰎰 塕 滃 鹟,,0,,,syllable/stt2_page_0118_c08_173.png syllable/stt2_page_0170_c04_059.png syllable/stt2_page_0170_c09_152.png syllable/stt2_page_0172_c09_166.png syllable/stt11_page_0014_c04_068.png
夜,lời,42,40,3,SYLLABLE,True,dà dạ dại dịch già rà rá rạ,27,例 俐 分 利 吝 唎 坘 塁 痢 行 調 𠅜 𠇮 𠜫 𠳐 𠳒 𡗶 𢈱 𢚸 𥒥,,1,,,syllable/stt2_page_0012_c09_159.png syllable/stt2_page_0014_c03_045.png syllable/stt2_page_0018_c02_033.png syllable/stt2_page_0022_c01_015.png syllable/stt2_page_0022_c07_127.png
身,người,39,31,1,SYLLABLE,True,nhân quyên tam than thàn thâm thân thây,20,仉 倘 儻 勜 匕 命 圤 徜 昆 皚 躺 辞 㝵 𠊚 𠊛 𣈗 𣈜 𤽗 𫴮 󱫱,,2,,,syllable/stt4_page_0014_c07_159.png syllable/stt4_page_0016_c08_176.png syllable/stt4_page_0018_c08_132.png syllable/stt4_page_0022_c08_183.png syllable/stt4_page_0024_c09_183.png
庄,chắng,39,38,2,SYLLABLE,True,bành chăng chăng? chằng chẳng dặng giằng không trang ằng,1,𪭽,,609,,,syllable/stt2_page_0016_c08_146.png syllable/stt2_page_0042_c08_158.png syllable/stt2_page_0062_c07_137.png syllable/stt2_page_0070_c03_028.png syllable/stt2_page_0078_c05_094.png
入,ấy,38,28,2,SYLLABLE,True,nhép nhạp nhấp nhập nhắp nhẹp vào,32,𱍸 乙 倚 噫 娎 帝 悥 意 憶 椅 衣 衤 𠂎 𠋣 𠶷 𢡃 𧘇 𪬫 𫢚 󰀎,,0,,,syllable/stt2_page_0176_c05_075.png syllable/stt2_page_0230_c05_093.png syllable/stt2_page_0230_c09_189.png syllable/stt2_page_0232_c07_125.png syllable/stt2_page_0234_c05_087.png
弇,ông,37,33,2,SYLLABLE,True,yêm yểm,17, 嗡 東 王 翁 蓊 螉 鶲 䈵 𣸜 𩔚 𪂔 𪪳 󰎰 塕 滃 鹟,,0,,,syllable/stt2_page_0030_c05_102.png syllable/stt2_page_0030_c05_106.png syllable/stt2_page_0046_c05_095.png syllable/stt2_page_0048_c06_114.png syllable/stt2_page_0098_c03_054.png
㸔,khen,37,35,3,SYLLABLE,True,khan khán khản,9,  看 㗂 𠰙 𠸦 𪮒 𫽯 𠳦,,0,,,syllable/stt2_page_0034_c06_105.png syllable/stt2_page_0082_c07_121.png syllable/stt2_page_0094_c09_184.png syllable/stt2_page_0148_c05_099.png syllable/stt2_page_0164_c04_051.png
罡,là,36,32,2,SYLLABLE,True,cang cương,31,  𱺵 卥 号 囉 容 廾 時 浪 纙 罗 羅 買 邏 㼈 𢌬 𦉼 𦋝 𦌴,,0,,,syllable/stt2_page_0018_c02_028.png syllable/stt2_page_0022_c07_130.png syllable/stt2_page_0030_c04_069.png syllable/stt2_page_0054_c08_149.png syllable/stt2_page_0058_c08_167.png
吞,trời,36,32,1,SYLLABLE,True,thôn xôn,13, 俼 天 旹 𠅜 𠳒 𡗶 𢚸 𣈗 𫯝 𫶸 󱞿 沈,,0,,,syllable/stt2_page_0014_c09_186.png syllable/stt2_page_0022_c06_117.png syllable/stt2_page_0024_c05_091.png syllable/stt2_page_0030_c01_004.png syllable/stt2_page_0030_c06_133.png
肆,sau,34,32,2,SYLLABLE,True,dị thích tư tớ tứ,37,嗟 娄 婁 差 搂 楼 牢 畧 畱 瘥 窂 罒 荖 蹉 䁟 𡕘 𡘠 𡢐 𢀞 𢀠,,0,,,syllable/stt2_page_0076_c03_052.png syllable/stt2_page_0100_c09_167.png syllable/stt2_page_0160_c09_138.png syllable/stt2_page_0170_c03_053.png syllable/stt2_page_0194_c02_037.png
可,làm,34,23,1,SYLLABLE,True,ca cà há hả khá khả khắc,17, 乄 滥 漤 濫 灠 爪 爫 藍 㕚 𣩂 𣽦 𪵯 𫜵 𬈋 󰥎 󱛝,,5,,,syllable/stt2_page_0236_c04_070.png syllable/stt2_page_0252_c03_051.png syllable/stt2_page_0254_c02_026.png syllable/stt2_page_0254_c04_055.png syllable/stt2_page_0254_c07_111.png
廪,lăm,34,33,2,SYLLABLE,True,bám bấm bẩm bẳm bặm bụm lúm lũm lẫm lắm rắm,11,啉 婪 惏 林 𠄻 𠄼 𠵂 𢆥 𬂽 󰢵 𭸓,,44,,,syllable/stt2_page_0032_c04_074.png syllable/stt2_page_0042_c07_140.png syllable/stt2_page_0070_c04_054.png syllable/stt2_page_0086_c03_064.png syllable/stt2_page_0092_c02_039.png
䏻,đi,34,26,1,SYLLABLE,True,hay năn năng nưng nấng nằng toe,10, 多 岃 移 跢 迻 𠫾 𨀕 𪠞 𫺲,,24,,,syllable/stt2_page_0030_c06_119.png syllable/stt2_page_0038_c03_043.png syllable/stt2_page_0038_c07_144.png syllable/stt2_page_0050_c02_036.png syllable/stt2_page_0050_c06_110.png
槎,si,34,33,3,SYLLABLE,True,chà già sậy tra xay,99,嗟 嗤 妛 媸 差 希 彨 彲 徙 抬 摛 柴 殦 灑 痴 瘥 癡 眵 瞝 知,蹉,0,,,syllable/stt2_page_0108_c09_152.png syllable/stt2_page_0244_c03_051.png syllable/stt2_page_0262_c08_150.png syllable/stt2_page_0274_c01_005.png syllable/stt2_page_0282_c08_159.png
分,đức,33,25,2,SYLLABLE,True,biện bẹ hề lời phen phân phấn phần phận,21, 𱐩 𱝮 徳 德 恴 悳 惪 㤫 㥀 㥁 䙷 𢛳 𢜖 𢠀 𢤊 𨗌 𨗤 𭲖 󰆙,,62,,,syllable/stt2_page_0084_c04_086.png syllable/stt2_page_0098_c09_155.png syllable/stt2_page_0148_c03_048.png syllable/stt11_page_0022_c01_005.png syllable/stt11_page_0056_c05_089.png
計,ghê,33,31,3,SYLLABLE,True,ghế gầy ké kê kẻ kẽ kế kể ể,19,世 乩 卟 稽 䭫 䭬 𠺳 𡃊 𥞞 𥟵 𥠻 𥡞 𥡳 𥡴 𩠜 𩠥 𩠦 𩠨 󰏲,,43,,,syllable/stt2_page_0116_c08_152.png syllable/stt2_page_0134_c08_169.png syllable/stt2_page_0206_c01_009.png syllable/stt2_page_0246_c07_128.png syllable/stt2_page_0262_c02_029.png
街,về,32,29,3,SYLLABLE,True,dai nhai nhây,23,𱸳 揮 撝 皮 米 耒 衛 衞 還 駆 䘙 𠀄 𡗅 𢠿 𧗱 𩤸 𬩍 󰓟 󰡲 󱘌,衛 𧗱,0,,,syllable/stt2_page_0184_c04_061.png syllable/stt2_page_0234_c05_089.png syllable/stt2_page_0284_c04_070.png syllable/stt4_page_0014_c01_018.png syllable/stt4_page_0042_c03_053.png
㓜,chém,32,23,3,SYLLABLE,True,ao âu ấu,22,剣 剱 劍 劎 劒 劔 占 呫 斬 釰 釼 鉆 鐱 㓠 𠛤 𠝏 𠠆 𡃍 𪟂 𫥸,,7,,,syllable/stt2_page_0046_c03_061.png syllable/stt2_page_0052_c07_132.png syllable/stt2_page_0084_c01_018.png syllable/stt2_page_0096_c07_147.png syllable/stt2_page_0110_c07_137.png
衣,i,32,28,3,SYLLABLE,True,e y ý ấy ỉ ỵ,9,匱 季 揆 櫃 貴 跪 軌 鬼 䠏,,281,,,syllable/stt2_page_0018_c02_029.png syllable/stt2_page_0024_c09_186.png syllable/stt2_page_0026_c04_079.png syllable/stt2_page_0086_c01_013.png syllable/stt2_page_0106_c02_028.png
鲁,rô,31,26,3,SYLLABLE,True,lỗ trổ,11,噜 嚕 魲 鮋 鯈 鱸 𩼁 𩽬 𫙔 𬠩 󱅫,噜 嚕,1,,,syllable/stt2_page_0212_c07_102.png syllable/stt2_page_0240_c02_023.png syllable/stt2_page_0246_c03_055.png syllable/stt2_page_0318_c03_045.png syllable/stt2_page_0326_c02_035.png
個,vua,31,20,2,SYLLABLE,True,cá cái có rá,15,君 噖 𠀹 𠁈 𠱩 𠱭 𠱰 𠺞 𢁨 𢂜 𢃊 𤤰 𪻟 𪼀 󰯯,,6,,,syllable/stt2_page_0232_c08_140.png syllable/stt2_page_0238_c03_043.png syllable/stt2_page_0318_c03_057.png syllable/stt2_page_0318_c07_136.png syllable/stt4_page_0026_c01_009.png
竈,xuống,30,28,3,SYLLABLE,True,bếp diếu giáo khiếu khéo táo,17, 下 笹 𠁑 𠖈 𡬈 𨑜 𪧍 𫳭 𫴋 𬕹 𬺗 󰞘 󰡎 󱚏 󱟫 󱪞,,0,,,syllable/stt2_page_0094_c08_167.png syllable/stt4_page_0020_c03_043.png syllable/stt4_page_0040_c07_146.png syllable/stt4_page_0126_c07_146.png syllable/stt4_page_0168_c09_171.png
方,đức,29,26,1,SYLLABLE,True,bàng phăng phương phạng phỏng phổng phỗng vuông,21, 𱐩 𱝮 徳 德 恴 悳 惪 㤫 㥀 㥁 䙷 𢛳 𢜖 𢠀 𢤊 𨗌 𨗤 𭲖 󰆙,,4,,,syllable/stt11_page_0014_c01_005.png syllable/stt11_page_0026_c05_095.png syllable/stt11_page_0028_c09_178.png syllable/stt11_page_0070_c02_034.png syllable/stt11_page_0092_c02_027.png
例,vua,29,18,1,SYLLABLE,True,liệt loẹt lìa lít lướt lề lể lệ lệch lịt lời riệt,15,君 噖 𠀹 𠁈 𠱩 𠱭 𠱰 𠺞 𢁨 𢂜 𢃊 𤤰 𪻟 𪼀 󰯯,,7,,,syllable/stt4_page_0024_c09_188.png syllable/stt4_page_0026_c01_005.png syllable/stt4_page_0068_c02_039.png syllable/stt4_page_0068_c04_084.png syllable/stt4_page_0068_c05_109.png
𭴾,vồ,29,24,2,SYLLABLE,False,,13,拊 捬 摹 撫 模 橅 釪 𢸮 𢺌 𢻬 𢻲 𨅮 𨑑,,0,,,syllable/stt2_page_0244_c08_142.png syllable/stt2_page_0246_c01_006.png syllable/stt2_page_0286_c06_103.png syllable/stt2_page_0316_c06_096.png syllable/stt2_page_0318_c05_085.png
并,ông,27,18,2,SYLLABLE,True,bình bính phanh sánh tinh tính tỉnh tịnh,17, 嗡 東 王 翁 蓊 螉 鶲 䈵 𣸜 𩔚 𪂔 𪪳 󰎰 塕 滃 鹟,,1,,,syllable/stt2_page_0266_c02_037.png syllable/stt2_page_0280_c02_039.png syllable/stt2_page_0280_c03_054.png syllable/stt2_page_0280_c03_057.png syllable/stt2_page_0280_c08_165.png
輝,sau,27,22,2,SYLLABLE,True,hoe huy hùy vĩ,37,嗟 娄 婁 差 搂 楼 牢 畧 畱 瘥 窂 罒 荖 蹉 䁟 𡕘 𡘠 𡢐 𢀞 𢀠,,0,,,syllable/stt2_page_0210_c05_072.png syllable/stt2_page_0216_c01_010.png syllable/stt2_page_0230_c02_028.png syllable/stt2_page_0230_c03_050.png syllable/stt2_page_0230_c03_064.png
茂,một,27,27,2,SYLLABLE,True,mù mấu mầu mậu ngồng tốt,37,        𱥺 刎 圽 堆 墓 更 歾 歿 殁 殳 沒 没,,0,,,syllable/stt2_page_0014_c05_104.png syllable/stt2_page_0024_c08_167.png syllable/stt2_page_0030_c07_143.png syllable/stt2_page_0044_c05_087.png syllable/stt2_page_0046_c03_046.png
弄,toan,27,27,2,SYLLABLE,True,chống giộng loàn luồng lòng lóng lùng lọng lỏng lồng lổng lộng,23, 撰 散 櫲 狻 痠 祘 笇 筭 算 酸 鑽 䝜 𡀜 𢌺 𤷥 𥫫 𥮅 𨢽 𨣪,,201,,,syllable/stt2_page_0104_c05_099.png syllable/stt2_page_0214_c02_039.png syllable/stt2_page_0258_c03_056.png syllable/stt2_page_0296_c01_017.png syllable/stt2_page_0320_c09_160.png
尽,trời,26,23,2,SYLLABLE,True,hết tần tẩn tẫn tận,13, 俼 天 旹 𠅜 𠳒 𡗶 𢚸 𣈗 𫯝 𫶸 󱞿 沈,,1,,,syllable/stt2_page_0216_c06_111.png syllable/stt11_page_0040_c02_036.png syllable/stt11_page_0044_c03_057.png syllable/stt11_page_0046_c05_060.png syllable/stt11_page_0052_c05_094.png
戈,cùng,26,20,1,SYLLABLE,True,nhung qua quá quơ quạ quờ sang ờ,44,供 共 其 塘 廾 弯 強 拱 拲 珙 穷 穹 窮 竆 藭 蛩 蛬 邛 䓖 䠻,,39,,,syllable/stt11_page_0128_c03_062.png syllable/stt11_page_0128_c04_071.png syllable/stt11_page_0132_c02_034.png syllable/stt11_page_0150_c01_016.png syllable/stt11_page_0164_c02_027.png
平,băng,25,24,3,SYLLABLE,True,biền bìn bình bường bằng bừng vàng,42,仌 冫 冰 凝 嘣 崩 弸 掤 斆 旁 水 氷 淜 漰 硼 絣 綳 繃 绷 蹦,,61,,,syllable/stt2_page_0012_c09_144.png syllable/stt2_page_0058_c05_108.png syllable/stt2_page_0058_c07_136.png syllable/stt2_page_0106_c05_089.png syllable/stt2_page_0126_c09_189.png
嘿,ra,25,23,3,SYLLABLE,True,hắc mắc mặc,37,    𱜂 出 加 囉 囖 威 廾 歯 羅 群 蔞 𠚢 𦉼 𦋦 𪜀 𪞷,,0,,,syllable/stt2_page_0086_c01_007.png syllable/stt2_page_0208_c02_026.png syllable/stt4_page_0176_c01_019.png syllable/stt11_page_0014_c04_077.png syllable/stt11_page_0014_c05_086.png
庵,xuống,24,22,3,SYLLABLE,True,am ham hán im nghiễm om quảng xưởng êm ôm ươm,17, 下 笹 𠁑 𠖈 𡬈 𨑜 𪧍 𫳭 𫴋 𬕹 𬺗 󰞘 󰡎 󱚏 󱟫 󱪞,,3,,,syllable/stt2_page_0030_c09_180.png syllable/stt2_page_0046_c02_023.png syllable/stt2_page_0202_c02_025.png syllable/stt2_page_0202_c06_098.png syllable/stt2_page_0300_c04_063.png
祐,xem,24,20,2,SYLLABLE,True,hữu hựu,18, 佔 占 呫 姟 娂 瞻 袩 覘 貼 㡇 䀡 䄡 䦓 𤎥 𫀅 󰏙 󰠉,,0,,,syllable/stt2_page_0088_c03_043.png syllable/stt4_page_0012_c08_148.png syllable/stt4_page_0046_c02_041.png syllable/stt4_page_0046_c04_071.png syllable/stt4_page_0060_c01_012.png
氏,ấy,24,22,2,SYLLABLE,True,chi thi thì thị,32,𱍸 乙 倚 噫 娎 帝 悥 意 憶 椅 衣 衤 𠂎 𠋣 𠶷 𢡃 𧘇 𪬫 𫢚 󰀎,,1,,,syllable/stt2_page_0020_c08_162.png syllable/stt2_page_0280_c03_055.png syllable/stt2_page_0284_c04_072.png syllable/stt2_page_0288_c07_129.png syllable/stt2_page_0304_c08_148.png
罷,là,24,22,2,SYLLABLE,True,bãi bì bảy bấy bời bởi bỡi mệt pho phó,31,  𱺵 卥 号 囉 容 廾 時 浪 纙 罗 羅 買 邏 㼈 𢌬 𦉼 𦋝 𦌴,,2,,,syllable/stt2_page_0014_c04_078.png syllable/stt2_page_0064_c07_122.png syllable/stt2_page_0066_c01_013.png syllable/stt2_page_0070_c02_024.png syllable/stt2_page_0074_c04_075.png
䆒,đem,23,21,3,SYLLABLE,True,cứu,28,   冘 剾 抌 眈 耽 躭 酖 鴆 𢲠 𨈔 𨈠 𨈦 𨈨 𨊍 𨊗 𨑴 𨑻,,0,,,syllable/stt2_page_0024_c09_183.png syllable/stt2_page_0064_c06_109.png syllable/stt2_page_0146_c01_002.png syllable/stt2_page_0230_c01_017.png syllable/stt2_page_0230_c07_133.png
遥,lạ,23,22,2,SYLLABLE,True,dao diêu dìu rao,29, 吕 呂 囉 異 罗 羅 莒 逻 邏 𡄀 𡆗 𡚎 𤳧 𤴏 𦋝 𦌴 𦍉 𨓐 𨔍,,0,,,syllable/stt2_page_0026_c04_071.png syllable/stt2_page_0080_c02_034.png syllable/stt2_page_0166_c06_105.png syllable/stt2_page_0180_c07_123.png syllable/stt2_page_0196_c06_080.png
丸,đem,22,21,3,SYLLABLE,True,giúp hoàn hòm hòn up xóp xắp,28,   冘 剾 抌 眈 耽 躭 酖 鴆 𢲠 𨈔 𨈠 𨈦 𨈨 𨊍 𨊗 𨑴 𨑻,,3,,,syllable/stt2_page_0042_c01_012.png syllable/stt2_page_0092_c08_180.png syllable/stt2_page_0152_c05_088.png syllable/stt2_page_0240_c03_053.png syllable/stt4_page_0022_c03_051.png
裔,trời,22,16,2,SYLLABLE,True,duệ,13, 俼 天 旹 𠅜 𠳒 𡗶 𢚸 𣈗 𫯝 𫶸 󱞿 沈,,0,,,syllable/stt2_page_0234_c08_142.png syllable/stt2_page_0242_c04_062.png syllable/stt2_page_0246_c03_041.png syllable/stt2_page_0248_c07_113.png syllable/stt2_page_0252_c01_015.png
愈,trời,22,20,1,SYLLABLE,True,du dù dú dũ dẫu dỗ dụ gió giỗ nhũ rũ rủ,13, 俼 天 旹 𠅜 𠳒 𡗶 𢚸 𣈗 𫯝 𫶸 󱞿 沈,,9,,,syllable/stt4_page_0016_c01_004.png syllable/stt4_page_0040_c08_153.png syllable/stt4_page_0042_c02_036.png syllable/stt4_page_0058_c09_177.png syllable/stt4_page_0096_c05_108.png
厅,đức,22,17,1,SYLLABLE,True,sảnh thinh thính,21, 𱐩 𱝮 徳 德 恴 悳 惪 㤫 㥀 㥁 䙷 𢛳 𢜖 𢠀 𢤊 𨗌 𨗤 𭲖 󰆙,,0,,,syllable/stt11_page_0014_c07_131.png syllable/stt11_page_0016_c09_192.png syllable/stt11_page_0020_c04_080.png syllable/stt11_page_0020_c08_173.png syllable/stt11_page_0034_c03_058.png
罟,là,22,21,3,SYLLABLE,True,cổ,31,  𱺵 卥 号 囉 容 廾 時 浪 纙 罗 羅 買 邏 㼈 𢌬 𦉼 𦋝 𦌴,,0,,,syllable/stt2_page_0014_c09_199.png syllable/stt2_page_0028_c05_099.png syllable/stt2_page_0050_c08_170.png syllable/stt2_page_0056_c02_036.png syllable/stt2_page_0066_c02_024.png
祠,vua,21,14,2,SYLLABLE,True,thờ tờ từ tự,15,君 噖 𠀹 𠁈 𠱩 𠱭 𠱰 𠺞 𢁨 𢂜 𢃊 𤤰 𪻟 𪼀 󰯯,,0,,,syllable/stt2_page_0232_c01_000.png syllable/stt4_page_0024_c09_176.png syllable/stt4_page_0068_c05_115.png syllable/stt4_page_0070_c08_156.png syllable/stt4_page_0086_c02_024.png
八,ấy,21,21,2,SYLLABLE,True,bát bét bít bắt bịt bớt cửu quĩ quỹ xốc,32,𱍸 乙 倚 噫 娎 帝 悥 意 憶 椅 衣 衤 𠂎 𠋣 𠶷 𢡃 𧘇 𪬫 𫢚 󰀎,,0,,,syllable/stt2_page_0236_c06_111.png syllable/stt2_page_0244_c04_063.png syllable/stt2_page_0256_c05_090.png syllable/stt2_page_0278_c07_124.png syllable/stt2_page_0284_c05_090.png
团,bấy,21,21,3,SYLLABLE,True,đoàn,34,卑 悲 曊 碑 罢 罷 貝 買 閇 閈 閉 闭 䠋 𠇍 𠐌 𠾚 𡭼 𡮁 𤰞 𥓓,,0,,,syllable/stt2_page_0022_c07_140.png syllable/stt2_page_0100_c08_127.png syllable/stt2_page_0234_c02_021.png syllable/stt2_page_0324_c05_091.png syllable/stt4_page_0294_c07_146.png
置,mới,20,19,2,SYLLABLE,True,trí,23,𱺵 厶 另 埋 某 梅 皮 蛽 貝 買 賀 㵋 𠇍 𡤓 𡤔 𧵽 𪚾 𪦲 𬔫 󰋇,,0,,,syllable/stt2_page_0030_c05_108.png syllable/stt2_page_0076_c05_092.png syllable/stt2_page_0138_c04_077.png syllable/stt2_page_0184_c03_040.png syllable/stt2_page_0294_c01_006.png
末,mát,20,14,3,SYLLABLE,True,mượt mạt mất mắc mắt mặt mết mệt,5,沫 𠖾 𧉿 𩗂 𫖼,,285,,,syllable/stt2_page_0146_c05_071.png syllable/stt2_page_0146_c09_162.png syllable/stt2_page_0260_c09_159.png syllable/stt2_page_0262_c01_002.png syllable/stt2_page_0262_c04_072.png
林,lem,20,20,3,SYLLABLE,True,lim lom lum lâm lùm lăm lầm lắm rầm rậm rằm trăm,10,廉 淋 溓 濓 痳 霖 𥋲 𩱬 󰯡 󱠩,,36,,,syllable/stt2_page_0028_c07_151.png syllable/stt2_page_0030_c02_044.png syllable/stt2_page_0124_c01_001.png syllable/stt2_page_0126_c08_158.png syllable/stt2_page_0128_c08_169.png
國,có,20,18,2,SYLLABLE,True,cuốc hoắc hoặc nước quốc vi ốc,15,世 个 個 古 同 固 堵 故 杏 沛 窖 箇 者 𣎏 󰡏,,2,,,syllable/stt4_page_0052_c04_066.png syllable/stt4_page_0054_c04_072.png syllable/stt4_page_0058_c08_160.png syllable/stt4_page_0060_c01_011.png syllable/stt4_page_0076_c04_068.png
厕,trời,20,17,1,SYLLABLE,True,sí trắc xí,13, 俼 天 旹 𠅜 𠳒 𡗶 𢚸 𣈗 𫯝 𫶸 󱞿 沈,,0,,,syllable/stt4_page_0014_c04_073.png syllable/stt4_page_0018_c02_024.png syllable/stt4_page_0024_c05_090.png syllable/stt4_page_0032_c04_064.png syllable/stt4_page_0090_c02_027.png
詩,thì,19,18,2,SYLLABLE,True,thi thơ tơ,56,𱢑 匙 埘 塒 寺 峕 常 提 时 旹 時 晨 曟 榯 氏 畤 秲 茄 莳 蒔,時 蒔,0,,,syllable/stt2_page_0026_c04_085.png syllable/stt2_page_0036_c07_120.png syllable/stt2_page_0054_c03_054.png syllable/stt2_page_0058_c04_075.png syllable/stt2_page_0088_c03_053.png
噐,là,19,18,2,SYLLABLE,True,khí,31,  𱺵 卥 号 囉 容 廾 時 浪 纙 罗 羅 買 邏 㼈 𢌬 𦉼 𦋝 𦌴,,3,,,syllable/stt2_page_0282_c08_157.png syllable/stt4_page_0016_c05_106.png syllable/stt4_page_0038_c01_010.png syllable/stt4_page_0062_c05_098.png syllable/stt4_page_0072_c05_062.png
重,trong,19,19,3,SYLLABLE,True,chung chuồng chuộng chòng chõng chùng chồng giọng nặng thụng tròng trùng,52,  中 仲 共 冲 塚 宫 宮 工 沖 滝 珕 瑇 番 盅 祌 衝 鐧 龍,盅,262,,,syllable/stt2_page_0022_c07_139.png syllable/stt2_page_0060_c05_107.png syllable/stt2_page_0086_c03_049.png syllable/stt2_page_0166_c03_055.png syllable/stt2_page_0198_c06_096.png
哈,hai,18,15,3,SYLLABLE,True,cáp cóp cụp ha hà hát hét hít hóp hết họp hộp,18, 侼 台 咍 怡 檯 瓵 臺 邰 颱 鮐 㣍 𠄩 𠄽 𠘭 𡐬 𪱜 󰀘,,1,,,syllable/stt2_page_0068_c01_006.png syllable/stt2_page_0078_c07_138.png syllable/stt2_page_0108_c04_072.png syllable/stt2_page_0108_c06_092.png syllable/stt2_page_0108_c08_125.png
从,ấy,18,15,1,SYLLABLE,True,thung tung tòng tùng túng tụng,32,𱍸 乙 倚 噫 娎 帝 悥 意 憶 椅 衣 衤 𠂎 𠋣 𠶷 𢡃 𧘇 𪬫 𫢚 󰀎,,0,,,syllable/stt11_page_0026_c05_088.png syllable/stt11_page_0028_c01_011.png syllable/stt11_page_0028_c06_124.png syllable/stt11_page_0030_c03_054.png syllable/stt11_page_0030_c06_111.png
嚶,ra,18,17,2,SYLLABLE,True,anh inh,37,    𱜂 出 加 囉 囖 威 廾 歯 羅 群 蔞 𠚢 𦉼 𦋦 𪜀 𪞷,,0,,,syllable/stt2_page_0330_c09_151.png syllable/stt11_page_0018_c09_160.png syllable/stt11_page_0036_c06_103.png syllable/stt11_page_0044_c08_139.png syllable/stt11_page_0048_c05_086.png
庒,chắng,18,18,2,SYLLABLE,True,chan chang chăng chẳng da dưa dặng giằng trang đồ,1,𪭽,,341,,,syllable/stt2_page_0326_c07_127.png syllable/stt11_page_0022_c03_051.png syllable/stt11_page_0050_c04_072.png syllable/stt11_page_0052_c03_055.png syllable/stt11_page_0106_c09_178.png
莒,đầy,17,15,2,SYLLABLE,True,cử lạ lữ rữa,16,台 提 柴 箈 苔 菭 薹 䈚 𠫅 𠫆 𣹓 𧀟 𨃐 𪞅 󰐗 󰮙,,0,,,syllable/stt2_page_0276_c01_008.png syllable/stt11_page_0040_c09_201.png syllable/stt11_page_0062_c06_120.png syllable/stt11_page_0066_c09_172.png syllable/stt11_page_0068_c03_054.png
乔,trời,17,16,2,SYLLABLE,True,kiều,13, 俼 天 旹 𠅜 𠳒 𡗶 𢚸 𣈗 𫯝 𫶸 󱞿 沈,,0,,,syllable/stt2_page_0246_c07_120.png syllable/stt2_page_0260_c07_126.png syllable/stt2_page_0306_c07_122.png syllable/stt11_page_0060_c06_110.png syllable/stt11_page_0066_c09_190.png
該,coi,17,16,2,SYLLABLE,True,cai cơi,11,佔 占 嵬 瑰 貼 䁛 𥋳 𩲡 𫀅 𫀢 󰏤,,28,,,syllable/stt2_page_0028_c07_139.png syllable/stt2_page_0052_c01_019.png syllable/stt2_page_0054_c02_026.png syllable/stt2_page_0056_c01_010.png syllable/stt2_page_0122_c09_189.png
勿,đức,17,14,1,SYLLABLE,True,vất vẩn vẫn vật vắt vặt vớt,21, 𱐩 𱝮 徳 德 恴 悳 惪 㤫 㥀 㥁 䙷 𢛳 𢜖 𢠀 𢤊 𨗌 𨗤 𭲖 󰆙,,0,,,syllable/stt11_page_0086_c04_062.png syllable/stt11_page_0142_c05_101.png syllable/stt11_page_0144_c07_135.png syllable/stt11_page_0150_c05_102.png syllable/stt11_page_0164_c05_081.png
對,cả,17,16,2,SYLLABLE,True,dối nhói rối tối tụi đói đôi đối đổi đỗi,11,仍 哿 垰 奇 架 竒 𠵲 𪥘 󱝝 󱝮 󱼓,,1,,,syllable/stt4_page_0014_c04_086.png syllable/stt4_page_0030_c09_186.png syllable/stt4_page_0030_c09_189.png syllable/stt4_page_0034_c01_014.png syllable/stt4_page_0100_c04_069.png
芒,là,16,16,2,SYLLABLE,True,man mang mong màng máng mãng măng mưng mường vong,31,  𱺵 卥 号 囉 容 廾 時 浪 纙 罗 羅 買 邏 㼈 𢌬 𦉼 𦋝 𦌴,,0,,,syllable/stt2_page_0052_c08_157.png syllable/stt2_page_0060_c04_079.png syllable/stt2_page_0076_c06_125.png syllable/stt2_page_0078_c04_068.png syllable/stt2_page_0082_c04_079.png
切,chém,16,15,3,SYLLABLE,True,siết thiếc thiết thét thướt thế thớt xiết,22,剣 剱 劍 劎 劒 劔 占 呫 斬 釰 釼 鉆 鐱 㓠 𠛤 𠝏 𠠆 𡃍 𪟂 𫥸,,1,,,syllable/stt2_page_0170_c04_066.png syllable/stt2_page_0204_c08_137.png syllable/stt2_page_0330_c04_066.png syllable/stt2_page_0330_c04_076.png syllable/stt4_page_0084_c02_026.png
結,đi,16,14,1,SYLLABLE,True,chắc cứt ghét hết kiết két kít kế kết yết,10, 多 岃 移 跢 迻 𠫾 𨀕 𪠞 𫺲,,41,,,syllable/stt2_page_0020_c04_081.png syllable/stt2_page_0022_c02_026.png syllable/stt2_page_0024_c09_189.png syllable/stt2_page_0030_c02_039.png syllable/stt2_page_0052_c01_002.png
馬,vì,16,15,2,SYLLABLE,True,mã mả mở mỡ mứa mựa ngựa,7,位 為 爲 𠸠 𡸏 𦥮 󰩄,,6,,,syllable/stt2_page_0030_c06_130.png syllable/stt2_page_0052_c06_112.png syllable/stt2_page_0074_c08_166.png syllable/stt2_page_0074_c09_182.png syllable/stt2_page_0076_c06_106.png
𫝄,ấy,16,15,1,SYLLABLE,False,,32,𱍸 乙 倚 噫 娎 帝 悥 意 憶 椅 衣 衤 𠂎 𠋣 𠶷 𢡃 𧘇 𪬫 𫢚 󰀎,,0,,,syllable/stt11_page_0022_c08_167.png syllable/stt11_page_0024_c07_141.png syllable/stt11_page_0054_c07_150.png syllable/stt11_page_0060_c01_001.png syllable/stt11_page_0068_c09_178.png
受,một,15,14,2,SYLLABLE,True,chịu thâu thò thọ thụ,37,        𱥺 刎 圽 堆 墓 更 歾 歿 殁 殳 沒 没,,1,,,syllable/stt4_page_0062_c01_009.png syllable/stt4_page_0062_c05_102.png syllable/stt4_page_0080_c09_192.png syllable/stt4_page_0084_c01_020.png syllable/stt4_page_0086_c01_020.png
三,đến,15,13,1,SYLLABLE,True,ba khươm sam sâm tam tham tám tạm,21,且 但 倎 典 彣 敟 旦 細 蛋 貝 㫜 䓦 𠔓 𠔩 𠔰 𢻅 𣅂 𥮏 𦤾 𦥃,,1,,,syllable/stt4_page_0030_c02_028.png syllable/stt4_page_0042_c08_169.png syllable/stt4_page_0078_c04_075.png syllable/stt4_page_0100_c04_075.png syllable/stt4_page_0166_c01_018.png
心,làm,15,13,3,SYLLABLE,True,thân tim tâm tăm tấm,17, 乄 滥 漤 濫 灠 爪 爫 藍 㕚 𣩂 𣽦 𪵯 𫜵 𬈋 󰥎 󱛝,,8,,,syllable/stt2_page_0118_c09_188.png syllable/stt4_page_0020_c09_190.png syllable/stt4_page_0022_c04_081.png syllable/stt4_page_0022_c05_100.png syllable/stt4_page_0034_c03_062.png
戞,một,15,14,2,SYLLABLE,True,at dạt giát giạt giắt kiết kít kết nhác nhát rát vui,37,        𱥺 刎 圽 堆 墓 更 歾 歿 殁 殳 沒 没,,0,,,syllable/stt2_page_0028_c07_140.png syllable/stt2_page_0090_c04_069.png syllable/stt2_page_0150_c02_031.png syllable/stt2_page_0150_c04_082.png syllable/stt11_page_0156_c08_171.png
居,nước,15,14,3,SYLLABLE,True,cư cứ cừ khờ khừ ky kí ký,13, 匿 國 娘 搩 於 渃 珠 箸 著 𣋐 𣥧 𫭔,,0,,,syllable/stt2_page_0046_c06_122.png syllable/stt2_page_0086_c01_012.png syllable/stt2_page_0316_c09_137.png syllable/stt2_page_0320_c08_138.png syllable/stt4_page_0020_c09_187.png
戛,một,15,15,2,SYLLABLE,True,at cất cắt giáp giát gật gặt kiết két kít nhác nhát,37,        𱥺 刎 圽 堆 墓 更 歾 歿 殁 殳 沒 没,,0,,,syllable/stt2_page_0096_c09_187.png syllable/stt2_page_0158_c04_066.png syllable/stt2_page_0200_c06_109.png syllable/stt2_page_0274_c05_094.png syllable/stt2_page_0278_c01_002.png
解,năm,15,15,2,SYLLABLE,True,cởi dải giái giãi giải giới nghĩa sõi ái ãi ải ới,19, 南 年 朩 璏 秊 䄭 𠄼 𠡦 𠦅 𠦚 𠫺 𠬋 𢆥 𦼌 𫡵 𫧣 𫷜 󱙌,,0,,,syllable/stt2_page_0088_c07_137.png syllable/stt2_page_0102_c05_091.png syllable/stt2_page_0106_c03_035.png syllable/stt2_page_0140_c02_030.png syllable/stt2_page_0158_c03_051.png
姨,mẹ,15,14,3,SYLLABLE,True,chị di dì gì,9,姆 媄 憽 毋 母 美 袄 那 㜫,,0,,,syllable/stt2_page_0044_c06_127.png syllable/stt2_page_0100_c07_112.png syllable/stt2_page_0184_c09_157.png syllable/stt2_page_0198_c05_077.png syllable/stt2_page_0270_c03_046.png
被,xem,15,15,3,SYLLABLE,True,bí bệ bị bỡ bợ bự phi,18, 佔 占 呫 姟 娂 瞻 袩 覘 貼 㡇 䀡 䄡 䦓 𤎥 𫀅 󰏙 󰠉,,0,,,syllable/stt2_page_0048_c04_053.png syllable/stt2_page_0050_c04_085.png syllable/stt2_page_0266_c06_105.png syllable/stt4_page_0014_c05_115.png syllable/stt4_page_0092_c02_030.png
娱,mẹ,15,13,2,SYLLABLE,True,ngu ngô,9,姆 媄 憽 毋 母 美 袄 那 㜫,,0,,,syllable/stt2_page_0312_c02_031.png syllable/stt11_page_0104_c04_062.png syllable/stt11_page_0126_c07_119.png syllable/stt11_page_0134_c07_137.png syllable/stt11_page_0138_c03_053.png
罕,ra,15,15,3,SYLLABLE,True,han hãn hẩng hắn hẳn,37,    𱜂 出 加 囉 囖 威 廾 歯 羅 群 蔞 𠚢 𦉼 𦋦 𪜀 𪞷,,0,,,syllable/stt2_page_0122_c03_049.png syllable/stt2_page_0218_c09_132.png syllable/stt2_page_0262_c06_116.png syllable/stt4_page_0036_c01_014.png syllable/stt4_page_0038_c06_116.png
煜,lửa,14,14,3,SYLLABLE,True,duật dục dực,8, 𱪵 呂 帞 火 焒 󰌎 󰌕,,0,,,syllable/stt2_page_0070_c09_155.png syllable/stt2_page_0176_c09_153.png syllable/stt2_page_0192_c04_066.png syllable/stt2_page_0200_c07_120.png syllable/stt2_page_0248_c05_085.png
丑,cùng,14,13,2,SYLLABLE,True,giấu sấu sửu xú xấu ấu,44,供 共 其 塘 廾 弯 強 拱 拲 珙 穷 穹 窮 竆 藭 蛩 蛬 邛 䓖 䠻,,41,,,syllable/stt2_page_0022_c09_178.png syllable/stt4_page_0016_c03_054.png syllable/stt4_page_0016_c08_172.png syllable/stt4_page_0018_c07_124.png syllable/stt4_page_0022_c07_156.png
为,làm,14,12,3,SYLLABLE,True,vi vy vị,17, 乄 滥 漤 濫 灠 爪 爫 藍 㕚 𣩂 𣽦 𪵯 𫜵 𬈋 󰥎 󱛝,,0,,,syllable/stt2_page_0112_c07_132.png syllable/stt2_page_0280_c03_046.png syllable/stt2_page_0304_c06_115.png syllable/stt2_page_0306_c09_168.png syllable/stt4_page_0022_c09_199.png
肉,lời,14,12,2,SYLLABLE,True,ngoạt nguyệt nhúc nhụ nhục nậu,27,例 俐 分 利 吝 唎 坘 塁 痢 行 調 𠅜 𠇮 𠜫 𠳐 𠳒 𡗶 𢈱 𢚸 𥒥,,0,,,syllable/stt2_page_0270_c09_195.png syllable/stt11_page_0020_c04_079.png syllable/stt11_page_0020_c06_121.png syllable/stt11_page_0068_c03_047.png syllable/stt11_page_0152_c07_136.png
宅,là,14,14,1,SYLLABLE,True,chạch dác dạc trạch đo đác đù đạc đọ đồ độ đợ,31,  𱺵 卥 号 囉 容 廾 時 浪 纙 罗 羅 買 邏 㼈 𢌬 𦉼 𦋝 𦌴,,0,,,syllable/stt4_page_0030_c08_172.png syllable/stt4_page_0084_c07_143.png syllable/stt4_page_0088_c03_037.png syllable/stt4_page_0100_c01_006.png syllable/stt4_page_0124_c07_143.png
咽,nói,14,12,2,SYLLABLE,True,nhiết nhân nhăng nhắc nhắt nhằn nhốt yên yến yết yểm ân,14,內 内 叻 吶 呐 唁 尼 曰 訥 㐻 㕯 𠺶 𡗠 𧨣,,0,,,syllable/stt2_page_0024_c05_098.png syllable/stt2_page_0024_c07_145.png syllable/stt2_page_0328_c04_073.png syllable/stt11_page_0036_c04_062.png syllable/stt11_page_0044_c01_006.png
渚,chó,14,13,3,SYLLABLE,True,cho chã chú chơi chưa chả chớ chở chứ chứa chử chửa,10,匵 犬 犭 犮 犾 㹜 㹥 𤝹 𤠚 𦢞,,81,,,syllable/stt2_page_0022_c01_020.png syllable/stt2_page_0024_c05_093.png syllable/stt2_page_0116_c01_004.png syllable/stt2_page_0244_c08_153.png syllable/stt2_page_0254_c07_109.png
斥,trời,14,14,1,SYLLABLE,True,sệch xích xếch xệch xịch,13, 俼 天 旹 𠅜 𠳒 𡗶 𢚸 𣈗 𫯝 𫶸 󱞿 沈,,0,,,syllable/stt11_page_0066_c04_083.png syllable/stt11_page_0118_c04_082.png syllable/stt11_page_0134_c03_053.png syllable/stt11_page_0140_c02_042.png syllable/stt11_page_0146_c02_031.png
廩,lăm,14,14,2,SYLLABLE,True,bám bấm bẩm bẳm bặm bụm lúm lũm lẩm lẫm lắm rắm,11,啉 婪 惏 林 𠄻 𠄼 𠵂 𢆥 𬂽 󰢵 𭸓,,25,,,syllable/stt2_page_0040_c03_044.png syllable/stt4_page_0066_c03_057.png syllable/stt4_page_0084_c02_029.png syllable/stt4_page_0112_c05_095.png syllable/stt4_page_0176_c01_014.png
燔,soi,13,12,2,SYLLABLE,True,phiền phàn phần phừng,19,搊 擂 攂 洡 芁 雷 㵢 䣂 𢐝 𢬗 𢹮 𢺢 𤐝 𥋸 𪤠 𬧾 󰅈 󱈗 󱧽,,0,,,syllable/stt2_page_0028_c08_162.png syllable/stt2_page_0030_c09_187.png syllable/stt2_page_0032_c07_138.png syllable/stt2_page_0174_c04_068.png syllable/stt2_page_0174_c04_075.png
噀,ra,13,11,2,SYLLABLE,True,lún rón rốn sún tuyển tốn tổn,37,    𱜂 出 加 囉 囖 威 廾 歯 羅 群 蔞 𠚢 𦉼 𦋦 𪜀 𪞷,,0,,,syllable/stt2_page_0246_c08_156.png syllable/stt2_page_0252_c07_100.png syllable/stt2_page_0260_c08_137.png syllable/stt2_page_0282_c03_057.png syllable/stt2_page_0282_c04_077.png
舞,sau,13,13,2,SYLLABLE,True,múa vũ vỗ vụ,37,嗟 娄 婁 差 搂 楼 牢 畧 畱 瘥 窂 罒 荖 蹉 䁟 𡕘 𡘠 𡢐 𢀞 𢀠,,0,,,syllable/stt2_page_0048_c08_148.png syllable/stt2_page_0062_c06_125.png syllable/stt2_page_0072_c04_065.png syllable/stt2_page_0108_c08_139.png syllable/stt2_page_0158_c06_100.png
采,thầy,13,11,1,SYLLABLE,True,biện giẻ rằn thái thải thể,8,  偨 柴 祡 茈 賴 𪪀,,0,,,syllable/stt4_page_0032_c03_042.png syllable/stt4_page_0058_c04_073.png syllable/stt4_page_0090_c02_031.png syllable/stt4_page_0090_c07_132.png syllable/stt4_page_0116_c06_123.png
竣,đi,13,12,1,SYLLABLE,True,thoan thuyên thuân thò tuấn,10, 多 岃 移 跢 迻 𠫾 𨀕 𪠞 𫺲,,0,,,syllable/stt11_page_0036_c08_158.png syllable/stt11_page_0096_c01_000.png syllable/stt11_page_0100_c03_041.png syllable/stt11_page_0112_c08_161.png syllable/stt11_page_0158_c01_003.png
𠇭,mình,13,11,1,SYLLABLE,False,,12,命 明 春 珄 舍 𠇮 𠵴 𨉓 𨉟 󰇕 󰳁 󱝬,,0,,,syllable/stt2_page_0016_c02_026.png syllable/stt2_page_0016_c03_060.png syllable/stt2_page_0018_c05_089.png syllable/stt2_page_0020_c02_031.png syllable/stt2_page_0044_c02_025.png
案,và,12,11,2,SYLLABLE,True,an oán yên án,17,叵 吧 和 喡 巴 為 頗 𠄧 𡂄 𡝕 𢯓 𢯠 𢽼 𣀟 𩑼 𪽡 𬏓,,0,,,syllable/stt2_page_0112_c03_058.png syllable/stt2_page_0130_c03_064.png syllable/stt2_page_0130_c09_186.png syllable/stt2_page_0136_c07_125.png syllable/stt2_page_0140_c06_095.png
等,thì,12,10,1,SYLLABLE,True,đấng đẳng đẵng đứng,56,𱢑 匙 埘 塒 寺 峕 常 提 时 旹 時 晨 曟 榯 氏 畤 秲 茄 莳 蒔,寺,2,,,syllable/stt4_page_0090_c03_056.png syllable/stt4_page_0092_c02_032.png syllable/stt4_page_0092_c03_051.png syllable/stt4_page_0104_c08_164.png syllable/stt4_page_0150_c06_117.png
篭,xuống,12,11,2,SYLLABLE,True,dẹp lung luông luồng lông lồng ruồng rông trông trồng,17, 下 笹 𠁑 𠖈 𡬈 𨑜 𪧍 𫳭 𫴋 𬕹 𬺗 󰞘 󰡎 󱚏 󱟫 󱪞,,5,,,syllable/stt2_page_0304_c04_064.png syllable/stt11_page_0048_c07_139.png syllable/stt11_page_0050_c01_002.png syllable/stt11_page_0090_c06_119.png syllable/stt11_page_0110_c03_051.png
歿,đá,12,12,3,SYLLABLE,True,một,14,伏 哆 坧 多 廏 打 石 趨 跢 跥 𥒥 𬦡 󱘦 󱞶,,2,,,syllable/stt2_page_0036_c09_157.png syllable/stt2_page_0258_c08_132.png syllable/stt4_page_0140_c02_027.png syllable/stt11_page_0058_c06_126.png syllable/stt11_page_0088_c01_010.png
畏,là,12,12,3,SYLLABLE,True,hoay hoáy hôi uy òi ói ôi úi út úy ỏi ổi,31,  𱺵 卥 号 囉 容 廾 時 浪 纙 罗 羅 買 邏 㼈 𢌬 𦉼 𦋝 𦌴,,1,,,syllable/stt2_page_0014_c05_097.png syllable/stt2_page_0024_c06_121.png syllable/stt4_page_0024_c08_159.png syllable/stt4_page_0040_c03_058.png syllable/stt4_page_0166_c07_147.png
虎,xác,12,11,1,SYLLABLE,True,hố hổ,34,剒 埆 塙 墧 壳 悫 愨 慤 搉 攉 榷 殻 殼 确 確 碻 礜 礭 索 蝎,,7,,,syllable/stt2_page_0048_c05_089.png syllable/stt2_page_0052_c08_159.png syllable/stt2_page_0058_c02_039.png syllable/stt2_page_0058_c07_151.png syllable/stt2_page_0070_c07_122.png
柩,giu,12,9,2,SYLLABLE,True,chanh cửu cữ cữu,0,,,0,,,syllable/stt2_page_0190_c06_099.png syllable/stt2_page_0190_c07_112.png syllable/stt2_page_0190_c09_158.png syllable/stt2_page_0298_c05_093.png syllable/stt2_page_0306_c04_066.png
辭,năm,11,11,2,SYLLABLE,True,ti tơ tư từ,19, 南 年 朩 璏 秊 䄭 𠄼 𠡦 𠦅 𠦚 𠫺 𠬋 𢆥 𦼌 𫡵 𫧣 𫷜 󱙌,,1,,,syllable/stt2_page_0016_c01_013.png syllable/stt2_page_0048_c01_015.png syllable/stt2_page_0088_c07_130.png syllable/stt2_page_0128_c06_125.png syllable/stt2_page_0150_c03_050.png
運,trên,11,11,3,SYLLABLE,True,mặc nảy vần vẩn vận vặn vờn,9, 珕 蓮 連 𨑗 𨕭 𨖲 𬨺 󰓱,蓮 連 𨖲,0,,,syllable/stt2_page_0046_c06_110.png syllable/stt2_page_0080_c03_045.png syllable/stt2_page_0102_c02_037.png syllable/stt2_page_0138_c01_013.png syllable/stt2_page_0142_c09_165.png
朦,muông,11,11,3,SYLLABLE,True,mong móng mông mồng mỗng,4,懞 獴 𤡌 𪺿,懞 獴,0,,,syllable/stt2_page_0028_c02_043.png syllable/stt2_page_0038_c03_046.png syllable/stt2_page_0130_c03_060.png syllable/stt2_page_0176_c07_115.png syllable/stt2_page_0178_c09_159.png
晁,con,11,10,2,SYLLABLE,True,chiều chào chầu giàu giầu triêu triều trào tràu trều,15,ヌ  婫 岞 昆 晜 罤 群 㒭 𡥵 𣋥 𤙭 𥊽 𧲟 𫴾,,0,,,syllable/stt2_page_0276_c08_149.png syllable/stt4_page_0016_c08_162.png syllable/stt4_page_0016_c09_191.png syllable/stt4_page_0076_c07_150.png syllable/stt4_page_0104_c06_121.png
𬒳,xem,11,11,3,SYLLABLE,False,,18, 佔 占 呫 姟 娂 瞻 袩 覘 貼 㡇 䀡 䄡 䦓 𤎥 𫀅 󰏙 󰠉,,0,,,syllable/stt2_page_0060_c03_045.png syllable/stt2_page_0078_c01_020.png syllable/stt2_page_0086_c09_193.png syllable/stt2_page_0116_c02_030.png syllable/stt2_page_0160_c06_103.png
願,nguyên,11,11,3,SYLLABLE,True,nguyền nguyện,41,京 元 原 厡 厵 圓 嫄 杬 榞 沅 源 羱 芫 蚖 螈 豲 邍 邧 騵 魭,榞 羱 螈,79,,,syllable/stt2_page_0054_c03_052.png syllable/stt2_page_0132_c06_115.png syllable/stt2_page_0148_c04_071.png syllable/stt2_page_0188_c08_146.png syllable/stt2_page_0228_c09_157.png
𢍆,sau,11,11,2,SYLLABLE,False,,37,嗟 娄 婁 差 搂 楼 牢 畧 畱 瘥 窂 罒 荖 蹉 䁟 𡕘 𡘠 𡢐 𢀞 𢀠,,0,,,syllable/stt2_page_0088_c05_104.png syllable/stt2_page_0170_c01_014.png syllable/stt2_page_0186_c07_125.png syllable/stt2_page_0192_c02_029.png syllable/stt2_page_0206_c05_082.png
𮧯,và,11,11,1,SYLLABLE,False,,17,叵 吧 和 喡 巴 為 頗 𠄧 𡂄 𡝕 𢯓 𢯠 𢽼 𣀟 𩑼 𪽡 𬏓,,0,,,syllable/stt11_page_0028_c03_050.png syllable/stt11_page_0054_c06_124.png syllable/stt11_page_0068_c02_025.png syllable/stt11_page_0116_c02_035.png syllable/stt11_page_0156_c04_078.png
喬,trời,11,11,2,SYLLABLE,True,kiêu kiều kiểu kèo kẻo kều,13, 俼 天 旹 𠅜 𠳒 𡗶 𢚸 𣈗 𫯝 𫶸 󱞿 沈,,15,,,syllable/stt2_page_0228_c09_164.png syllable/stt2_page_0242_c09_155.png syllable/stt2_page_0248_c09_144.png syllable/stt2_page_0256_c06_097.png syllable/stt2_page_0262_c06_115.png
及,chịu,11,11,3,SYLLABLE,True,chắp cúp cạp cầm cập cắp cặp cụp gấp gập gặp kíp,8,受 召 邵 𠮥 𠮦 𠹾 𠺥 𥃝,,31,,,syllable/stt2_page_0074_c09_179.png syllable/stt2_page_0106_c05_081.png syllable/stt2_page_0138_c03_055.png syllable/stt2_page_0184_c05_082.png syllable/stt2_page_0204_c01_017.png
商,lời,11,11,2,SYLLABLE,True,thương,27,例 俐 分 利 吝 唎 坘 塁 痢 行 調 𠅜 𠇮 𠜫 𠳐 𠳒 𡗶 𢈱 𢚸 𥒥,,0,,,syllable/stt4_page_0204_c07_151.png syllable/stt4_page_0214_c09_185.png syllable/stt4_page_0218_c08_143.png syllable/stt4_page_0228_c09_172.png syllable/stt11_page_0036_c06_113.png
張,mẹ,11,9,1,SYLLABLE,True,chanh choang chăng chương chướng dăng giăng giương giường trang trưng trương,9,姆 媄 憽 毋 母 美 袄 那 㜫,,1,,,syllable/stt4_page_0074_c02_029.png syllable/stt4_page_0076_c06_118.png syllable/stt4_page_0088_c09_176.png syllable/stt4_page_0102_c08_148.png syllable/stt4_page_0104_c04_070.png
冉,sách,11,9,3,SYLLABLE,True,nhiễm nhiệm nhẹm nhẻm đam,60, 𱏺 冊 册 啧 嗦 嘖 坼 彳 愬 拆 摵 敇 敕 柵 栅 梜 溹 笧 策,,6,,,syllable/stt2_page_0208_c08_136.png syllable/stt4_page_0030_c07_156.png syllable/stt4_page_0054_c07_137.png syllable/stt4_page_0090_c04_088.png syllable/stt4_page_0100_c01_015.png
夢,một,11,11,1,SYLLABLE,True,mong mung muống mòng móng mông mùng mọng mỏng mống mồmg mồng,37,        𱥺 刎 圽 堆 墓 更 歾 歿 殁 殳 沒 没,,17,,,syllable/stt11_page_0010_c04_063.png syllable/stt11_page_0012_c09_177.png syllable/stt11_page_0030_c03_061.png syllable/stt11_page_0058_c08_152.png syllable/stt11_page_0108_c03_057.png
候,mẹ,11,11,2,SYLLABLE,True,hầu hậu thoắng,9,姆 媄 憽 毋 母 美 袄 那 㜫,,1,,,syllable/stt2_page_0308_c06_077.png syllable/stt2_page_0328_c09_158.png syllable/stt2_page_0330_c01_006.png syllable/stt11_page_0034_c08_154.png syllable/stt11_page_0136_c07_153.png
媛,mẹ,10,7,3,SYLLABLE,True,viên viện,9,姆 媄 憽 毋 母 美 袄 那 㜫,,0,,,syllable/stt2_page_0044_c05_085.png syllable/stt2_page_0044_c05_094.png syllable/stt2_page_0044_c06_121.png syllable/stt2_page_0044_c07_128.png syllable/stt2_page_0064_c03_050.png
黑,là,10,9,1,SYLLABLE,True,hắc,31,  𱺵 卥 号 囉 容 廾 時 浪 纙 罗 羅 買 邏 㼈 𢌬 𦉼 𦋝 𦌴,,0,,,syllable/stt11_page_0012_c04_076.png syllable/stt11_page_0022_c09_202.png syllable/stt11_page_0024_c04_070.png syllable/stt11_page_0088_c01_009.png syllable/stt11_page_0090_c08_171.png
洶,ao,10,8,1,SYLLABLE,True,hung húng,31,  傉 凹 刀 呦 坳 幼 拗 泑 爊 釉 鏕 鏖 㓜 㘭 䆟 䥝 䫜 𠕄,,0,,,syllable/stt11_page_0016_c03_055.png syllable/stt11_page_0046_c06_078.png syllable/stt11_page_0046_c08_117.png syllable/stt11_page_0102_c04_068.png syllable/stt11_page_0102_c05_090.png
屍,nước,10,9,2,SYLLABLE,True,thi thây,13, 匿 國 娘 搩 於 渃 珠 箸 著 𣋐 𣥧 𫭔,,0,,,syllable/stt2_page_0232_c01_001.png syllable/stt2_page_0244_c04_073.png syllable/stt4_page_0020_c08_163.png syllable/stt4_page_0146_c05_064.png syllable/stt4_page_0194_c02_030.png
乕,phải,10,9,2,SYLLABLE,True,hổ,30,仕 伂 塊 折 拜 拝 朝 沛 派 芾 霈 㳈 𡴬 𢪙 𢫶 𢮠 𢰛 𢱭 𢳎 𢴽,,0,,,syllable/stt2_page_0136_c07_123.png syllable/stt2_page_0146_c08_132.png syllable/stt4_page_0062_c09_190.png syllable/stt4_page_0066_c03_055.png syllable/stt4_page_0118_c07_141.png
配,pha,10,8,1,SYLLABLE,True,bụi phôi phối phổi phới,29,叵 坡 岥 披 波 玻 皅 破 簸 翍 芭 苩 萉 葩 陂 頗 颇 㓟 㩺 䔤,,0,,,syllable/stt4_page_0012_c07_133.png syllable/stt4_page_0066_c02_031.png syllable/stt4_page_0130_c01_006.png syllable/stt4_page_0130_c09_179.png syllable/stt4_page_0194_c06_119.png
曰,làm,10,10,3,SYLLABLE,True,nhạt nhựt nói viết vít vất vắt vết vệt vịt,17, 乄 滥 漤 濫 灠 爪 爫 藍 㕚 𣩂 𣽦 𪵯 𫜵 𬈋 󰥎 󱛝,,147,,,syllable/stt2_page_0236_c01_001.png syllable/stt2_page_0294_c06_116.png syllable/stt2_page_0316_c03_043.png syllable/stt4_page_0252_c06_134.png syllable/stt11_page_0086_c05_077.png
外,buộc,10,10,3,SYLLABLE,True,ngoài ngoái ngoáy ngoại ngoải nguậy ngòi ngồi quay yểu,20,僕 卜 幞 扑 揊 撲 擈 攴 縛 纀 襆 㩧 𢪗 𢭠 𢯜 𢷏 𥾾 𦂿 𦄾 𫃚,,64,,,syllable/stt2_page_0076_c03_055.png syllable/stt2_page_0122_c03_054.png syllable/stt2_page_0180_c06_097.png syllable/stt2_page_0186_c08_134.png syllable/stt4_page_0164_c07_147.png
海,hỏi,10,7,2,SYLLABLE,True,hái hây hơi hải hấy hẩy,13,哙 喂 嗨 噲 坙 每 磊 誨 𠳨 𫊹 󰢽 󰭃 󱛵,每,0,,,syllable/stt2_page_0012_c09_141.png syllable/stt2_page_0060_c04_074.png syllable/stt2_page_0060_c05_102.png syllable/stt2_page_0164_c08_124.png syllable/stt2_page_0252_c09_137.png
肭,thịt,10,9,2,SYLLABLE,True,niết nạp nọi nột nục,8, 舌 䏦 𠯑 𡶀 𢀛 𦧘 𬚸,,0,,,syllable/stt2_page_0042_c05_091.png syllable/stt2_page_0090_c02_024.png syllable/stt4_page_0048_c06_118.png syllable/stt4_page_0048_c06_120.png syllable/stt4_page_0052_c05_084.png
尒,làm,10,10,2,SYLLABLE,True,ne nhãi nhé nhĩ nhẽ nẻ nể thủy,17, 乄 滥 漤 濫 灠 爪 爫 藍 㕚 𣩂 𣽦 𪵯 𫜵 𬈋 󰥎 󱛝,,0,,,syllable/stt2_page_0036_c02_040.png syllable/stt2_page_0040_c02_037.png syllable/stt2_page_0080_c09_167.png syllable/stt2_page_0154_c01_007.png syllable/stt2_page_0172_c04_056.png
選,lạ,10,10,3,SYLLABLE,True,chọn chộn dọn dốn rộn soát soạn soạng soảng toán toản tuyến,29, 吕 呂 囉 異 罗 羅 莒 逻 邏 𡄀 𡆗 𡚎 𤳧 𤴏 𦋝 𦌴 𦍉 𨓐 𨔍,,0,,,syllable/stt2_page_0028_c06_127.png syllable/stt2_page_0050_c06_131.png syllable/stt2_page_0218_c01_017.png syllable/stt2_page_0242_c06_097.png syllable/stt2_page_0268_c01_009.png
苑,pha,10,9,3,SYLLABLE,True,oan oản uyển uân uất uẩn,29,叵 坡 岥 披 波 玻 皅 破 簸 翍 芭 苩 萉 葩 陂 頗 颇 㓟 㩺 䔤,,0,,,syllable/stt2_page_0098_c05_073.png syllable/stt2_page_0222_c06_108.png syllable/stt2_page_0300_c09_164.png syllable/stt4_page_0274_c06_117.png syllable/stt11_page_0010_c04_057.png
仪,ấy,10,10,2,SYLLABLE,True,nghi,32,𱍸 乙 倚 噫 娎 帝 悥 意 憶 椅 衣 衤 𠂎 𠋣 𠶷 𢡃 𧘇 𪬫 𫢚 󰀎,,0,,,syllable/stt2_page_0202_c01_010.png syllable/stt2_page_0210_c02_029.png syllable/stt2_page_0238_c09_156.png syllable/stt11_page_0010_c09_157.png syllable/stt11_page_0020_c05_102.png
醉,năm,9,9,2,SYLLABLE,True,túy xúy,19, 南 年 朩 璏 秊 䄭 𠄼 𠡦 𠦅 𠦚 𠫺 𠬋 𢆥 𦼌 𫡵 𫧣 𫷜 󱙌,,0,,,syllable/stt2_page_0088_c06_127.png syllable/stt2_page_0134_c07_146.png syllable/stt2_page_0162_c03_043.png syllable/stt2_page_0196_c04_045.png syllable/stt11_page_0010_c09_163.png
先,đem,9,9,2,SYLLABLE,True,ten teng tiên tiến tên,28,   冘 剾 抌 眈 耽 躭 酖 鴆 𢲠 𨈔 𨈠 𨈦 𨈨 𨊍 𨊗 𨑴 𨑻,,190,,,syllable/stt2_page_0068_c03_050.png syllable/stt2_page_0178_c04_067.png syllable/stt4_page_0082_c01_014.png syllable/stt4_page_0118_c06_120.png syllable/stt4_page_0196_c07_126.png
安,hỏi,9,9,2,SYLLABLE,True,an yên án ăn,13,哙 喂 嗨 噲 坙 每 磊 誨 𠳨 𫊹 󰢽 󰭃 󱛵,,184,,,syllable/stt4_page_0022_c07_143.png syllable/stt4_page_0082_c06_119.png syllable/stt4_page_0218_c02_032.png syllable/stt11_page_0044_c02_027.png syllable/stt11_page_0104_c05_091.png
牛,cho,9,9,2,SYLLABLE,True,ngâu ngõ ngưu ngọ ngỏ,12, 咮 埃 木 朱 株 沫 渚 濐 硃 陼 㵭,,0,,,syllable/stt2_page_0236_c08_142.png syllable/stt11_page_0048_c04_082.png syllable/stt11_page_0094_c06_118.png syllable/stt11_page_0128_c01_013.png syllable/stt11_page_0142_c01_013.png
姚,dêu,9,9,2,SYLLABLE,True,dao diêu riêu rêu điệu đào đầu,8,揺 搖 摇 摿 㨱 𢭊 𢭌 𢳘,,12,,,syllable/stt2_page_0030_c04_084.png syllable/stt2_page_0190_c07_113.png syllable/stt2_page_0206_c05_089.png syllable/stt2_page_0208_c03_051.png syllable/stt11_page_0158_c07_143.png
卄,là,9,8,2,SYLLABLE,True,chấp nhập niệm trấp trập,31,  𱺵 卥 号 囉 容 廾 時 浪 纙 罗 羅 買 邏 㼈 𢌬 𦉼 𦋝 𦌴,,0,,,syllable/stt2_page_0206_c04_074.png syllable/stt2_page_0288_c09_176.png syllable/stt2_page_0320_c07_116.png syllable/stt11_page_0246_c08_158.png syllable/stt11_page_0248_c06_116.png
其,dữ,9,7,1,SYLLABLE,True,cà cày cùng cơ ki kia ky kì kìa kí ký kề,36, 𱠎 与 予 兴 嬹 屿 嶼 懙 歟 璵 與 興 㑏 㒷 㠘 㺞 𠔔 𡨺 𡽬,,243,,,syllable/stt2_page_0020_c01_012.png syllable/stt2_page_0038_c03_047.png syllable/stt2_page_0038_c05_096.png syllable/stt2_page_0040_c05_089.png syllable/stt2_page_0062_c02_022.png
碾,nén,9,4,1,SYLLABLE,True,chiển liễn niển niễn triển,21,ㇶ 𱴸 椣 篆 裵 𢬧 𣡤 𤓢 𥗨 𥗾 𥘀 𦮴 𨦧 𨫀 𨰴 𪤍 𪹷 𬋟 𬒿 󰠱,,0,,,syllable/stt2_page_0278_c06_095.png syllable/stt2_page_0282_c02_040.png syllable/stt2_page_0282_c03_052.png syllable/stt2_page_0282_c04_072.png syllable/stt2_page_0282_c06_107.png
記,bà,9,9,1,SYLLABLE,True,ghi kí ký sán,36,𱙘 嘙 堏 壩 妑 婆 把 掱 搫 朳 杷 欛 波 潖 爬 琶 番 皤 磻 粑,,1,,,syllable/stt4_page_0036_c09_180.png syllable/stt4_page_0056_c02_038.png syllable/stt4_page_0064_c03_056.png syllable/stt4_page_0124_c04_074.png syllable/stt4_page_0178_c07_121.png
准,dõi,9,8,3,SYLLABLE,True,chuyết chuẩn chõn chùn chốn chổn chủn dỏi hốn trốn,7,又 唯 惟 烩 燴 𠼲 𤊠,唯 惟,12,,,syllable/stt2_page_0060_c04_077.png syllable/stt2_page_0060_c04_085.png syllable/stt2_page_0116_c04_073.png syllable/stt2_page_0206_c05_080.png syllable/stt2_page_0324_c08_140.png
喫,ra,9,9,2,SYLLABLE,True,cật hấc hất hớt khiết khít khật khế khịa khịt ngát ngật,37,    𱜂 出 加 囉 囖 威 廾 歯 羅 群 蔞 𠚢 𦉼 𦋦 𪜀 𪞷,,0,,,syllable/stt4_page_0206_c06_102.png syllable/stt4_page_0222_c08_149.png syllable/stt4_page_0268_c02_042.png syllable/stt4_page_0292_c07_167.png syllable/stt11_page_0028_c07_139.png
迕,du,9,9,3,SYLLABLE,True,ngỗ,138,俞 偷 偸 兪 喻 婾 媮 峳 崳 怞 悠 愈 愉 抭 揄 攸 斿 旒 柚 楡,,0,,,syllable/stt2_page_0116_c04_060.png syllable/stt2_page_0118_c08_171.png syllable/stt4_page_0148_c03_052.png syllable/stt4_page_0248_c06_107.png syllable/stt11_page_0022_c04_082.png
開,bấy,9,9,1,SYLLABLE,True,khai khui khơi quan,34,卑 悲 曊 碑 罢 罷 貝 買 閇 閈 閉 闭 䠋 𠇍 𠐌 𠾚 𡭼 𡮁 𤰞 𥓓,,0,,,syllable/stt4_page_0014_c03_058.png syllable/stt4_page_0034_c09_184.png syllable/stt4_page_0042_c06_124.png syllable/stt4_page_0142_c06_117.png syllable/stt4_page_0166_c04_084.png
未,cho,9,9,3,SYLLABLE,True,mùi vi vị,12, 咮 埃 木 朱 株 沫 渚 濐 硃 陼 㵭,咮 木 朱,1,,,syllable/stt2_page_0262_c07_118.png syllable/stt4_page_0020_c01_006.png syllable/stt4_page_0024_c09_187.png syllable/stt4_page_0096_c06_132.png syllable/stt4_page_0224_c07_140.png
羅,trước,9,9,1,SYLLABLE,True,l la là lơ lạ nào ra,29,  𱐨 𱏯 斮 櫡 略 畧 着 竹 箸 苉 著 訳 㗉 𠓀 𠠩 𣋐 𣥧 𨍦,,14,,,syllable/stt2_page_0064_c08_144.png syllable/stt2_page_0072_c03_051.png syllable/stt2_page_0082_c06_117.png syllable/stt2_page_0116_c01_007.png syllable/stt2_page_0156_c05_078.png
䏷,ngày,9,7,1,SYLLABLE,False,,11,ヌ  匕 又 挧 時 㝵 𣈗 𣈜 𣦍 𬏝,,0,,,syllable/stt11_page_0012_c02_036.png syllable/stt11_page_0012_c07_146.png syllable/stt11_page_0072_c02_025.png syllable/stt11_page_0120_c04_072.png syllable/stt11_page_0120_c05_097.png
咤,ra,9,9,2,SYLLABLE,True,cha chá sá sã trá xá,37,    𱜂 出 加 囉 囖 威 廾 歯 羅 群 蔞 𠚢 𦉼 𦋦 𪜀 𪞷,,0,,,syllable/stt2_page_0022_c08_162.png syllable/stt2_page_0024_c02_039.png syllable/stt2_page_0098_c05_070.png syllable/stt2_page_0308_c04_036.png syllable/stt4_page_0012_c02_015.png
哦,dạy,9,9,2,SYLLABLE,True,hóe nga ngoa,14, 代 抴 拽 敎 教 曳 曵 㖂 𠰺 𠸕 𤕝 𦥙 󱙦,,0,,,syllable/stt2_page_0178_c09_166.png syllable/stt11_page_0028_c03_051.png syllable/stt11_page_0118_c03_055.png syllable/stt11_page_0132_c04_071.png syllable/stt11_page_0192_c03_044.png
𫈦,một,9,9,2,SYLLABLE,False,,37,        𱥺 刎 圽 堆 墓 更 歾 歿 殁 殳 沒 没,,0,,,syllable/stt2_page_0312_c03_057.png syllable/stt11_page_0012_c02_037.png syllable/stt11_page_0020_c09_180.png syllable/stt11_page_0050_c02_035.png syllable/stt11_page_0066_c04_066.png
慓,rất,8,8,3,SYLLABLE,True,phiêu phiếu,14,功 叱 悉 慄 栗 秩 窒 㗌 㩫 𡂒 𢢙 𫇐 󰉩 󱳏,,0,,,syllable/stt2_page_0026_c08_145.png syllable/stt2_page_0102_c08_158.png syllable/stt2_page_0104_c04_076.png syllable/stt2_page_0130_c07_153.png syllable/stt4_page_0056_c02_035.png
孔,bắt,8,6,1,SYLLABLE,True,cung hỏng hổng khung không khỏng khổng khủng,17,丷 八 北 扒 抔 捌 掊 掱 搏 撥 朳 㧙 㧵 𢫣 𫐴 𫐾 󰈫,,0,,,syllable/stt2_page_0038_c05_102.png syllable/stt2_page_0052_c02_025.png syllable/stt2_page_0072_c04_068.png syllable/stt2_page_0072_c08_138.png syllable/stt2_page_0074_c03_041.png
凛,lăm,8,8,3,SYLLABLE,True,lầm lẫm lắm sấm,11,啉 婪 惏 林 𠄻 𠄼 𠵂 𢆥 𬂽 󰢵 𭸓,,7,,,syllable/stt2_page_0200_c02_029.png syllable/stt2_page_0220_c04_069.png syllable/stt2_page_0248_c08_129.png syllable/stt2_page_0320_c06_109.png syllable/stt4_page_0160_c02_039.png
敬,hết,8,8,2,SYLLABLE,True,kinh kính kỉnh lễ,23,侭 儘 別 哈 喝 尽 欱 歇 盡 竭 結 遏 䀆 𠿒 𡀽 𡁁 𣍊 𥁞 𥃞 𧗁,,63,,,syllable/stt2_page_0244_c05_085.png syllable/stt2_page_0258_c09_159.png syllable/stt4_page_0020_c06_109.png syllable/stt4_page_0050_c07_122.png syllable/stt4_page_0150_c02_030.png
𭮀,pha,8,8,2,SYLLABLE,False,,29,叵 坡 岥 披 波 玻 皅 破 簸 翍 芭 苩 萉 葩 陂 頗 颇 㓟 㩺 䔤,,0,,,syllable/stt2_page_0118_c01_007.png syllable/stt2_page_0122_c05_092.png syllable/stt4_page_0012_c06_106.png syllable/stt4_page_0022_c06_132.png syllable/stt4_page_0024_c07_149.png
下,ha,8,8,2,SYLLABLE,True,há hạ xuống,13,呴 呵 哈 哬 岈 苛 訶 诃 谺 閕 阿 㱒 𧪆,,120,,,syllable/stt2_page_0132_c05_103.png syllable/stt2_page_0234_c02_038.png syllable/stt2_page_0240_c09_160.png syllable/stt2_page_0320_c04_072.png syllable/stt11_page_0034_c08_169.png
𭄞,đức,8,8,2,SYLLABLE,False,,21, 𱐩 𱝮 徳 德 恴 悳 惪 㤫 㥀 㥁 䙷 𢛳 𢜖 𢠀 𢤊 𨗌 𨗤 𭲖 󰆙,,0,,,syllable/stt2_page_0030_c01_016.png syllable/stt2_page_0098_c07_124.png syllable/stt2_page_0104_c02_025.png syllable/stt2_page_0122_c07_129.png syllable/stt2_page_0134_c06_112.png
畀,là,8,7,2,SYLLABLE,True,ti ty tí tý tỷ,31,  𱺵 卥 号 囉 容 廾 時 浪 纙 罗 羅 買 邏 㼈 𢌬 𦉼 𦋝 𦌴,,0,,,syllable/stt2_page_0072_c05_077.png syllable/stt2_page_0122_c05_095.png syllable/stt2_page_0122_c08_156.png syllable/stt2_page_0134_c01_001.png syllable/stt2_page_0270_c06_129.png
含,chín,8,8,1,SYLLABLE,True,gầm hàm hám hăm hầm hằm hờm hợm hụm ngoàm ngậm,14, 九 佂 正 㐱 𠃩 𢒂 𤇢 𤇪 𤒙 𫡦 󱙃 󱨌 󱸉,,0,,,syllable/stt4_page_0026_c04_075.png syllable/stt4_page_0064_c02_036.png syllable/stt4_page_0086_c09_175.png syllable/stt4_page_0104_c03_049.png syllable/stt4_page_0144_c08_159.png
僊,đức,8,7,1,SYLLABLE,True,quyện tiên tiêu,21, 𱐩 𱝮 徳 德 恴 悳 惪 㤫 㥀 㥁 䙷 𢛳 𢜖 𢠀 𢤊 𨗌 𨗤 𭲖 󰆙,,0,,,syllable/stt4_page_0014_c01_019.png syllable/stt4_page_0082_c08_174.png syllable/stt4_page_0088_c05_081.png syllable/stt4_page_0162_c02_033.png syllable/stt4_page_0280_c03_067.png
漂,lăm,8,8,1,SYLLABLE,True,phao pheo phiêu phiếu phều phịu siêu teo veo xiêu xiếu xẻo,11,啉 婪 惏 林 𠄻 𠄼 𠵂 𢆥 𬂽 󰢵 𭸓,,4,,,syllable/stt2_page_0090_c07_124.png syllable/stt2_page_0102_c01_007.png syllable/stt2_page_0108_c07_112.png syllable/stt2_page_0128_c03_048.png syllable/stt2_page_0176_c06_104.png
州,sáng,8,8,2,SYLLABLE,True,chao chu châu thai,36,𱢞 刅 创 刱 剏 剙 創 戧 朗 灱 灲 瘡 瞆 粰 郎 𠒫 𠓇 𠛂 𠛲 𠝀,,0,,,syllable/stt2_page_0248_c04_067.png syllable/stt2_page_0280_c01_013.png syllable/stt2_page_0302_c05_091.png syllable/stt11_page_0210_c04_081.png syllable/stt11_page_0242_c08_142.png
修,khác,8,8,2,SYLLABLE,True,tu,11,吉 恪 悫 愘 愙 愨 慤 格 毃 确 㤩,,22,,,syllable/stt4_page_0052_c02_039.png syllable/stt4_page_0078_c04_085.png syllable/stt4_page_0084_c02_038.png syllable/stt4_page_0138_c01_011.png syllable/stt4_page_0196_c08_147.png
燒,nhiêu,8,8,2,SYLLABLE,True,nhau sao theo thiu thiêu thiếu thui thêu tiu tiêu,29, 僥 堯 娆 嬈 桡 橈 荛 蕘 蛲 蟯 襓 趬 跷 蹺 蹻 饒 饶 𡆁 𡗉,僥 堯 嬈 橈 蟯 襓,118,,,syllable/stt4_page_0300_c07_144.png syllable/stt11_page_0012_c07_148.png syllable/stt11_page_0028_c03_044.png syllable/stt11_page_0096_c06_116.png syllable/stt11_page_0162_c04_082.png
樂,thầy,8,8,1,SYLLABLE,True,lạc nhác nhạc nhạo,8,  偨 柴 祡 茈 賴 𪪀,,0,,,syllable/stt4_page_0016_c07_138.png syllable/stt4_page_0026_c06_108.png syllable/stt4_page_0032_c04_069.png syllable/stt4_page_0036_c02_026.png syllable/stt4_page_0058_c04_071.png
特,thì,8,8,2,SYLLABLE,True,hay sệt vậy đước được đặc đặt đực,56,𱢑 匙 埘 塒 寺 峕 常 提 时 旹 時 晨 曟 榯 氏 畤 秲 茄 莳 蒔,寺 時,631,,,syllable/stt4_page_0024_c09_182.png syllable/stt4_page_0044_c06_113.png syllable/stt4_page_0100_c08_165.png syllable/stt4_page_0166_c02_033.png syllable/stt4_page_0188_c04_081.png
𡰱,chịu,8,8,2,SYLLABLE,True,ni này nê nì nơi nầy,8,受 召 邵 𠮥 𠮦 𠹾 𠺥 𥃝,,3,,,syllable/stt2_page_0014_c06_115.png syllable/stt2_page_0040_c03_046.png syllable/stt2_page_0180_c07_126.png syllable/stt4_page_0048_c05_098.png syllable/stt4_page_0092_c09_176.png
荼,nghiệp,7,7,1,SYLLABLE,True,chè dưa dừa gia giưa sà trà đồ,11,业 嶪 嶫 業 邺 鄴 㸣 䧨 𢄁 𤎸 𤑽,,1,,,syllable/stt11_page_0060_c01_021.png syllable/stt11_page_0070_c02_040.png syllable/stt11_page_0090_c05_109.png syllable/stt11_page_0134_c03_064.png syllable/stt11_page_0146_c07_136.png
司,vua,7,5,1,SYLLABLE,True,sư ti ty tí tơ tư tứ từ tự,15,君 噖 𠀹 𠁈 𠱩 𠱭 𠱰 𠺞 𢁨 𢂜 𢃊 𤤰 𪻟 𪼀 󰯯,,13,,,syllable/stt2_page_0172_c04_074.png syllable/stt2_page_0180_c06_110.png syllable/stt2_page_0270_c09_196.png syllable/stt2_page_0322_c05_080.png syllable/stt2_page_0322_c09_153.png
喂,ra,7,7,3,SYLLABLE,True,còn gũi gọi gỏi hoay hoáy hôi hỏi khoái khoải oi uy,37,    𱜂 出 加 囉 囖 威 廾 歯 羅 群 蔞 𠚢 𦉼 𦋦 𪜀 𪞷,,0,,,syllable/stt2_page_0218_c04_072.png syllable/stt4_page_0280_c09_190.png syllable/stt11_page_0026_c08_159.png syllable/stt11_page_0114_c05_084.png syllable/stt11_page_0190_c05_103.png
腐,mà,7,7,1,SYLLABLE,True,hủ phũ phụ phủ,21, 傌 嘛 女 痳 罵 菻 蔴 調 駡 高 麻 默 𢠩 𢳀 𣻕 𦋻 𦓡 𦲬 󱰷,,0,,,syllable/stt11_page_0136_c05_097.png syllable/stt11_page_0160_c09_169.png syllable/stt11_page_0164_c07_147.png syllable/stt11_page_0194_c08_160.png syllable/stt11_page_0280_c05_094.png
姻,thịt,7,7,3,SYLLABLE,True,nhân,8, 舌 䏦 𠯑 𡶀 𢀛 𦧘 𬚸,,0,,,syllable/stt2_page_0110_c06_105.png syllable/stt2_page_0202_c01_004.png syllable/stt2_page_0216_c03_040.png syllable/stt2_page_0326_c04_063.png syllable/stt4_page_0202_c01_016.png
良,một,7,7,1,SYLLABLE,True,lang lăng lương,37,        𱥺 刎 圽 堆 墓 更 歾 歿 殁 殳 沒 没,,0,,,syllable/stt11_page_0062_c02_027.png syllable/stt11_page_0098_c03_045.png syllable/stt11_page_0104_c05_074.png syllable/stt11_page_0112_c09_180.png syllable/stt11_page_0156_c02_029.png
喁,ra,7,7,2,SYLLABLE,True,ngu ngung ngông ngùng ngọng ngụ ngụm ngủm ngủng vu,37,    𱜂 出 加 囉 囖 威 廾 歯 羅 群 蔞 𠚢 𦉼 𦋦 𪜀 𪞷,,0,,,syllable/stt2_page_0026_c07_131.png syllable/stt2_page_0056_c02_030.png syllable/stt2_page_0086_c05_096.png syllable/stt2_page_0114_c08_151.png syllable/stt2_page_0162_c02_031.png
婉,em,7,6,1,SYLLABLE,True,uyển uốn,16,俺 奄 腌 英 醃 骯 㛪 𠲖 𦛞 𦜽 𦞴 𦟩 𨉚 𫸽 讒 𡅩,,0,,,syllable/stt2_page_0020_c05_088.png syllable/stt2_page_0022_c01_012.png syllable/stt2_page_0022_c04_077.png syllable/stt2_page_0082_c03_056.png syllable/stt2_page_0114_c07_133.png
窀,xuống,7,5,1,SYLLABLE,True,truân đồn,17, 下 笹 𠁑 𠖈 𡬈 𨑜 𪧍 𫳭 𫴋 𬕹 𬺗 󰞘 󰡎 󱚏 󱟫 󱪞,笹,0,,,syllable/stt11_page_0114_c04_077.png syllable/stt11_page_0114_c09_173.png syllable/stt11_page_0118_c02_025.png syllable/stt11_page_0214_c08_151.png syllable/stt11_page_0214_c08_162.png
咄,hai,7,7,1,SYLLABLE,True,chối dối dốt nốt rút sụt xót đoát đốt,18, 侼 台 咍 怡 檯 瓵 臺 邰 颱 鮐 㣍 𠄩 𠄽 𠘭 𡐬 𪱜 󰀘,,0,,,syllable/stt2_page_0028_c06_130.png syllable/stt2_page_0088_c09_173.png syllable/stt2_page_0092_c01_009.png syllable/stt2_page_0156_c01_013.png syllable/stt2_page_0168_c03_051.png
媿,khỏi,7,7,1,SYLLABLE,True,quí quý sú xú xũ xấu xổ ý,3, 塊 瑰,,0,,,syllable/stt4_page_0024_c09_194.png syllable/stt4_page_0072_c03_037.png syllable/stt4_page_0150_c06_129.png syllable/stt4_page_0176_c02_026.png syllable/stt4_page_0196_c09_178.png
仏,ấy,7,7,2,SYLLABLE,True,phất phật,32,𱍸 乙 倚 噫 娎 帝 悥 意 憶 椅 衣 衤 𠂎 𠋣 𠶷 𢡃 𧘇 𪬫 𫢚 󰀎,,0,,,syllable/stt2_page_0234_c03_055.png syllable/stt2_page_0238_c08_147.png syllable/stt2_page_0284_c08_132.png syllable/stt11_page_0140_c02_032.png syllable/stt11_page_0170_c07_083.png
𭺾,là,7,7,2,SYLLABLE,False,,31,  𱺵 卥 号 囉 容 廾 時 浪 纙 罗 羅 買 邏 㼈 𢌬 𦉼 𦋝 𦌴,,0,,,syllable/stt2_page_0016_c05_090.png syllable/stt2_page_0056_c09_181.png syllable/stt2_page_0068_c04_072.png syllable/stt2_page_0134_c01_017.png syllable/stt2_page_0172_c01_015.png
斧,ông,7,6,2,SYLLABLE,True,buá bía búa phu phủ,17, 嗡 東 王 翁 蓊 螉 鶲 䈵 𣸜 𩔚 𪂔 𪪳 󰎰 塕 滃 鹟,,0,,,syllable/stt2_page_0062_c05_102.png syllable/stt2_page_0116_c08_142.png syllable/stt2_page_0116_c08_144.png syllable/stt2_page_0124_c02_029.png syllable/stt2_page_0170_c07_128.png
暮,trăm,7,7,2,SYLLABLE,True,mò mộ,10,啉 婪 林 炧 百 𠵂 𤾓 𬃴 󰭖 󱦏,,0,,,syllable/stt2_page_0080_c01_007.png syllable/stt2_page_0114_c08_160.png syllable/stt2_page_0268_c07_119.png syllable/stt4_page_0086_c09_174.png syllable/stt4_page_0120_c09_177.png
𦥷,ra,7,7,1,SYLLABLE,True,hên hăng hưng hứng,37,    𱜂 出 加 囉 囖 威 廾 歯 羅 群 蔞 𠚢 𦉼 𦋦 𪜀 𪞷,,0,,,syllable/stt11_page_0058_c01_010.png syllable/stt11_page_0072_c05_101.png syllable/stt11_page_0092_c03_046.png syllable/stt11_page_0226_c01_005.png syllable/stt11_page_0250_c09_190.png
閑,mọn,7,6,2,SYLLABLE,True,gián hèn nhàn nhèn nhờn ươn,14,悶 闷 㥃 㦖 𡭜 𡮆 𡮉 𡮬 𡮮 𨳒 𫵈 𬠬 𮤭 󰃃,悶 𨳒,24,,,syllable/stt2_page_0046_c04_078.png syllable/stt2_page_0046_c09_177.png syllable/stt11_page_0020_c03_035.png syllable/stt11_page_0022_c08_163.png syllable/stt11_page_0024_c06_122.png
皮,một,7,7,1,SYLLABLE,True,bè bê bì bìa bầy bề bị bờ bừa da kịp lại,37,        𱥺 刎 圽 堆 墓 更 歾 歿 殁 殳 沒 没,殳,66,,,syllable/stt4_page_0024_c08_164.png syllable/stt4_page_0032_c08_139.png syllable/stt4_page_0070_c07_139.png syllable/stt4_page_0142_c04_074.png syllable/stt4_page_0238_c05_097.png
定,đem,7,7,1,SYLLABLE,True,đính đĩnh định đựng,28,   冘 剾 抌 眈 耽 躭 酖 鴆 𢲠 𨈔 𨈠 𨈦 𨈨 𨊍 𨊗 𨑴 𨑻,𨑴,0,,,syllable/stt4_page_0042_c09_188.png syllable/stt4_page_0064_c08_168.png syllable/stt4_page_0080_c07_142.png syllable/stt4_page_0152_c03_058.png syllable/stt4_page_0246_c08_164.png
冊,là,6,5,2,SYLLABLE,True,rách sách,31,  𱺵 卥 号 囉 容 廾 時 浪 纙 罗 羅 買 邏 㼈 𢌬 𦉼 𦋝 𦌴,,4,,,syllable/stt2_page_0012_c08_136.png syllable/stt2_page_0062_c03_043.png syllable/stt2_page_0062_c03_047.png syllable/stt2_page_0274_c06_108.png syllable/stt2_page_0286_c06_105.png
六,làm,6,6,2,SYLLABLE,True,lóc lúc lộc lục lụt trọc,17, 乄 滥 漤 濫 灠 爪 爫 藍 㕚 𣩂 𣽦 𪵯 𫜵 𬈋 󰥎 󱛝,,1,,,syllable/stt2_page_0018_c06_118.png syllable/stt2_page_0060_c06_125.png syllable/stt2_page_0068_c04_082.png syllable/stt2_page_0088_c05_098.png syllable/stt2_page_0208_c01_019.png
則,gần,6,6,2,SYLLABLE,True,trắc tấc tất tắc,17,媑 斤 觔 賒 賖 近 釿 䤺 𠧣 𢆌 𣂠 𣥍 𣥪 𧣊 𧵆 𫶾 󱮅,,1,,,syllable/stt2_page_0196_c01_001.png syllable/stt2_page_0202_c02_033.png syllable/stt2_page_0298_c09_165.png syllable/stt4_page_0078_c03_054.png syllable/stt4_page_0174_c06_118.png
𬼜,đã,6,6,2,SYLLABLE,False,,16,乑 也 卒 吏 吔 它 拖 易 胣 諸 陀 㐌 𠰹 𢒕 𣦁 𧭷,,0,,,syllable/stt2_page_0058_c08_164.png syllable/stt2_page_0062_c08_153.png syllable/stt4_page_0042_c07_135.png syllable/stt4_page_0096_c08_168.png syllable/stt4_page_0150_c01_007.png
卧,buộc,6,6,3,SYLLABLE,True,ngọa,20,僕 卜 幞 扑 揊 撲 擈 攴 縛 纀 襆 㩧 𢪗 𢭠 𢯜 𢷏 𥾾 𦂿 𦄾 𫃚,,0,,,syllable/stt2_page_0076_c09_179.png syllable/stt2_page_0182_c04_061.png syllable/stt4_page_0086_c07_141.png syllable/stt4_page_0132_c07_103.png syllable/stt4_page_0280_c08_161.png
衡,đức,6,5,1,SYLLABLE,True,hoành hành,21, 𱐩 𱝮 徳 德 恴 悳 惪 㤫 㥀 㥁 䙷 𢛳 𢜖 𢠀 𢤊 𨗌 𨗤 𭲖 󰆙,,0,,,syllable/stt2_page_0022_c02_032.png syllable/stt2_page_0048_c07_119.png syllable/stt2_page_0066_c02_031.png syllable/stt2_page_0088_c06_112.png syllable/stt2_page_0088_c08_149.png
𥓓,tôi,6,5,2,SYLLABLE,True,bi bia bây bấy bịa,17,倅 晬 淬 焠 熣 的 睟 砕 碎 㳃 𠗚 𣅢 𤏣 𤭢 𪝬 𫇈 𫬮,,4,,,syllable/stt2_page_0174_c08_152.png syllable/stt2_page_0192_c01_017.png syllable/stt2_page_0226_c09_167.png syllable/stt11_page_0102_c07_142.png syllable/stt11_page_0102_c08_162.png
佃,đền,6,5,2,SYLLABLE,True,ruộng điền,16,伸 嗔 填 壂 搷 殿 田 畑 笌 𡊰 𡑴 𣪍 𣫕 𪽛 󱦦 󱨵,田,0,,,syllable/stt2_page_0116_c03_049.png syllable/stt2_page_0120_c09_178.png syllable/stt11_page_0020_c03_039.png syllable/stt11_page_0020_c03_056.png syllable/stt11_page_0130_c09_158.png
駐,sống,6,6,2,SYLLABLE,True,trú trọ,18,弄 生 銃 𠸙 𤯨 𤯩 𦡠 𧚠 𩀳 𩩇 𩩖 𪁇 𪟤 𫪹 𬴑 𮌱 󱝙 󱨱,,0,,,syllable/stt2_page_0076_c09_173.png syllable/stt2_page_0322_c02_035.png syllable/stt11_page_0176_c06_129.png syllable/stt11_page_0220_c07_151.png syllable/stt11_page_0236_c01_017.png
雜,sống,6,6,1,SYLLABLE,True,chạp tạp tọp xạp địch,18,弄 生 銃 𠸙 𤯨 𤯩 𦡠 𧚠 𩀳 𩩇 𩩖 𪁇 𪟤 𫪹 𬴑 𮌱 󱝙 󱨱,𩀳,0,,,syllable/stt11_page_0028_c09_185.png syllable/stt11_page_0044_c02_039.png syllable/stt11_page_0222_c06_109.png syllable/stt11_page_0236_c02_022.png syllable/stt11_page_0268_c04_077.png
閤,gian,6,6,2,SYLLABLE,True,các cáp cóp gác góp gộp hạp họp hợp,32, 𱽇 囏 奸 姦 姧 攔 瞷 肝 艰 艱 菅 葌 蕑 蕳 襇 襕 閒 間 间,,0,,,syllable/stt2_page_0292_c04_075.png syllable/stt4_page_0020_c06_123.png syllable/stt4_page_0090_c05_108.png syllable/stt4_page_0202_c05_097.png syllable/stt4_page_0270_c02_034.png
褒,mẹ,6,6,2,SYLLABLE,True,bao bầu,9,姆 媄 憽 毋 母 美 袄 那 㜫,,0,,,syllable/stt2_page_0220_c03_052.png syllable/stt2_page_0252_c08_119.png syllable/stt4_page_0038_c04_076.png syllable/stt4_page_0094_c07_136.png syllable/stt4_page_0100_c02_039.png
兔,đem,6,5,1,SYLLABLE,True,tho thò thỏ thố xỏ đồ,28,   冘 剾 抌 眈 耽 躭 酖 鴆 𢲠 𨈔 𨈠 𨈦 𨈨 𨊍 𨊗 𨑴 𨑻,,0,,,syllable/stt2_page_0026_c03_053.png syllable/stt2_page_0026_c03_059.png syllable/stt2_page_0040_c05_103.png syllable/stt2_page_0052_c07_137.png syllable/stt2_page_0118_c05_097.png
辟,chước,6,6,2,SYLLABLE,True,bách bích bế bễ phích thí thịch tích tị tịch tỵ vếch,56,剢 勺 妁 彴 所 捉 斫 斮 斲 斵 斸 杓 櫡 汋 灼 焯 燋 的 硳 禚,,1,,,syllable/stt4_page_0020_c01_008.png syllable/stt4_page_0074_c07_130.png syllable/stt4_page_0092_c07_126.png syllable/stt4_page_0168_c09_181.png syllable/stt4_page_0270_c08_167.png
召,chiu,6,6,2,SYLLABLE,True,chiêu chẹo chịu gieo giẹo khịu nghẹo thiệt thiệu thẹo trao triệu,8,佋 巶 招 昭 炤 照 𠶅 𢱐,招 昭 照,189,,,syllable/stt2_page_0170_c04_069.png syllable/stt2_page_0200_c03_047.png syllable/stt2_page_0310_c05_080.png syllable/stt11_page_0026_c06_112.png syllable/stt11_page_0180_c07_135.png
肃,le,6,6,1,SYLLABLE,True,khiếu túc,15,囄 离 藜 離 魑 黎 䅻 𠲥 𠻗 𨾫 𩀌 𪅆 𫤡 󰌑 󱪏,,0,,,syllable/stt4_page_0012_c07_131.png syllable/stt4_page_0020_c08_168.png syllable/stt4_page_0190_c01_020.png syllable/stt4_page_0226_c02_028.png syllable/stt4_page_0256_c03_050.png
斾,phải,6,6,2,SYLLABLE,True,bái,30,仕 伂 塊 折 拜 拝 朝 沛 派 芾 霈 㳈 𡴬 𢪙 𢫶 𢮠 𢰛 𢱭 𢳎 𢴽,,0,,,syllable/stt2_page_0094_c01_011.png syllable/stt2_page_0104_c06_107.png syllable/stt2_page_0108_c01_021.png syllable/stt2_page_0156_c05_088.png syllable/stt4_page_0098_c06_124.png
呫,lo,6,6,2,SYLLABLE,True,chem chiêm chiếp chém chím chòm chõm chùm chúm chễm chỉm chởm,18,ㇶ   𱞋 剗 卢 嚧 廬 慮 盧 𠰷 𠽓 𢗼 𢥈 󱡙 󱳮 椋 硥,,0,,,syllable/stt2_page_0102_c06_114.png syllable/stt11_page_0046_c08_135.png syllable/stt11_page_0210_c03_054.png syllable/stt11_page_0238_c05_096.png syllable/stt11_page_0250_c06_138.png
嬢,mẹ,6,5,2,SYLLABLE,True,nương,9,姆 媄 憽 毋 母 美 袄 那 㜫,,0,,,syllable/stt2_page_0132_c03_043.png syllable/stt2_page_0174_c06_107.png syllable/stt2_page_0186_c02_021.png syllable/stt2_page_0186_c05_091.png syllable/stt2_page_0254_c03_039.png
欲,hết,6,5,1,SYLLABLE,True,dượt dục giục rục uc,23,侭 儘 別 哈 喝 尽 欱 歇 盡 竭 結 遏 䀆 𠿒 𡀽 𡁁 𣍊 𥁞 𥃞 𧗁,,0,,,syllable/stt4_page_0014_c06_122.png syllable/stt4_page_0242_c05_096.png syllable/stt4_page_0282_c07_139.png syllable/stt4_page_0282_c07_143.png syllable/stt4_page_0290_c08_163.png
沼,rửa,6,6,1,SYLLABLE,True,chiểu cháu chĩu chậu trẻo xẻo,10, 洗 瀉 𣳮 𣷱 𤀗 𤂩 𪡉 𫼴 󱧢,,0,,,syllable/stt11_page_0020_c08_155.png syllable/stt11_page_0102_c04_080.png syllable/stt11_page_0114_c02_028.png syllable/stt11_page_0216_c01_012.png syllable/stt11_page_0254_c05_090.png
次,khi,6,6,1,SYLLABLE,True,khứa thư thớ thứ thứa tư,31,倛 僛 吱 唭 娸 崎 徛 攲 敧 期 机 桤 榿 欹 欺 浪 猗 觭 諆 踦,,32,,,syllable/stt11_page_0080_c08_148.png syllable/stt11_page_0088_c07_157.png syllable/stt11_page_0142_c08_168.png syllable/stt11_page_0146_c03_046.png syllable/stt11_page_0160_c09_174.png
滋,nước,6,6,2,SYLLABLE,True,tư,13, 匿 國 娘 搩 於 渃 珠 箸 著 𣋐 𣥧 𫭔,,0,,,syllable/stt2_page_0236_c07_119.png syllable/stt11_page_0078_c01_008.png syllable/stt11_page_0104_c03_034.png syllable/stt11_page_0178_c07_137.png syllable/stt11_page_0198_c03_058.png
庶,mà,6,6,2,SYLLABLE,True,dà già khứa thớ thứ thứa thừa xứa,21, 傌 嘛 女 痳 罵 菻 蔴 調 駡 高 麻 默 𢠩 𢳀 𣻕 𦋻 𦓡 𦲬 󱰷,,0,,,syllable/stt4_page_0266_c09_168.png syllable/stt4_page_0276_c08_158.png syllable/stt11_page_0114_c04_076.png syllable/stt11_page_0124_c02_039.png syllable/stt11_page_0164_c02_025.png
小,làm,6,6,2,SYLLABLE,True,bé tiểu tĩu tẻo,17, 乄 滥 漤 濫 灠 爪 爫 藍 㕚 𣩂 𣽦 𪵯 𫜵 𬈋 󰥎 󱛝,乄,0,,,syllable/stt2_page_0026_c01_018.png syllable/stt2_page_0150_c02_032.png syllable/stt2_page_0162_c02_036.png syllable/stt2_page_0164_c05_066.png syllable/stt2_page_0176_c04_063.png
畨,u,6,6,3,SYLLABLE,True,bên phan phen phiên phên,33,𱐍 凼 吁 呦 唹 嗚 坳 幽 怮 歍 泑 牝 紆 纡 蚴 麀 黝 黟 㗀 𠫬,,0,,,syllable/stt2_page_0022_c06_110.png syllable/stt2_page_0080_c03_051.png syllable/stt4_page_0166_c07_148.png syllable/stt4_page_0206_c01_006.png syllable/stt11_page_0214_c05_090.png
弓,chịu,6,6,2,SYLLABLE,True,cong cung củng,8,受 召 邵 𠮥 𠮦 𠹾 𠺥 𥃝,,0,,,syllable/stt4_page_0042_c06_120.png syllable/stt4_page_0052_c01_013.png syllable/stt4_page_0114_c07_138.png syllable/stt4_page_0220_c05_086.png syllable/stt11_page_0080_c06_113.png
晦,hỏi,6,6,3,SYLLABLE,True,hói hối hổi,13,哙 喂 嗨 噲 坙 每 磊 誨 𠳨 𫊹 󰢽 󰭃 󱛵,每,0,,,syllable/stt2_page_0024_c09_201.png syllable/stt2_page_0032_c04_079.png syllable/stt4_page_0080_c07_145.png syllable/stt11_page_0050_c01_014.png syllable/stt11_page_0096_c03_050.png
矢,đức,6,5,1,SYLLABLE,True,binh thi thẻ thỉ tẻ,21, 𱐩 𱝮 徳 德 恴 悳 惪 㤫 㥀 㥁 䙷 𢛳 𢜖 𢠀 𢤊 𨗌 𨗤 𭲖 󰆙,,1,,,syllable/stt2_page_0026_c08_150.png syllable/stt2_page_0082_c02_040.png syllable/stt2_page_0082_c03_063.png syllable/stt2_page_0098_c01_004.png syllable/stt2_page_0108_c02_031.png
止,chảy,6,6,1,SYLLABLE,True,chi chích chải chẻ chỉ nhảy,4,汜 沚 洔 𬈰,,1,,,syllable/stt4_page_0084_c04_085.png syllable/stt4_page_0162_c07_150.png syllable/stt4_page_0170_c03_050.png syllable/stt4_page_0172_c07_168.png syllable/stt4_page_0202_c05_087.png
㢴,rày,6,6,1,SYLLABLE,True,trù tây,14,例 拖 沃 㓇 𠳒 𡂲 𣈙 𣵽 𦰚 𪰬 𬀰 󰉨 󰎾 󱤘,,0,,,syllable/stt4_page_0038_c09_194.png syllable/stt4_page_0042_c01_015.png syllable/stt4_page_0192_c02_025.png syllable/stt4_page_0250_c03_031.png syllable/stt4_page_0264_c06_114.png
姑,gô,6,6,2,SYLLABLE,True,co cua cô go o,2,𦁿 𪂯,,39,,,syllable/stt4_page_0012_c06_111.png syllable/stt11_page_0022_c04_074.png syllable/stt11_page_0142_c07_131.png syllable/stt11_page_0146_c01_004.png syllable/stt11_page_0156_c08_176.png
憂,một,6,6,2,SYLLABLE,True,âu ưu,37,        𱥺 刎 圽 堆 墓 更 歾 歿 殁 殳 沒 没,,0,,,syllable/stt2_page_0054_c07_118.png syllable/stt2_page_0280_c04_080.png syllable/stt2_page_0282_c06_112.png syllable/stt2_page_0288_c06_106.png syllable/stt2_page_0302_c02_031.png
攵,ấy,6,6,1,SYLLABLE,True,phác phốc phộc truy,32,𱍸 乙 倚 噫 娎 帝 悥 意 憶 椅 衣 衤 𠂎 𠋣 𠶷 𢡃 𧘇 𪬫 𫢚 󰀎,,0,,,syllable/stt11_page_0118_c02_022.png syllable/stt11_page_0148_c09_185.png syllable/stt11_page_0188_c08_167.png syllable/stt11_page_0202_c01_002.png syllable/stt11_page_0228_c08_169.png
嗜,và,6,6,2,SYLLABLE,True,kì kỳ thị,17,叵 吧 和 喡 巴 為 頗 𠄧 𡂄 𡝕 𢯓 𢯠 𢽼 𣀟 𩑼 𪽡 𬏓,,0,,,syllable/stt2_page_0068_c01_002.png syllable/stt2_page_0074_c09_174.png syllable/stt2_page_0128_c03_058.png syllable/stt2_page_0140_c05_076.png syllable/stt2_page_0258_c03_040.png
慎,xin,6,6,2,SYLLABLE,True,thận,8,吀 吒 嗔 填 真 謓 㥲 𡃑,嗔 填 真,0,,,syllable/stt4_page_0034_c04_084.png syllable/stt4_page_0048_c07_133.png syllable/stt4_page_0066_c04_086.png syllable/stt4_page_0232_c05_089.png syllable/stt11_page_0088_c03_069.png
紫,và,6,6,2,SYLLABLE,True,tia tía tử,17,叵 吧 和 喡 巴 為 頗 𠄧 𡂄 𡝕 𢯓 𢯠 𢽼 𣀟 𩑼 𪽡 𬏓,,0,,,syllable/stt2_page_0262_c01_008.png syllable/stt2_page_0296_c04_066.png syllable/stt11_page_0026_c09_186.png syllable/stt11_page_0036_c05_101.png syllable/stt11_page_0072_c05_102.png
𫊫,tao,5,5,3,SYLLABLE,False,,66, 傮 幍 慅 慒 掻 搔 曹 溞 糙 糟 繅 繰 缫 缲 臊 艘 蚤 蹧 遭,,0,,,syllable/stt2_page_0060_c07_145.png syllable/stt2_page_0202_c09_159.png syllable/stt4_page_0054_c06_114.png syllable/stt11_page_0136_c01_016.png syllable/stt11_page_0192_c04_081.png
𡻕,một,5,5,1,SYLLABLE,True,tuế tuổi,37,        𱥺 刎 圽 堆 墓 更 歾 歿 殁 殳 沒 没,,9,,,syllable/stt4_page_0120_c07_135.png syllable/stt4_page_0126_c02_024.png syllable/stt4_page_0130_c07_138.png syllable/stt4_page_0204_c02_039.png syllable/stt4_page_0282_c03_048.png
忌,cây,5,5,3,SYLLABLE,True,cạy cậy cữ kiêng kí ký kị kỵ,7,夛 核 炥 荄 覈 𣘃 𣝗,,26,,,syllable/stt2_page_0064_c09_168.png syllable/stt2_page_0264_c02_039.png syllable/stt4_page_0038_c04_067.png syllable/stt4_page_0054_c03_055.png syllable/stt11_page_0086_c04_061.png
𮎛,vào,5,5,1,SYLLABLE,False,,28,侟 入 冲 包 旦 桃 爫 瓢 皮 込 㼼 𠓨 𠬱 𠰎 𡰻 𣪉 𤕉 𤬟 𤬡 𤬢,,0,,,syllable/stt2_page_0042_c01_001.png syllable/stt2_page_0062_c03_051.png syllable/stt2_page_0104_c06_114.png syllable/stt2_page_0122_c07_139.png syllable/stt2_page_0158_c01_014.png
麦,lâu,5,4,1,SYLLABLE,True,mạch,82,偻 僂 剅 喽 嘍 塿 娄 婁 屚 廔 慺 憻 搂 摟 楼 樓 氀 溇 漊 漏,,0,,,syllable/stt4_page_0036_c02_038.png syllable/stt4_page_0036_c03_063.png syllable/stt4_page_0042_c07_136.png syllable/stt4_page_0074_c04_078.png syllable/stt4_page_0172_c07_158.png
捲,tám,5,5,1,SYLLABLE,True,cuốn cuộn en quyền quyển quyện quén quấn quẹn quện yền yển,23,  三 俕 参 涁 渗 滲 爑 籸 糁 糂 糝 糣 䊏 𠔭 𥹪 𥹾 𥻕 𥼾,,0,,,syllable/stt4_page_0050_c08_139.png syllable/stt4_page_0086_c09_177.png syllable/stt4_page_0148_c07_137.png syllable/stt4_page_0186_c08_153.png syllable/stt4_page_0196_c02_020.png
众,làm,5,5,2,SYLLABLE,True,chúng với,17, 乄 滥 漤 濫 灠 爪 爫 藍 㕚 𣩂 𣽦 𪵯 𫜵 𬈋 󰥎 󱛝,,6,,,syllable/stt4_page_0218_c07_130.png syllable/stt11_page_0096_c07_131.png syllable/stt11_page_0148_c07_139.png syllable/stt11_page_0170_c07_066.png syllable/stt11_page_0270_c06_125.png
店,vì,5,5,1,SYLLABLE,True,diếm tiệm xóm điếm điệm đám đêm,7,位 為 爲 𠸠 𡸏 𦥮 󰩄,,47,,,syllable/stt2_page_0044_c05_098.png syllable/stt2_page_0056_c07_144.png syllable/stt2_page_0116_c02_028.png syllable/stt2_page_0170_c04_070.png syllable/stt2_page_0180_c09_166.png
仗,việc,5,5,1,SYLLABLE,True,dượng trượng,12,  𱥺 伇 役 沒 𠈧 𠈿 𭛣 󰒴 󰜄 󱮓,,0,,,syllable/stt4_page_0136_c06_120.png syllable/stt4_page_0140_c06_117.png syllable/stt4_page_0142_c07_141.png syllable/stt4_page_0174_c02_046.png syllable/stt4_page_0304_c07_153.png
久,ấy,5,5,1,SYLLABLE,True,cứu cửu,32,𱍸 乙 倚 噫 娎 帝 悥 意 憶 椅 衣 衤 𠂎 𠋣 𠶷 𢡃 𧘇 𪬫 𫢚 󰀎,,0,,,syllable/stt11_page_0072_c03_048.png syllable/stt11_page_0118_c01_012.png syllable/stt11_page_0132_c05_102.png syllable/stt11_page_0216_c04_069.png syllable/stt11_page_0254_c04_077.png
𭔃,cả,5,5,1,SYLLABLE,True,ghé,11,仍 哿 垰 奇 架 竒 𠵲 𪥘 󱝝 󱝮 󱼓,,0,,,syllable/stt11_page_0032_c09_181.png syllable/stt11_page_0036_c08_150.png syllable/stt11_page_0052_c03_049.png syllable/stt11_page_0156_c04_077.png syllable/stt11_page_0262_c05_081.png
𢌞,vua,5,5,1,SYLLABLE,True,hòi hùi hồi,15,君 噖 𠀹 𠁈 𠱩 𠱭 𠱰 𠺞 𢁨 𢂜 𢃊 𤤰 𪻟 𪼀 󰯯,,0,,,syllable/stt2_page_0230_c02_021.png syllable/stt2_page_0236_c08_137.png syllable/stt2_page_0250_c03_054.png syllable/stt2_page_0284_c02_024.png syllable/stt2_page_0318_c08_154.png
庻,mà,5,5,2,SYLLABLE,True,thứ thừa xứa,21, 傌 嘛 女 痳 罵 菻 蔴 調 駡 高 麻 默 𢠩 𢳀 𣻕 𦋻 𦓡 𦲬 󱰷,,0,,,syllable/stt4_page_0278_c02_040.png syllable/stt11_page_0146_c04_078.png syllable/stt11_page_0158_c09_189.png syllable/stt11_page_0210_c04_082.png syllable/stt11_page_0270_c08_173.png
𣱵,văng,5,5,2,SYLLABLE,True,viếng vánh vênh vĩnh vảnh vắng vẳng vểnh,18,仌 冫 冰 凝 挷 搒 栄 榮 氷 永 滎 荣 邦 㨲 㩞 𠡋 𣲝 󰠓,,32,,,syllable/stt2_page_0086_c04_072.png syllable/stt11_page_0026_c01_019.png syllable/stt11_page_0148_c05_102.png syllable/stt11_page_0154_c05_093.png syllable/stt11_page_0208_c07_149.png
丞,trời,5,5,1,SYLLABLE,True,chưng chẩng chẳng chặn chặng chửng chững giẩng thừa xửng,13, 俼 天 旹 𠅜 𠳒 𡗶 𢚸 𣈗 𫯝 𫶸 󱞿 沈,,0,,,syllable/stt11_page_0010_c07_124.png syllable/stt11_page_0140_c01_016.png syllable/stt11_page_0236_c03_046.png syllable/stt11_page_0254_c05_095.png syllable/stt11_page_0296_c07_128.png
廿,là,5,4,1,SYLLABLE,True,chấp củng nhập niềm niệm núm trấp trập,31,  𱺵 卥 号 囉 容 廾 時 浪 纙 罗 羅 買 邏 㼈 𢌬 𦉼 𦋝 𦌴,,0,,,syllable/stt11_page_0218_c03_051.png syllable/stt11_page_0246_c07_143.png syllable/stt11_page_0250_c04_088.png syllable/stt11_page_0250_c05_111.png syllable/stt11_page_0274_c07_141.png
𦝫,rô,5,5,2,SYLLABLE,True,eo oeo ro yêu,11,噜 嚕 魲 鮋 鯈 鱸 𩼁 𩽬 𫙔 𬠩 󱅫,,0,,,syllable/stt2_page_0170_c07_120.png syllable/stt2_page_0226_c05_081.png syllable/stt4_page_0054_c07_141.png syllable/stt4_page_0088_c02_014.png syllable/stt4_page_0276_c06_108.png
亮,đâu,5,5,2,SYLLABLE,True,lương lượng,34,     𱏫 丟 丢 兜 兠 厾 叨 唗 篼 芇 蔸 銩 铥 頭 颩,,0,,,syllable/stt4_page_0096_c01_006.png syllable/stt11_page_0104_c09_160.png syllable/stt11_page_0240_c09_197.png syllable/stt11_page_0268_c06_111.png syllable/stt11_page_0298_c05_096.png
弃,ông,5,5,2,SYLLABLE,True,khí,17, 嗡 東 王 翁 蓊 螉 鶲 䈵 𣸜 𩔚 𪂔 𪪳 󰎰 塕 滃 鹟,,0,,,syllable/stt2_page_0030_c04_072.png syllable/stt2_page_0114_c08_155.png syllable/stt2_page_0176_c02_024.png syllable/stt2_page_0228_c01_000.png syllable/stt11_page_0240_c05_103.png
志,thăng,5,5,2,SYLLABLE,True,chí quyết,16,勝 升 呏 堘 塍 斘 昇 胜 阩 陞 陹 鼟 㚈 𦫵 𧿘 𨁠,,1,,,syllable/stt2_page_0040_c09_173.png syllable/stt2_page_0262_c03_048.png syllable/stt2_page_0308_c09_146.png syllable/stt2_page_0328_c09_163.png syllable/stt4_page_0238_c07_136.png
佯,còn,5,4,1,SYLLABLE,True,dương,15, 哙 喂 噲 存 羣 群 自 䭽 𠹩 𡥵 𫲳 󰅹 󱟟 󱫦,,0,,,syllable/stt2_page_0158_c04_065.png syllable/stt2_page_0158_c06_098.png syllable/stt2_page_0222_c07_133.png syllable/stt2_page_0276_c06_108.png syllable/stt2_page_0292_c01_001.png
𩲸,con,5,5,1,SYLLABLE,True,bạc phách,15,ヌ  婫 岞 昆 晜 罤 群 㒭 𡥵 𣋥 𤙭 𥊽 𧲟 𫴾,,0,,,syllable/stt4_page_0012_c04_067.png syllable/stt4_page_0108_c01_014.png syllable/stt4_page_0146_c06_091.png syllable/stt4_page_0166_c08_157.png syllable/stt4_page_0230_c01_013.png
浦,phô,5,5,1,SYLLABLE,True,bồ bổ phố phổ,26,哺 堡 尃 庯 怤 抪 捕 敷 旉 甫 痡 舖 舗 逋 鋪 铺 餔 鯆 㕮 㩤,哺 捕 铺,0,,,syllable/stt2_page_0046_c02_030.png syllable/stt2_page_0104_c04_085.png syllable/stt2_page_0106_c01_005.png syllable/stt2_page_0108_c09_153.png syllable/stt2_page_0214_c06_107.png
俞,trời,5,5,2,SYLLABLE,True,chậu du dũ gió rủ,13, 俼 天 旹 𠅜 𠳒 𡗶 𢚸 𣈗 𫯝 𫶸 󱞿 沈,,0,,,syllable/stt2_page_0310_c04_063.png syllable/stt4_page_0056_c07_132.png syllable/stt4_page_0114_c01_018.png syllable/stt4_page_0120_c06_115.png syllable/stt4_page_0126_c05_109.png
寘,xin,5,5,2,SYLLABLE,True,trí,8,吀 吒 嗔 填 真 謓 㥲 𡃑,嗔 真,0,,,syllable/stt2_page_0290_c06_107.png syllable/stt4_page_0084_c09_190.png syllable/stt4_page_0140_c05_100.png syllable/stt4_page_0156_c07_118.png syllable/stt4_page_0164_c02_032.png
向,làm,5,5,3,SYLLABLE,True,bước hướng hưởng,17, 乄 滥 漤 濫 灠 爪 爫 藍 㕚 𣩂 𣽦 𪵯 𫜵 𬈋 󰥎 󱛝,,0,,,syllable/stt2_page_0312_c02_034.png syllable/stt4_page_0040_c08_167.png syllable/stt4_page_0170_c03_054.png syllable/stt11_page_0050_c01_012.png syllable/stt11_page_0268_c01_016.png
薊,lời,5,5,1,SYLLABLE,True,ké kế,27,例 俐 分 利 吝 唎 坘 塁 痢 行 調 𠅜 𠇮 𠜫 𠳐 𠳒 𡗶 𢈱 𢚸 𥒥,,0,,,syllable/stt4_page_0046_c09_182.png syllable/stt4_page_0048_c01_017.png syllable/stt4_page_0068_c08_183.png syllable/stt4_page_0098_c07_150.png syllable/stt4_page_0124_c09_185.png
聒,sống,5,4,1,SYLLABLE,True,at quát,18,弄 生 銃 𠸙 𤯨 𤯩 𦡠 𧚠 𩀳 𩩇 𩩖 𪁇 𪟤 𫪹 𬴑 𮌱 󱝙 󱨱,,0,,,syllable/stt4_page_0076_c06_121.png syllable/stt4_page_0076_c06_129.png syllable/stt4_page_0152_c06_123.png syllable/stt4_page_0228_c07_136.png syllable/stt4_page_0250_c05_095.png
衍,đức,5,5,1,SYLLABLE,True,diên diễn,21, 𱐩 𱝮 徳 德 恴 悳 惪 㤫 㥀 㥁 䙷 𢛳 𢜖 𢠀 𢤊 𨗌 𨗤 𭲖 󰆙,,0,,,syllable/stt2_page_0022_c03_053.png syllable/stt2_page_0038_c07_127.png syllable/stt2_page_0050_c06_120.png syllable/stt2_page_0088_c07_141.png syllable/stt2_page_0198_c04_062.png
奸,đức,5,4,1,SYLLABLE,True,can dan gian,21, 𱐩 𱝮 徳 德 恴 悳 惪 㤫 㥀 㥁 䙷 𢛳 𢜖 𢠀 𢤊 𨗌 𨗤 𭲖 󰆙,,24,,,syllable/stt2_page_0132_c09_165.png syllable/stt2_page_0166_c03_040.png syllable/stt2_page_0202_c03_040.png syllable/stt2_page_0208_c01_003.png syllable/stt2_page_0208_c05_089.png
嫫,mẹ,5,5,1,SYLLABLE,True,ma mô,9,姆 媄 憽 毋 母 美 袄 那 㜫,,0,,,syllable/stt11_page_0048_c02_035.png syllable/stt11_page_0138_c06_127.png syllable/stt11_page_0174_c03_057.png syllable/stt11_page_0232_c03_054.png syllable/stt11_page_0298_c02_038.png
劳,lào,5,5,2,SYLLABLE,True,lao lau lạo,13,佬 牢 狫 窂 𠈭 𡕘 𡘠 𣒲 𤘰 𥥑 𦰤 󰍈 󰹄,,0,,,syllable/stt4_page_0178_c05_084.png syllable/stt11_page_0182_c04_076.png syllable/stt11_page_0220_c08_168.png syllable/stt11_page_0260_c09_177.png syllable/stt11_page_0294_c09_189.png
前,lời,5,5,1,SYLLABLE,True,tiên tiền tiễn tiện tèn,27,例 俐 分 利 吝 唎 坘 塁 痢 行 調 𠅜 𠇮 𠜫 𠳐 𠳒 𡗶 𢈱 𢚸 𥒥,,1,,,syllable/stt4_page_0024_c01_019.png syllable/stt4_page_0026_c06_112.png syllable/stt4_page_0032_c09_174.png syllable/stt4_page_0056_c04_062.png syllable/stt4_page_0216_c09_178.png
硬,mẹ,5,5,1,SYLLABLE,True,cánh nghẹn ngạnh roi ưng ứng ừng,9,姆 媄 憽 毋 母 美 袄 那 㜫,,0,,,syllable/stt4_page_0022_c03_049.png syllable/stt4_page_0056_c08_163.png syllable/stt4_page_0094_c06_125.png syllable/stt4_page_0104_c05_100.png syllable/stt4_page_0216_c07_144.png
守,cả,5,5,2,SYLLABLE,True,giữ thú thủ,11,仍 哿 垰 奇 架 竒 𠵲 𪥘 󱝝 󱝮 󱼓,,2,,,syllable/stt2_page_0258_c06_107.png syllable/stt2_page_0304_c04_069.png syllable/stt11_page_0094_c02_034.png syllable/stt11_page_0124_c07_141.png syllable/stt11_page_0176_c06_110.png
盖,nghĩa,5,5,1,SYLLABLE,True,cái,10, 𱻊 义 儀 羛 義 解 誼 𠌾 󰒂,,0,,,syllable/stt2_page_0056_c07_133.png syllable/stt2_page_0080_c01_013.png syllable/stt2_page_0124_c02_039.png syllable/stt2_page_0210_c02_024.png syllable/stt2_page_0244_c06_102.png
宠,đem,5,5,2,SYLLABLE,True,sủng,28,   冘 剾 抌 眈 耽 躭 酖 鴆 𢲠 𨈔 𨈠 𨈦 𨈨 𨊍 𨊗 𨑴 𨑻,,0,,,syllable/stt2_page_0068_c08_155.png syllable/stt2_page_0248_c05_083.png syllable/stt2_page_0284_c05_080.png syllable/stt4_page_0042_c08_165.png syllable/stt4_page_0146_c06_086.png
諫,can,5,4,2,SYLLABLE,True,an dán gián giản lan lơn ren rán rén,39,乹 乾 亁 奸 干 幹 杆 桿 榦 檊 漧 玕 甘 矸 竿 笴 筸 肜 肝 虷,,2,,,syllable/stt4_page_0068_c05_106.png syllable/stt11_page_0118_c08_165.png syllable/stt11_page_0124_c01_013.png syllable/stt11_page_0192_c03_047.png syllable/stt11_page_0192_c07_142.png
審,xuống,5,5,1,SYLLABLE,True,săm sẩm thái thâm thăm thấm thẩm thẫm thắm thẳm thủm,17, 下 笹 𠁑 𠖈 𡬈 𨑜 𪧍 𫳭 𫴋 𬕹 𬺗 󰞘 󰡎 󱚏 󱟫 󱪞,,0,,,syllable/stt2_page_0042_c07_128.png syllable/stt2_page_0046_c05_098.png syllable/stt2_page_0086_c09_196.png syllable/stt2_page_0110_c08_152.png syllable/stt2_page_0160_c01_016.png
帯,dưới,5,5,1,SYLLABLE,True,đai đái đáy đới,14, 帶 撨 𠁑 𢃄 𢋴 𣻉 𤲂 𨑜 𫴋 𬺗 󰍔 󰡈 󰡎,,0,,,syllable/stt2_page_0018_c08_162.png syllable/stt2_page_0078_c09_181.png syllable/stt2_page_0094_c08_169.png syllable/stt2_page_0132_c02_020.png syllable/stt2_page_0166_c04_056.png
寳,xuống,5,5,1,SYLLABLE,True,báu bảo bửu,17, 下 笹 𠁑 𠖈 𡬈 𨑜 𪧍 𫳭 𫴋 𬕹 𬺗 󰞘 󰡎 󱚏 󱟫 󱪞,,0,,,syllable/stt2_page_0016_c04_081.png syllable/stt2_page_0044_c01_017.png syllable/stt2_page_0046_c07_136.png syllable/stt2_page_0068_c08_152.png syllable/stt2_page_0070_c08_134.png
寻,người,5,5,1,SYLLABLE,True,tìm tầm,20,仉 倘 儻 勜 匕 命 圤 徜 昆 皚 躺 辞 㝵 𠊚 𠊛 𣈗 𣈜 𤽗 𫴮 󱫱,,0,,,syllable/stt4_page_0028_c09_113.png syllable/stt4_page_0048_c08_146.png syllable/stt4_page_0116_c03_055.png syllable/stt4_page_0168_c08_155.png syllable/stt4_page_0272_c03_053.png
独,dọc,5,5,3,SYLLABLE,True,độc đục,27,唷 唹 喅 槈 毓 獨 耨 肓 育 袬 逳 㘊 㯮 𡔴 𣫺 𤝠 𤟩 𤠢 𤡴 𤢜,,0,,,syllable/stt2_page_0038_c08_145.png syllable/stt2_page_0284_c04_076.png syllable/stt4_page_0094_c03_062.png syllable/stt11_page_0220_c04_075.png syllable/stt11_page_0232_c06_107.png
爺,sang,5,5,1,SYLLABLE,True,cha da gia,58,刅 创 刱 剏 剙 創 呛 嗆 床 廊 愴 戈 戗 戧 抢 搶 摤 朗 枪 槍,,0,,,syllable/stt4_page_0020_c09_173.png syllable/stt4_page_0076_c03_050.png syllable/stt4_page_0088_c02_020.png syllable/stt4_page_0242_c06_109.png syllable/stt4_page_0248_c08_165.png
少,làm,5,5,1,SYLLABLE,True,thiếu thiển thiểu thảo thẹo thẻo thểu thỉu ít,17, 乄 滥 漤 濫 灠 爪 爫 藍 㕚 𣩂 𣽦 𪵯 𫜵 𬈋 󰥎 󱛝,,13,,,syllable/stt4_page_0014_c05_105.png syllable/stt4_page_0124_c02_025.png syllable/stt4_page_0176_c06_115.png syllable/stt4_page_0234_c09_157.png syllable/stt4_page_0238_c07_138.png
郪,sau,5,5,2,SYLLABLE,True,thê,37,嗟 娄 婁 差 搂 楼 牢 畧 畱 瘥 窂 罒 荖 蹉 䁟 𡕘 𡘠 𡢐 𢀞 𢀠,,0,,,syllable/stt2_page_0102_c06_113.png syllable/stt2_page_0194_c08_136.png syllable/stt2_page_0256_c07_111.png syllable/stt4_page_0202_c02_037.png syllable/stt4_page_0208_c02_031.png
煆,lửa,5,5,3,SYLLABLE,True,hà hạ đoán,8, 𱪵 呂 帞 火 焒 󰌎 󰌕,,0,,,syllable/stt2_page_0058_c05_101.png syllable/stt2_page_0154_c04_070.png syllable/stt2_page_0156_c05_089.png syllable/stt4_page_0198_c01_002.png syllable/stt11_page_0138_c09_194.png
山,sang,5,5,2,SYLLABLE,True,non san sơn,58,刅 创 刱 剏 剙 創 呛 嗆 床 廊 愴 戈 戗 戧 抢 搶 摤 朗 枪 槍,,19,,,syllable/stt2_page_0266_c08_148.png syllable/stt11_page_0020_c05_085.png syllable/stt11_page_0022_c05_105.png syllable/stt11_page_0110_c01_002.png syllable/stt11_page_0222_c01_010.png
俸,bông,5,5,2,SYLLABLE,True,bong bóng bọng bống bổng bỗng bụng phỗng phụng vổng vụng,17, 𱣩 𱽐 厠 梵 艽 芃 葻 蓬 𣒾 𣜳 𥟌 𬡟 󰇿 󰊎 󰵦 󱖮,,7,,,syllable/stt2_page_0188_c09_161.png syllable/stt2_page_0218_c02_027.png syllable/stt2_page_0282_c06_108.png syllable/stt11_page_0092_c01_009.png syllable/stt11_page_0154_c02_024.png
釘,vui,5,5,1,SYLLABLE,True,linh đanh đinh đênh đính đĩnh đứa,14, 戞 杯 盃 衃 𠸟 𢝙 𢞂 𢠿 𣡝 𫽗 𬐩 󱩗 󱩘,,6,,,syllable/stt4_page_0094_c09_180.png syllable/stt4_page_0096_c09_192.png syllable/stt4_page_0144_c05_086.png syllable/stt4_page_0176_c02_036.png syllable/stt4_page_0282_c09_188.png
岀,núi,5,4,1,SYLLABLE,True,xuất,5,倂 㘨 𡶀 𤂬 󱳇,,0,,,syllable/stt11_page_0088_c01_014.png syllable/stt11_page_0154_c02_022.png syllable/stt11_page_0154_c02_027.png syllable/stt11_page_0156_c02_032.png syllable/stt11_page_0228_c02_021.png
啾,su,5,5,1,SYLLABLE,True,thu tiếu tu tưu,11,樞 秋 毹 毺 穌 芇 芻 蒭 蘇 蘓 㮲,,0,,,syllable/stt4_page_0046_c07_151.png syllable/stt4_page_0188_c04_079.png syllable/stt4_page_0272_c09_193.png syllable/stt4_page_0282_c07_152.png syllable/stt4_page_0288_c09_186.png
崿,ra,5,5,1,SYLLABLE,True,ngạc,37,    𱜂 出 加 囉 囖 威 廾 歯 羅 群 蔞 𠚢 𦉼 𦋦 𪜀 𪞷,,0,,,syllable/stt11_page_0092_c06_097.png syllable/stt11_page_0094_c06_116.png syllable/stt11_page_0098_c09_152.png syllable/stt11_page_0178_c01_000.png syllable/stt11_page_0210_c07_110.png
戔,một,5,4,1,SYLLABLE,True,tiên tàn,37,        𱥺 刎 圽 堆 墓 更 歾 歿 殁 殳 沒 没,,0,,,syllable/stt11_page_0034_c02_040.png syllable/stt11_page_0034_c06_128.png syllable/stt11_page_0060_c05_091.png syllable/stt11_page_0238_c02_039.png syllable/stt11_page_0246_c09_180.png
