sample_id,image,book,page,column,ocr_char,syllable,label,tier,rule,bbox,crop_w,crop_h,R_candidates,R_size,ocr_in_R,pred,sec,pred_cjk,n_cjk,one_cjk,first,first_in_R,any_in_R,eq_kinh,first_in_vocab,kinh_in_R,is_empty,latin,multi,no_cjk
M1_0000,gold/stt2_page_0252_c04_067.png,stt2,page_0252,4,欣,hơn,欣,GOLD,s1_inter_s2_direct,"[1012, 1641, 1127, 1776]",102,166,俽|忻|惞|欣|訢|軒|餘|䜣|𪡗,9,True,𫴮,0.815,𫴮,1,True,𫴮,False,False,False,True,True,False,False,False,False
M1_0001,gold/stt2_page_0308_c04_052.png,stt2,page_0308,4,欺,khi,欺,GOLD,s1_inter_s2_direct,"[1002, 2311, 1109, 2428]",118,145,倛|僛|吱|唭|娸|崎|徛|攲|敧|期|机|桤|榿|欹|欺|浪|猗|觭|諆|踦|陭|魌|㿲|𠔶|𡾵|𣣱|𤿯|𥀴|𨜅|緝|缉,31,True,𠊛,0.889,𠊛,1,True,𠊛,False,False,False,True,True,False,False,False,False
M1_0002,gold/stt2_page_0132_c03_046.png,stt2,page_0132,3,朱,cho,朱,GOLD,s1_inter_s2_direct,"[1110, 924, 1215, 1038]",117,140,|咮|埃|木|朱|株|沫|渚|濐|硃|陼|㵭,12,True,𫴮,0.753,𫴮,1,True,𫴮,False,False,False,True,True,False,False,False,False
M1_0003,gold/stt2_page_0072_c09_168.png,stt2,page_0072,9,主,chúa,主,GOLD,s1_inter_s2_direct,"[204, 1482, 297, 1593]",106,122,主|炷,2,True,𠊛,0.724,𠊛,1,True,𠊛,False,False,False,True,True,False,False,False,False
M1_0004,gold/stt2_page_0140_c08_133.png,stt2,page_0140,8,吒,cha,吒,GOLD,s1_inter_s2_direct,"[356, 952, 457, 1072]",119,148,乍|作|偺|吒|咋|咤|咱|喒|喥|嗻|囃|托|爹|爺|皻|皽|詐|醡|𠆦|𠷆|𠷿|𤕔|𧧻|𨕚|𬏨,25,True,𠊚,0.807,𠊚,1,True,𠊚,False,False,False,True,True,False,False,False,False
M1_0005,gold/stt2_page_0066_c09_187.png,stt2,page_0066,9,困,khốn,困,GOLD,s1_inter_s2_direct,"[218, 2299, 325, 2423]",105,152,困|囷|梱|睏|阃|捆,6,True,𫴮,0.859,𫴮,1,True,𫴮,False,False,False,True,True,False,False,False,False
M1_0006,gold/stt2_page_0036_c07_117.png,stt2,page_0036,7,主,chúa,主,GOLD,s1_inter_s2_direct,"[506, 1011, 603, 1120]",101,133,主|炷,2,True,𠊛,0.621,𠊛,1,True,𠊛,False,False,False,True,True,False,False,False,False
M1_0007,gold/stt2_page_0078_c03_051.png,stt2,page_0078,3,呐,nói,呐,GOLD,s1_inter_s2_direct,"[1178, 1324, 1270, 1434]",102,134,內|内|叻|吶|呐|唁|尼|曰|訥|㐻|㕯|𠺶|𡗠|𧨣,14,True,𠊚,0.753,𠊚,1,True,𠊚,False,False,False,True,True,False,False,False,False
M1_0008,gold/stt2_page_0114_c01_017.png,stt2,page_0114,1,衣,ấy,衣,GOLD,s1_inter_s2_direct,"[1447, 2104, 1560, 2211]",139,131,𱍸|乙|倚|噫|娎|帝|悥|意|憶|椅|衣|衤|𠂎|𠋣|𠶷|𢡃|𧘇|𪬫|𫢚|󰀎|󱦝|󱰁|啩|怪|掛|撌|癸|紙|𠶔|𢫞|𢯗|𥿗,32,True,𠊚,0.782,𠊚,1,True,𠊚,False,False,False,True,True,False,False,False,False
M1_0009,gold/stt2_page_0170_c03_052.png,stt2,page_0170,3,折,giết,折,GOLD,s1_inter_s2_direct,"[1138, 2092, 1249, 2227]",125,163,𱥘|折|摺|歽|滅|翼|㪿|𢷄|𣂚|𣂟|𣂫|𣂲|𣂹|𣩁|𣩂|𤄌|𨦬|𪲽|󰊾|󱚕|󱣽,21,True,𫴮,1.008,𫴮,1,True,𫴮,False,False,False,True,True,False,False,False,False
M1_0010,gold/stt2_page_0052_c03_045.png,stt2,page_0052,3,渚,chưa,渚,GOLD,s1_inter_s2_direct,"[1120, 594, 1219, 686]",100,107,初|朱|渚|濐|瀦|猪|荗|諸|豬|陼|㐌|㨋|㵭|䐗|𢑳|𢒕|𣌆|𣗓|𣜾|𣠕|𣠖|𣦁|𤀞|𧭷|𧱭|𧳯|𪳼|𬄞|𬚍,29,True,---,0.397,,0,False,,False,False,False,False,True,False,False,False,True
M1_0011,gold/stt2_page_0166_c09_149.png,stt2,page_0166,9,官,quan,官,GOLD,s1_inter_s2_direct,"[234, 572, 348, 703]",138,161,||倌|光|关|冠|官|寡|慣|棺|毌|涫|瘝|癏|矜|綸|纶|覌|観|觀|观|貫|軍|開|閞|関|闗|關|鯀|鯤|鰥|鱞|鳏|䚪|䝺|䦕|𠕍|𠖌|𠙙|𠜍|𠴨|𡦹|𡧺|𢃙|𢿒|𣎕|𣑄|𤸄|𥉀|𥍄|𥍅|𥍊|𥍕|𥎅|𥷯|𥸑|𧃼|𧢪|𧤩|𧵗|𨳡|𨳨|𨳹|𨴊|𨵿|𨶚|𨶹|𨷀|𩁰|𩶊|𩹌|𩻲|𩻴|𫔢|𬮦|󰞹|琯|綰|绾|菅,80,True,𫴮,1.115,𫴮,1,True,𫴮,False,False,False,True,True,False,False,False,False
M1_0012,gold/stt2_page_0328_c02_035.png,stt2,page_0328,2,麻,mà,麻,GOLD,s1_inter_s2_direct,"[1314, 2075, 1427, 2209]",129,166,|傌|嘛|女|痳|罵|菻|蔴|調|駡|高|麻|默|𢠩|𢳀|𣻕|𦋻|𦓡|𦲬|󱰷|󱰹,21,True,𫴮,0.979,𫴮,1,True,𫴮,False,False,False,True,True,False,False,False,False
M1_0013,gold/stt2_page_0174_c02_022.png,stt2,page_0174,2,别,biết,别,GOLD,s1_inter_s2_direct,"[1292, 565, 1399, 683]",96,146,|別|别|咇|彆|憋|捌|撆|柲|瘪|癟|虌|蟞|襒|蹩|鱉|鳖|鼈|龞|㿜|䠥|𠔁|𠛰|𠮠|𤻋|𪔀|𪿍|󱤞|󱩲|拐,30,True,𠊛,0.796,𠊛,1,True,𠊛,False,False,False,True,True,False,False,False,False
M1_0014,gold/stt2_page_0092_c03_049.png,stt2,page_0092,3,眉,mày,眉,GOLD,s1_inter_s2_direct,"[1119, 567, 1224, 675]",128,129,眉|睂|睸|迈|𠃜|𠋥|𠪃|𠷯|𡮠|𣭒|𣮮|𥅉|𥅕|𥅦|𥅮|𥇮|𥻡|𪵟|𫃷|𫵇|󰜣|󰟎|󱩮|󱮪,24,True,𫴮,0.814,𫴮,1,True,𫴮,False,False,False,True,True,False,False,False,False
M1_0015,gold/stt2_page_0084_c06_122.png,stt2,page_0084,6,㝵,người,㝵,GOLD,s1_inter_s2_direct,"[679, 1776, 781, 1886]",126,128,仉|倘|儻|勜|匕|命|圤|徜|昆|皚|躺|辞|㝵|𠊚|𠊛|𣈗|𣈜|𤽗|𫴮|󱫱,20,True,𫴮,0.788,𫴮,1,True,𫴮,True,True,False,True,True,False,False,False,False
M1_0016,gold/stt2_page_0236_c03_052.png,stt2,page_0236,3,時,thì,時,GOLD,s1_inter_s2_direct,"[1124, 2257, 1236, 2394]",105,167,𱢑|匙|埘|塒|寺|峕|常|提|时|旹|時|晨|曟|榯|氏|畤|秲|茄|莳|蒔|辰|鍉|鰣|鲥|㔭|㫑|㫭|㮛|䈕|䢈|𠨱|𠨷|𠩐|𠩟|𠱾|𡗶|𡺈|𡺞|𢁈|𣅱|𣈜|𥊘|𥫽|𦔌|𦱎|𦱗|𦸎|𨑃|𨑄|𨥌|𩶬|𪰛|𬀦|󰣡|󱞑|㖘,56,True,𫴮,0.949,𫴮,1,True,𫴮,False,False,False,True,True,False,False,False,False
M1_0017,gold/stt2_page_0322_c04_067.png,stt2,page_0322,4,行,hành,行,GOLD,s1_inter_s2_direct,"[988, 1296, 1099, 1407]",105,123,斻|桁|珩|胻|航|茎|荇|莕|莖|蘅|行|衡|䓷|𠎢|𠧲|𠧽|𠧿|𡘻|𡙉|𡙏|𢔖|𢖍|𧗞|𧗟|𧗣|𧗾|𨏎,27,True,𫴮,0.614,𫴮,1,True,𫴮,False,False,False,True,True,False,False,False,False
M1_0018,gold/stt2_page_0276_c02_024.png,stt2,page_0276,2,察,xét,察,GOLD,s1_inter_s2_direct,"[1902, 1165, 2023, 1311]",134,167,嚓|察|詧|𢪀|𥌀|𪹾|󱧴,7,True,𠊛,1.093,𠊛,1,True,𠊛,False,False,False,True,True,False,False,False,False
M1_0019,gold/stt2_page_0284_c06_099.png,stt2,page_0284,6,改,gởi,改,GOLD,s1_inter_s2_direct,"[686, 869, 804, 1003]",121,166,改|攺|灜|㱼|𠳚|𢭮|𢻰|𪻞|󰡚,9,True,𫴮,0.921,𫴮,1,True,𫴮,False,False,False,True,True,False,False,False,False
M1_0020,gold/stt2_page_0246_c06_118.png,stt2,page_0246,6,德,đức,德,GOLD,s1_inter_s2_direct,"[684, 2326, 790, 2436]",130,121,|𱐩|𱝮|徳|德|恴|悳|惪|㤫|㥀|㥁|䙷|𢛳|𢜖|𢠀|𢤊|𨗌|𨗤|𭲖|󰆙|󱉎,21,True,𠊚,0.791,𠊚,1,True,𠊚,False,False,False,True,True,False,False,False,False
M1_0021,gold/stt2_page_0016_c09_163.png,stt2,page_0016,9,㝵,người,㝵,GOLD,s1_inter_s2_direct,"[200, 745, 292, 852]",106,123,仉|倘|儻|勜|匕|命|圤|徜|昆|皚|躺|辞|㝵|𠊚|𠊛|𣈗|𣈜|𤽗|𫴮|󱫱,20,True,𫴮,0.662,𫴮,1,True,𫴮,True,True,False,True,True,False,False,False,False
M1_0022,gold/stt2_page_0110_c09_166.png,stt2,page_0110,9,赦,tha,赦,GOLD,s1_inter_s2_direct,"[218, 939, 325, 1055]",129,138,他|佗|匜|咃|她|它|嵯|差|怹|扡|拕|拖|搋|搓|柂|牠|瑳|砣|磋|祂|策|蛇|訑|詑|賖|赦|趿|蹉|釶|鉈|鍦|铊|馱|𠰹|𢫌|𢷼|𢼗|𢼜|𢽀|𤆅|𥘦|𨇏|𨧯|𩥙|𫅁|挓|腃,47,True,𠊚,0.883,𠊚,1,True,𠊚,False,False,False,True,True,False,False,False,False
M1_0023,gold/stt2_page_0176_c01_010.png,stt2,page_0176,1,浪,rằng,浪,GOLD,s1_inter_s2_direct,"[1430, 1609, 1542, 1746]",104,165,哏|哴|喨|坺|娘|払|浪|㖫|𠳒|𠺘|𤎔|𪘵,12,True,𠊚,0.880,𠊚,1,True,𠊚,False,False,False,True,True,False,False,False,False
M1_0024,gold/stt2_page_0306_c05_090.png,stt2,page_0306,5,朱,cho,朱,GOLD,s1_inter_s2_direct,"[862, 1752, 971, 1880]",117,138,|咮|埃|木|朱|株|沫|渚|濐|硃|陼|㵭,12,True,𠊚,0.730,𠊚,1,True,𠊚,False,False,False,True,True,False,False,False,False
M1_0025,gold/stt2_page_0146_c03_045.png,stt2,page_0146,3,㝵,người,㝵,GOLD,s1_inter_s2_direct,"[1154, 812, 1259, 938]",103,154,仉|倘|儻|勜|匕|命|圤|徜|昆|皚|躺|辞|㝵|𠊚|𠊛|𣈗|𣈜|𤽗|𫴮|󱫱,20,True,𠊚,0.841,𠊚,1,True,𠊚,True,True,False,True,True,False,False,False,False
M1_0026,gold/stt2_page_0316_c04_060.png,stt2,page_0316,4,堂,đàng,堂,GOLD,s1_inter_s2_direct,"[1016, 567, 1129, 702]",117,167,唐|啺|堂|塘|壇|𡃯|𣉺|𥏬,8,True,𫴮,0.877,𫴮,1,True,𫴮,False,False,False,True,True,False,False,False,False
M1_0027,gold/stt2_page_0020_c04_063.png,stt2,page_0020,4,庄,chăng,庄,GOLD,s1_inter_s2_direct,"[953, 560, 1067, 681]",133,140,|丕|仳|庄|庒|弡|張|拯|生|空|荘|莊|㔻|㽵|𠗎|𠦓|𠲕|𤕶|𤖄|𤖈|𦀾|𦻊|𧜖|𫽄|󰝸|󱣟,26,True,𫴮,0.953,𫴮,1,True,𫴮,False,False,False,True,True,False,False,False,False
M1_0028,gold/stt2_page_0106_c07_125.png,stt2,page_0106,7,命,mình,命,GOLD,s1_inter_s2_direct,"[538, 1237, 645, 1357]",131,147,命|明|春|珄|舍|𠇮|𠵴|𨉓|𨉟|󰇕|󰳁|󱝬,12,True,𫴮,0.829,𫴮,1,True,𫴮,False,False,False,True,True,False,False,False,False
M1_0029,gold/stt2_page_0314_c02_024.png,stt2,page_0314,2,矣,hãy,矣,GOLD,s1_inter_s2_direct,"[1271, 752, 1379, 876]",89,152,亥|俟|咍|咳|唉|孩|忍|挨|改|欬|欸|涘|矣|誒|駭|駴|㐌|㗒|㤥|䀭|𠹛|𠺡|𩡭,23,True,𫴮,0.806,𫴮,1,True,𫴮,False,False,False,True,True,False,False,False,False
M1_0030,gold/stt2_page_0152_c07_125.png,stt2,page_0152,7,㝵,người,㝵,GOLD,s1_inter_s2_direct,"[531, 678, 628, 771]",107,115,仉|倘|儻|勜|匕|命|圤|徜|昆|皚|躺|辞|㝵|𠊚|𠊛|𣈗|𣈜|𤽗|𫴮|󱫱,20,True,𫴮,0.538,𫴮,1,True,𫴮,True,True,False,True,True,False,False,False,False
M1_0031,gold/stt2_page_0178_c02_033.png,stt2,page_0178,2,除,giờ,除,GOLD,s1_inter_s2_direct,"[1286, 2051, 1393, 2189]",123,170,俆|徐|除|𠀺|𣇞|𣉹|𨑦|𪬪|𪱡|𬁊|𬁐|󱤗|󱤫|󱮠,14,True,"Actually, the image shows ""仄"" and """,1.172,仄,1,True,仄,False,False,False,True,True,False,True,False,False
M1_0032,gold/stt2_page_0074_c03_058.png,stt2,page_0074,3,歳,tuổi,歳,GOLD,s1_inter_s2_direct,"[1123, 2114, 1227, 2232]",128,143,亗|嵗|歲|歳|碎|㒸|㞸|𡻕|𡻷|𢆫|𢧁|𢧡|𣦮|󰆄|󰑔|󰣳|󱤱|󱦞|󱦟,19,True,𫴮,0.896,𫴮,1,True,𫴮,False,False,False,True,True,False,False,False,False
M1_0033,gold/stt2_page_0018_c01_005.png,stt2,page_0018,1,矯,kẻo,矯,GOLD,s1_inter_s2_direct,"[1443, 885, 1552, 1002]",118,145,|喬|嘺|嬌|撟|矫|矯|翹|㚁|𢱪|𥏹|𦒒,12,True,𠊚,0.793,𠊚,1,True,𠊚,False,False,False,True,True,False,False,False,False
M1_0034,gold/stt2_page_0238_c03_057.png,stt2,page_0238,3,㝵,người,㝵,GOLD,s1_inter_s2_direct,"[1135, 2411, 1246, 2530]",118,132,仉|倘|儻|勜|匕|命|圤|徜|昆|皚|躺|辞|㝵|𠊚|𠊛|𣈗|𣈜|𤽗|𫴮|󱫱,20,True,𫴮,0.797,𫴮,1,True,𫴮,True,True,False,True,True,False,False,False,False
M1_0035,gold/stt2_page_0142_c07_130.png,stt2,page_0142,7,木,móc,木,GOLD,s1_inter_s2_direct,"[541, 2081, 649, 2214]",124,161,木|沐|璽|禄|莯|鈢|雬|霂|㭉|𠣛|𢪮|𥷻|𦱈|𩂆|󱔵|󱗢,16,True,𫴮,0.880,𫴮,1,True,𫴮,False,False,False,True,True,False,False,False,False
M1_0036,gold/stt2_page_0056_c09_202.png,stt2,page_0056,9,丕,vậy,丕,GOLD,s1_inter_s2_direct,"[238, 2412, 325, 2504]",67,100,丕|仳|呸|物|特|盃|㔻|𠦓,8,True,---,0.396,,0,False,,False,False,False,False,True,False,False,False,True
M1_0037,gold/stt2_page_0302_c06_108.png,stt2,page_0302,6,麻,mà,麻,GOLD,s1_inter_s2_direct,"[694, 1807, 815, 1942]",139,167,|傌|嘛|女|痳|罵|菻|蔴|調|駡|高|麻|默|𢠩|𢳀|𣻕|𦋻|𦓡|𦲬|󱰷|󱰹,21,True,𠊛,1.026,𠊛,1,True,𠊛,False,False,False,True,True,False,False,False,False
M1_0038,gold/stt2_page_0122_c06_120.png,stt2,page_0122,6,麻,mà,麻,GOLD,s1_inter_s2_direct,"[681, 1589, 790, 1700]",135,136,|傌|嘛|女|痳|罵|菻|蔴|調|駡|高|麻|默|𢠩|𢳀|𣻕|𦋻|𦓡|𦲬|󱰷|󱰹,21,True,𠊚,0.936,𠊚,1,True,𠊚,False,False,False,True,True,False,False,False,False
M1_0039,gold/stt2_page_0028_c01_022.png,stt2,page_0028,1,群,còn,群,GOLD,s1_inter_s2_direct,"[1417, 2312, 1516, 2418]",94,118,|哙|喂|噲|存|羣|群|自|䭽|𠹩|𡥵|𫲳|󰅹|󱟟|󱫦,15,True,𠊚,0.580,𠊚,1,True,𠊚,False,False,False,True,True,False,False,False,False
M1_0040,gold/stt2_page_0260_c02_029.png,stt2,page_0260,2,樞,su,樞,GOLD,s1_inter_s2_direct,"[1294, 1565, 1409, 1694]",107,154,樞|秋|毹|毺|穌|芇|芻|蒭|蘇|蘓|㮲,11,True,𫴮,0.860,𫴮,1,True,𫴮,False,False,False,True,True,False,False,False,False
M1_0041,gold/stt2_page_0030_c08_168.png,stt2,page_0030,8,主,chúa,主,GOLD,s1_inter_s2_direct,"[360, 1549, 457, 1655]",119,129,主|炷,2,True,𠊛,0.695,𠊛,1,True,𠊛,False,False,False,True,True,False,False,False,False
M1_0042,gold/stt2_page_0240_c04_058.png,stt2,page_0240,4,麻,mà,麻,GOLD,s1_inter_s2_direct,"[1009, 476, 1124, 598]",130,109,|傌|嘛|女|痳|罵|菻|蔴|調|駡|高|麻|默|𢠩|𢳀|𣻕|𦋻|𦓡|𦲬|󱰷|󱰹,21,True,𠊚,0.752,𠊚,1,True,𠊚,False,False,False,True,True,False,False,False,False
M1_0043,gold/stt2_page_0278_c03_050.png,stt2,page_0278,3,施,thí,施,GOLD,s1_inter_s2_direct,"[1129, 1986, 1239, 2105]",131,142,剃|剔|啻|始|媲|屁|弑|弒|施|試|譬|试|辟|髰|鬀|鬄|䊧|䙾|𠆹|𠇜|𠤒|𡲩|𢎊|𢎍|𢎓|𢒃|𢦳|𢨓|𢻩|𢻫|𢻱|𢼉|𢼊|𢼘|𥤶|𥥓|𥧔|𦭇|𨲙|𩮜|弛,41,True,𫴮,0.806,𫴮,1,True,𫴮,False,False,False,True,True,False,False,False,False
M1_0044,gold/stt2_page_0228_c02_020.png,stt2,page_0228,2,正,giêng,正,GOLD,s1_inter_s2_direct,"[1281, 1341, 1384, 1470]",115,149,征|徰|徵|政|正|貞|靕|㱏|𠙺|𠤭|𢌛|𢘫|𣥆|𣥔|𣦓|𤴓|𥢆|𦙫|𧾸|𨒌|󱥡,21,True,𫴮,0.866,𫴮,1,True,𫴮,False,False,False,True,True,False,False,False,False
M1_0045,gold/stt2_page_0192_c07_124.png,stt2,page_0192,7,弹,đàn,弹,GOLD,s1_inter_s2_direct,"[470, 1828, 582, 1964]",119,166,丐|亶|僤|勯|啴|單|坍|坛|埮|墰|壇|壜|婵|弹|弾|彈|掸|撣|樿|檀|殚|殫|罈|聅|胆|袒|驒|鷤|𡊨|𢎚|𢎝|𢎟|𢎩|𢎫|𢎬|𢎲|𣐙|𣞀|𦉡|𩠽|󰈏|澶,42,True,正确答案：𣈗,1.004,正确答案𣈗,5,False,正,False,False,False,True,True,False,False,True,False
M1_0046,gold/stt2_page_0296_c04_063.png,stt2,page_0296,4,亊,sự,亊,GOLD,s1_inter_s2_direct,"[1001, 1491, 1117, 1630]",135,167,亊|事|剚|叓|殖|耡|锄|麆|㕝|𠁱|𠫺|𠭆|𠭏|𤔇|筛|篩,16,True,𫴮,1.039,𫴮,1,True,𫴮,False,False,False,True,True,False,False,False,False
M1_0047,gold/stt2_page_0158_c02_030.png,stt2,page_0158,2,㝵,người,㝵,GOLD,s1_inter_s2_direct,"[1307, 1333, 1423, 1462]",137,159,仉|倘|儻|勜|匕|命|圤|徜|昆|皚|躺|辞|㝵|𠊚|𠊛|𣈗|𣈜|𤽗|𫴮|󱫱,20,True,𫴮,1.041,𫴮,1,True,𫴮,True,True,False,True,True,False,False,False,False
M1_0048,gold/stt2_page_0206_c06_111.png,stt2,page_0206,6,奇,cả,奇,GOLD,s1_inter_s2_direct,"[682, 2204, 792, 2336]",136,155,仍|哿|垰|奇|架|竒|𠵲|𪥘|󱝝|󱝮|󱼓,11,True,𫴮,0.859,𫴮,1,True,𫴮,False,False,False,True,True,False,False,False,False
M1_0049,gold/stt2_page_0012_c08_129.png,stt2,page_0012,8,弄,lòng,弄,GOLD,s1_inter_s2_direct,"[348, 1499, 447, 1610]",75,129,峼|弄|情|挊|挵|淚|瘧|胣|㢅|㺯|𠧗|𡀜|𡱯|𢌮|𢙱|𢚸|𪫵|𪻒|𬚼|𬛃|󰇑|󰝅|󰟯,23,True,𠊛,0.583,𠊛,1,True,𠊛,False,False,False,True,True,False,False,False,False
M1_0050,gold/stt2_page_0208_c04_070.png,stt2,page_0208,4,秋,su,秋,GOLD,s1_inter_s2_direct,"[992, 1802, 1099, 1927]",126,151,樞|秋|毹|毺|穌|芇|芻|蒭|蘇|蘓|㮲,11,True,𫴮,0.831,𫴮,1,True,𫴮,False,False,False,True,True,False,False,False,False
M1_0051,gold/stt2_page_0320_c03_041.png,stt2,page_0320,3,断,đoạn,断,GOLD,s1_inter_s2_direct,"[1150, 969, 1261, 1103]",104,161,断|斷|椴|段|毈|碫|籪|緞|缎|腶|鍛|锻|㫁|𠜷|𠝅|𠡱|𠩻|𠪅|𠸿|𣂢|𣂣|𣂱|𣂸|𣂾|𣃔|𣦕|𣦙|𦂰|𩏇|𭮫|󰞂|󰠣|塅|夺|奪,35,True,𠊚,0.900,𠊚,1,True,𠊚,False,False,False,True,True,False,False,False,False
M1_0052,gold/stt2_page_0274_c05_087.png,stt2,page_0274,5,之,gì,之,GOLD,s1_inter_s2_direct,"[802, 660, 913, 792]",102,155,𱍽|之|咦|夷|姨|洏|洟|為|芇|㞢|𠔇|𡳿|𫡛|𫩝|󰢔|󱙀,16,True,𫴮,0.786,𫴮,1,True,𫴮,False,False,False,True,True,False,False,False,False
M1_0053,gold/stt2_page_0210_c05_069.png,stt2,page_0210,5,逹,đặt,逹,GOLD,s1_inter_s2_direct,"[847, 981, 959, 1106]",112,155,嗒|噠|撻|特|読|讀|躂|达|迏|迖|迭|逗|連|逹|達|韃|㒓|𡂝|𢹗|𢺂|𢽞|𢾴|𨔂|𨔬|𨔶|𨖫|𨘈|𨘝|𩋅|𩌉|𩌘|󱮳|󱹘,33,True,𠊚,0.919,𠊚,1,True,𠊚,False,False,False,True,True,False,False,False,False
M1_0054,gold/stt2_page_0286_c08_135.png,stt2,page_0286,8,庫,khó,庫,GOLD,s1_inter_s2_direct,"[384, 643, 493, 769]",107,150,厙|庫|瘔|苦|讱|𠺟|𡿵|𣎏|𧁷|𧁹|󰅟|󰈶|󱠽,13,True,𫴮,0.746,𫴮,1,True,𫴮,False,False,False,True,True,False,False,False,False
M1_0055,gold/stt2_page_0136_c05_062.png,stt2,page_0136,5,空,không,空,GOLD,s1_inter_s2_direct,"[792, 505, 895, 608]",127,112,倥|坤|埃|孔|崆|庄|悾|拯|椌|涳|硿|空|箜|𡹝|𢦉|𢷙|𣝃|𫽄,18,True,𠊛,0.778,𠊛,1,True,𠊛,False,False,False,True,True,False,False,False,False
M1_0056,gold/stt2_page_0198_c09_164.png,stt2,page_0198,9,吏,lại,吏,GOLD,s1_inter_s2_direct,"[189, 2281, 311, 2409]",150,149,使|來|俫|倈|勑|厉|厲|又|叓|右|叹|吏|嬾|尼|徕|徠|懒|懶|束|濑|瀨|瘌|癘|癞|癩|皮|籁|籟|耒|藾|襰|賚|賴|赉|赖|辣|頼|顂|類|㐌|㕝|㾢|䊪|𠘝|𠻇|𡯅|𢋷|𥛉|𧡽|𧶘|𧶛|𧷖|𩓃|𫣚|𬃻,55,True,𫴮,0.996,𫴮,1,True,𫴮,False,False,False,True,True,False,False,False,False
M1_0057,gold/stt2_page_0188_c03_053.png,stt2,page_0188,3,寺,thì,寺,GOLD,s1_inter_s2_direct,"[1094, 1962, 1203, 2095]",122,146,𱢑|匙|埘|塒|寺|峕|常|提|时|旹|時|晨|曟|榯|氏|畤|秲|茄|莳|蒔|辰|鍉|鰣|鲥|㔭|㫑|㫭|㮛|䈕|䢈|𠨱|𠨷|𠩐|𠩟|𠱾|𡗶|𡺈|𡺞|𢁈|𣅱|𣈜|𥊘|𥫽|𦔌|𦱎|𦱗|𦸎|𨑃|𨑄|𨥌|𩶬|𪰛|𬀦|󰣡|󱞑|㖘,56,True,𫴮,0.857,𫴮,1,True,𫴮,False,False,False,True,True,False,False,False,False
M1_0058,gold/stt2_page_0070_c02_017.png,stt2,page_0070,2,馭,ngựa,馭,GOLD,s1_inter_s2_direct,"[1299, 1717, 1411, 1844]",118,150,御|馬|馭|驭|𩣓|𩤳|𩤾|󰥇,8,True,𠊚,0.875,𠊚,1,True,𠊚,False,False,False,True,True,False,False,False,False
M1_0059,gold/stt2_page_0224_c04_061.png,stt2,page_0224,4,最,tối,最,GOLD,s1_inter_s2_direct,"[998, 596, 1105, 717]",123,140,冣|卒|啐|啛|対|對|撮|晬|最|琗|睟|碎|綷|繀|茋|蕞|誶|譢|谇|㝡|𠯥|𠵒|𠻜|𡭊|𣅢|𣋁|𣋚|𣤜|𥊴|𥦡|󱤛,31,True,𫴮,0.798,𫴮,1,True,𫴮,False,False,False,True,True,False,False,False,False
M1_0060,gold/stt2_page_0288_c01_004.png,stt2,page_0288,1,垩,thánh,垩,GOLD,s1_inter_s2_direct,"[1458, 860, 1575, 984]",94,124,偺|咱|喒|圣|垩|堊|琞|聖|聽|請|㑑|㗂|䎴|𠄵|𡃑|𡉄|𡑺|𤦨|𤪈|𥅶|𦔻|𦕡|𧟿|𨉑|𨲉|𨲚|𨲢|𨲣|𨲿|𩫽|𬉊|呧|殍,33,True,𠊛,0.663,𠊛,1,True,𠊛,False,False,False,True,True,False,False,False,False
M1_0061,gold/stt2_page_0024_c07_147.png,stt2,page_0024,7,衣,ấy,衣,GOLD,s1_inter_s2_direct,"[500, 1879, 610, 1973]",107,112,𱍸|乙|倚|噫|娎|帝|悥|意|憶|椅|衣|衤|𠂎|𠋣|𠶷|𢡃|𧘇|𪬫|𫢚|󰀎|󱦝|󱰁|啩|怪|掛|撌|癸|紙|𠶔|𢫞|𢯗|𥿗,32,True,𫴮,0.602,𫴮,1,True,𫴮,False,False,False,True,True,False,False,False,False
M1_0062,gold/stt2_page_0116_c08_145.png,stt2,page_0116,8,其,kia,其,GOLD,s1_inter_s2_direct,"[370, 1085, 469, 1195]",98,113,其|箕|㠱|䇧|𠀠|𠀮|𠔋|𠔐|𠔛|𠔝|𠚙|𠥊|𠥩|𠴩|𠵶|𠷛|𡿸|𢌰|𤞻|𥫚|𥫶|𦋊|󰄪|󱡍|󱪪,25,True,𫴮,0.614,𫴮,1,True,𫴮,False,False,False,True,True,False,False,False,False
M1_0063,gold/stt2_page_0194_c06_104.png,stt2,page_0194,6,事,sự,事,GOLD,s1_inter_s2_direct,"[640, 1830, 747, 1971]",112,172,亊|事|剚|叓|殖|耡|锄|麆|㕝|𠁱|𠫺|𠭆|𠭏|𤔇|筛|篩,16,True,𫴮,0.889,𫴮,1,True,𫴮,False,False,False,True,True,False,False,False,False
M1_0064,gold/stt2_page_0154_c06_105.png,stt2,page_0154,6,事,sự,事,GOLD,s1_inter_s2_direct,"[688, 1381, 802, 1510]",122,156,亊|事|剚|叓|殖|耡|锄|麆|㕝|𠁱|𠫺|𠭆|𠭏|𤔇|筛|篩,16,True,𠊚,0.943,𠊚,1,True,𠊚,False,False,False,True,True,False,False,False,False
M1_0065,gold/stt2_page_0230_c07_128.png,stt2,page_0230,7,多,đi,多,GOLD,s1_inter_s2_direct,"[566, 458, 675, 573]",119,125,|多|岃|移|跢|迻|𠫾|𨀕|𪠞|𫺲,10,True,𫴮,0.712,𫴮,1,True,𫴮,False,False,False,True,True,False,False,False,False
M1_0066,gold/stt2_page_0298_c09_155.png,stt2,page_0298,9,庄,chăng,庄,GOLD,s1_inter_s2_direct,"[205, 830, 315, 957]",108,152,|丕|仳|庄|庒|弡|張|拯|生|空|荘|莊|㔻|㽵|𠗎|𠦓|𠲕|𤕶|𤖄|𤖈|𦀾|𦻊|𧜖|𫽄|󰝸|󱣟,26,True,𫴮,0.830,𫴮,1,True,𫴮,False,False,False,True,True,False,False,False,False
M1_0067,gold/stt2_page_0118_c09_178.png,stt2,page_0118,9,苓,lành,苓,GOLD,s1_inter_s2_direct,"[220, 736, 319, 850]",102,140,||令|伶|冷|姈|忴|怜|汵|聆|肑|苓|蓮|袊|䕘|𠘤|𠸖|𡅐|𡅑|𫅜|𫅞|𬙽|󰃬,23,True,𠊚,0.668,𠊚,1,True,𠊚,False,False,False,True,True,False,False,False,False
M1_0068,gold/stt2_page_0040_c04_078.png,stt2,page_0040,4,法,phép,法,GOLD,s1_inter_s2_direct,"[1016, 2001, 1118, 2107]",110,130,佱|峜|法|灋|砝|㳒|𢌇|𣳴|𣶽|𪫚|𪶏,11,True,𠊚,0.751,𠊚,1,True,𠊚,False,False,False,True,True,False,False,False,False
M1_0069,gold/stt2_page_0134_c01_020.png,stt2,page_0134,1,奴,nô,奴,GOLD,s1_inter_s2_direct,"[1442, 2394, 1548, 2501]",130,131,伖|呶|奴|孥|帑|怒|笯|駑|驽,9,True,𠊚,0.733,𠊚,1,True,𠊚,False,False,False,True,True,False,False,False,False
M1_0070,gold/stt2_page_0026_c06_116.png,stt2,page_0026,6,几,kẻ,几,GOLD,s1_inter_s2_direct,"[677, 1132, 781, 1246]",102,138,丗|仉|几|凡|古|峜|幾|掌|易|矯|計|𠀃|𠆰|𠏠|𠖠|𡇣|𧨻|𨤔|󰢿,19,True,𠊛,0.736,𠊛,1,True,𠊛,False,False,False,True,True,False,False,False,False
M1_0071,gold/stt2_page_0098_c06_090.png,stt2,page_0098,6,欣,hơn,欣,GOLD,s1_inter_s2_direct,"[646, 815, 753, 925]",127,133,俽|忻|惞|欣|訢|軒|餘|䜣|𪡗,9,True,𫴮,0.756,𫴮,1,True,𫴮,False,False,False,True,True,False,False,False,False
M1_0072,gold/stt2_page_0292_c03_049.png,stt2,page_0292,3,真,xin,真,GOLD,s1_inter_s2_direct,"[1133, 1620, 1249, 1757]",138,157,吀|吒|嗔|填|真|謓|㥲|𡃑,8,True,𫴮,0.888,𫴮,1,True,𫴮,False,False,False,True,True,False,False,False,False
M1_0073,gold/stt2_page_0038_c05_098.png,stt2,page_0038,5,獅,sư,獅,GOLD,s1_inter_s2_direct,"[848, 1839, 953, 1956]",128,145,司|师|師|捈|摅|摢|摴|攄|樗|溮|狮|獅|筛|篩|簁|簛|籭|綀|蒒|蛳|螄|雎|魳|鰤|𠦵|𠵀|𢂖|𢃋|𤜳|𤞏|𧋬|𧏍|𨸲|𨸴|𩇱|𪝜|攎|浉,38,True,𫴮,0.854,𫴮,1,True,𫴮,False,False,False,True,True,False,False,False,False
M1_0074,gold/stt2_page_0142_p0132_c08_160.png,stt2,page_0142_p0132,8,麻,mà,麻,GOLD,s1_inter_s2_direct,"[391, 1304, 495, 1432]",128,158,|傌|嘛|女|痳|罵|菻|蔴|調|駡|高|麻|默|𢠩|𢳀|𣻕|𦋻|𦓡|𦲬|󱰷|󱰹,21,True,𠊛,0.932,𠊛,1,True,𠊛,False,False,False,True,True,False,False,False,False
M1_0075,gold/stt2_page_0254_c04_057.png,stt2,page_0254,4,㓛,công,㓛,GOLD,s1_inter_s2_direct,"[992, 788, 1097, 919]",111,157,公|功|工|彸|扛|攻|灨|糼|紅|翁|蚣|蜙|釭|㒶|㓚|㓛|㣉|䲨|䲲|𠜝|𡚑|𢀚|𢒄|𢒅|𧆷|𧌻|𧐱|𨊧|󱰴|缸,30,True,𫴮,0.775,𫴮,1,True,𫴮,False,False,False,True,True,False,False,False,False
M1_0076,gold/stt2_page_0054_c03_058.png,stt2,page_0054,3,㝵,người,㝵,GOLD,s1_inter_s2_direct,"[1125, 2104, 1239, 2220]",118,140,仉|倘|儻|勜|匕|命|圤|徜|昆|皚|躺|辞|㝵|𠊚|𠊛|𣈗|𣈜|𤽗|𫴮|󱫱,20,True,𫴮,0.784,𫴮,1,True,𫴮,True,True,False,True,True,False,False,False,False
M1_0077,gold/stt2_page_0182_c05_075.png,stt2,page_0182,5,仍,nhưng,仍,GOLD,s1_inter_s2_direct,"[833, 487, 945, 607]",138,145,仍|因|戎|扔|礽|陾|𢫨|󱙢|󱙣|󱼑|忍|鞥,12,True,𫴮,0.912,𫴮,1,True,𫴮,False,False,False,True,True,False,False,False,False
M1_0078,gold/stt2_page_0088_c06_110.png,stt2,page_0088,6,每,mọi,每,GOLD,s1_inter_s2_direct,"[678, 756, 781, 870]",102,134,毎|每|萬|𠳨|𡴋|𡴕|𣫭|𤞦|𧖦|𬠱|󱟁,11,True,𫴮,0.652,𫴮,1,True,𫴮,False,False,False,True,True,False,False,False,False
M1_0079,gold/stt2_page_0248_c03_042.png,stt2,page_0248,3,逐,giục,逐,GOLD,s1_inter_s2_direct,"[1147, 858, 1257, 977]",126,146,促|唷|慾|欲|豚|逐|𠽖|𡟔|𢄘|𢓑|𣣔|󰖢,12,True,𠊚,0.857,𠊚,1,True,𠊚,False,False,False,True,True,False,False,False,False
M1_0080,gold/stt2_page_0102_c01_011.png,stt2,page_0102,1,差,sai,差,GOLD,s1_inter_s2_direct,"[1423, 1543, 1526, 1662]",104,130,倩|偨|傞|啋|嗟|差|搋|搓|猜|瘥|絺|縒|荖|蹉|釵|钗|黹|㥒|䁟|𡗂|𢀞|𢀠|𢀩|𢷼|𦄙|𦆧|𦇈|筛|篩|蛌,30,True,𠊛,0.685,𠊛,1,True,𠊛,False,False,False,True,True,False,False,False,False
M1_0081,gold/stt2_page_0168_c09_162.png,stt2,page_0168,9,囚,tù,囚,GOLD,s1_inter_s2_direct,"[206, 2181, 314, 2312]",132,161,囚|崷|揂|揪|揫|攸|汆|汓|泅|湭|羞|苬|蝤|路|逎|遒|酉|酋|醔|鰌|𡆥|𧣕,22,True,𫴮,0.895,𫴮,1,True,𫴮,False,False,False,True,True,False,False,False,False
M1_0082,gold/stt2_page_0244_c01_002.png,stt2,page_0244,1,主,chúa,主,GOLD,s1_inter_s2_direct,"[1442, 672, 1558, 800]",134,142,主|炷,2,True,𠊚,0.910,𠊚,1,True,𠊚,False,False,False,True,True,False,False,False,False
M1_0083,gold/stt2_page_0186_c09_161.png,stt2,page_0186,9,包,vào,包,GOLD,s1_inter_s2_direct,"[158, 1909, 279, 2053]",128,173,侟|入|冲|包|旦|桃|爫|瓢|皮|込|㼼|𠓨|𠬱|𠰎|𡰻|𣪉|𤕉|𤬟|𤬡|𤬢|𤬣|𤿌|𤿤|𥬖|󰏲|󰖓|󱚁|󱚢,28,True,𫴮,1.048,𫴮,1,True,𫴮,False,False,False,True,True,False,False,False,False
M1_0084,gold/stt2_page_0268_c06_109.png,stt2,page_0268,6,徳,đức,徳,GOLD,s1_inter_s2_direct,"[687, 1734, 785, 1855]",100,144,|𱐩|𱝮|徳|德|恴|悳|惪|㤫|㥀|㥁|䙷|𢛳|𢜖|𢠀|𢤊|𨗌|𨗤|𭲖|󰆙|󱉎,21,True,𠊚,0.676,𠊚,1,True,𠊚,False,False,False,True,True,False,False,False,False
M1_0085,gold/stt2_page_0220_c08_138.png,stt2,page_0220,8,欺,khi,欺,GOLD,s1_inter_s2_direct,"[365, 684, 474, 809]",116,154,倛|僛|吱|唭|娸|崎|徛|攲|敧|期|机|桤|榿|欹|欺|浪|猗|觭|諆|踦|陭|魌|㿲|𠔶|𡾵|𣣱|𤿯|𥀴|𨜅|緝|缉,31,True,𠊚,0.864,𠊚,1,True,𠊚,False,False,False,True,True,False,False,False,False
M1_0086,gold/stt2_page_0270_c07_140.png,stt2,page_0270,7,庫,khó,庫,GOLD,s1_inter_s2_direct,"[550, 1190, 651, 1306]",101,140,厙|庫|瘔|苦|讱|𠺟|𡿵|𣎏|𧁷|𧁹|󰅟|󰈶|󱠽,13,True,𠊚,0.712,𠊚,1,True,𠊚,False,False,False,True,True,False,False,False,False
M1_0087,gold/stt2_page_0086_c08_174.png,stt2,page_0086,8,襖,áo,襖,GOLD,s1_inter_s2_direct,"[395, 1873, 495, 1985]",121,133,|墺|奥|奧|媄|嶴|懊|拗|澳|燠|袄|袎|襖|鐭|镺|隩|靿|㤇|𡒃|𢂅|𢂊|𥜌|𩉷|𩼈|𪥌|𬡢|噢|敎|教|敩|斆|校|槊|窖|芺|薁|覺|觉|鉸|餃|饺|𨬊|𪳞,43,True,𠊚,0.687,𠊚,1,True,𠊚,False,False,False,True,True,False,False,False,False
M1_0088,gold/stt2_page_0160_c09_153.png,stt2,page_0160,9,寺,thì,寺,GOLD,s1_inter_s2_direct,"[190, 2160, 298, 2296]",132,168,𱢑|匙|埘|塒|寺|峕|常|提|时|旹|時|晨|曟|榯|氏|畤|秲|茄|莳|蒔|辰|鍉|鰣|鲥|㔭|㫑|㫭|㮛|䈕|䢈|𠨱|𠨷|𠩐|𠩟|𠱾|𡗶|𡺈|𡺞|𢁈|𣅱|𣈜|𥊘|𥫽|𦔌|𦱎|𦱗|𦸎|𨑃|𨑄|𨥌|𩶬|𪰛|𬀦|󰣡|󱞑|㖘,56,True,𫴮,1.025,𫴮,1,True,𫴮,False,False,False,True,True,False,False,False,False
M1_0089,gold/stt2_page_0064_c09_179.png,stt2,page_0064,9,垩,thánh,垩,GOLD,s1_inter_s2_direct,"[220, 2293, 318, 2411]",92,123,偺|咱|喒|圣|垩|堊|琞|聖|聽|請|㑑|㗂|䎴|𠄵|𡃑|𡉄|𡑺|𤦨|𤪈|𥅶|𦔻|𦕡|𧟿|𨉑|𨲉|𨲚|𨲢|𨲣|𨲿|𩫽|𬉊|呧|殍,33,True,𠊛,0.628,𠊛,1,True,𠊛,False,False,False,True,True,False,False,False,False
M1_0090,gold/stt2_page_0282_c01_010.png,stt2,page_0282,1,悲,bây,悲,GOLD,s1_inter_s2_direct,"[1428, 1496, 1533, 1613]",107,145,悲|拜|拝|碑|闭|𠎩|𠾦|𡴬|𢪙|𢫶|𢮠|𢰛|𢱭|𢳎|𢴽|𢷎|𢹄|𣊾|𣧙|𣬊|𣬓|𥓓|𨀪|𨀲|𪿨|󱢏|󱤚,27,True,𠊚,0.728,𠊚,1,True,𠊚,False,False,False,True,True,False,False,False,False
M1_0091,gold/stt2_page_0304_c05_079.png,stt2,page_0304,5,世,thế,世,GOLD,s1_inter_s2_direct,"[851, 550, 964, 676]",116,152,|𱐬|𱐭|世|丗|体|侙|切|剃|剔|势|勢|卋|埶|妻|屉|屜|屟|屧|惽|愍|慜|憫|揥|普|替|棣|殢|沏|泄|洟|涕|渫|漆|煠|矵|砌|磜|笹|緡|纖|薙|裼|貰|賊|贳|跩|达|鉘|髢|髰|鬀|鬄|㔟|㔺|㥸|㬱|㳿|㵩|䶏|𠀍|𠦔|𡲕|𢚢|𢞰|𣙝|𤽽|𤾕|𥐛|𧴹|𧶚|𨲙|𩮜|󰟨|󰡫|僣|僭|碶,78,True,𫴮,0.854,𫴮,1,True,𫴮,False,False,False,True,True,False,False,False,False
M1_0092,gold/stt2_page_0218_c03_053.png,stt2,page_0218,3,打,đánh,打,GOLD,s1_inter_s2_direct,"[1162, 2061, 1261, 2195]",120,158,停|打|碇|頂|𢱏|󱣹,6,True,𫴮,0.942,𫴮,1,True,𫴮,False,False,False,True,True,False,False,False,False
M1_0093,gold/stt2_page_0330_c04_061.png,stt2,page_0330,4,之,chi,之,GOLD,s1_inter_s2_direct,"[976, 634, 1081, 759]",97,155,𱍽|之|俧|卮|厎|吱|咨|嗞|巵|指|搘|支|枝|柢|栀|梔|榰|止|歧|氏|氐|疷|祇|祗|秪|絲|肢|胑|胝|脂|芝|衼|觶|跂|躓|郅|鄧|鳷|㞢|㩽|䟡|𠔇|𠦙|𠨬|𡳿|𡽒|𢺶|𣏃|𣏌|𦭩|𧹛|𨆋|𨈙|𨈛|𨈪|𩿨|汦|芰|鴟|鸱,60,True,𫴮,0.717,𫴮,1,True,𫴮,False,False,False,True,True,False,False,False,False
M1_0094,gold/stt2_page_0318_c07_125.png,stt2,page_0318,7,義,nghĩa,義,GOLD,s1_inter_s2_direct,"[551, 1280, 669, 1404]",111,151,|𱻊|义|儀|羛|義|解|誼|𠌾|󰒂,10,True,𠊚,0.795,𠊚,1,True,𠊚,False,False,False,True,True,False,False,False,False
M1_0095,gold/stt2_page_0138_c09_182.png,stt2,page_0138,9,仍,nhưng,仍,GOLD,s1_inter_s2_direct,"[241, 1319, 344, 1435]",111,139,仍|因|戎|扔|礽|陾|𢫨|󱙢|󱙣|󱼑|忍|鞥,12,True,𠊚,0.757,𠊚,1,True,𠊚,False,False,False,True,True,False,False,False,False
M1_0096,gold/stt2_page_0108_c07_117.png,stt2,page_0108,7,双,song,双,GOLD,s1_inter_s2_direct,"[558, 1712, 671, 1828]",133,133,双|囍|囪|囱|愯|摐|淙|滝|漴|牎|牕|窓|窗|窻|葱|蔥|衝|雙|㕠|㧐|㩳|㳥|䆫|䓗|䨇|䨥|𠂨|𠼾|𢅻|𢚱|𣙩|𣳔|𤗄|𤗉|𥦗|𥦾|𦯎|𦴜|𧁗|𧄐|𩀝|𩀱|𩆿|𩽧|𫁷|󰏻|󲘟,47,True,𫴮,0.717,𫴮,1,True,𫴮,False,False,False,True,True,False,False,False,False
M1_0097,gold/stt2_page_0076_c03_059.png,stt2,page_0076,3,割,cắt,割,GOLD,s1_inter_s2_direct,"[1109, 2027, 1214, 2146]",114,146,割|吉|戛|拮|揭|鴶|鶷|㓣|㓤|𠛛|𠛢|𠛷|𠟸|𢮌|𢵷|𧗶|𪁄|𪧱|𫥘|󱚛,20,True,𠊛,0.822,𠊛,1,True,𠊛,False,False,False,True,True,False,False,False,False
M1_0098,gold/stt2_page_0216_c03_053.png,stt2,page_0216,3,神,thần,神,GOLD,s1_inter_s2_direct,"[1166, 1909, 1266, 2028]",124,147,唇|娠|宸|晨|曟|漘|矧|神|脣|脤|臣|茞|親|辰|震|鷐|麎|㖘|㫳|䆣|䐇|䢈|䫃|䰠|𠔹|𠨱|𠨷|𠩐|𠩟|𠵧|𠸸|𢘑|𢘗|𣲼|𥙍|𥚞|𥛃|𥛠|𥜩|𦟢|𨑃|𨑄|𩕁|蜃,44,True,𠊚,0.862,𠊚,1,True,𠊚,False,False,False,True,True,False,False,False,False
M1_0099,gold/stt2_page_0164_c06_096.png,stt2,page_0164,6,特,được,特,GOLD,s1_inter_s2_direct,"[682, 1956, 794, 2096]",131,172,待|得|持|時|特|犆|㝵|㝶|䗂|䙷|䙸|𠊚|𠭁|𢔨|𢔶|𤙫|𤙰|𤛀|𥩳|𧴫|󱡓,21,True,𫴮,0.782,𫴮,1,True,𫴮,False,False,False,True,True,False,False,False,False
M1_0100,gold/stt2_page_0100_c02_045.png,stt2,page_0100,2,役,việc,役,GOLD,s1_inter_s2_direct,"[1288, 2338, 1393, 2450]",105,135,||𱥺|伇|役|沒|𠈧|𠈿|𭛣|󰒴|󰜄|󱮓,12,True,𠊚,0.501,𠊚,1,True,𠊚,False,False,False,True,True,False,False,False,False
M1_0101,gold/stt2_page_0172_c08_139.png,stt2,page_0172,8,曰,viết,曰,GOLD,s1_inter_s2_direct,"[366, 1241, 479, 1376]",129,163,別|曰,2,True,𫴮,0.690,𫴮,1,True,𫴮,False,False,False,True,True,False,False,False,False
M1_0102,gold/stt2_page_0128_c01_015.png,stt2,page_0128,1,麻,mà,麻,GOLD,s1_inter_s2_direct,"[1425, 1987, 1533, 2115]",117,157,|傌|嘛|女|痳|罵|菻|蔴|調|駡|高|麻|默|𢠩|𢳀|𣻕|𦋻|𦓡|𦲬|󱰷|󱰹,21,True,𫴮,0.582,𫴮,1,True,𫴮,False,False,False,True,True,False,False,False,False
M1_0103,gold/stt2_page_0222_c08_137.png,stt2,page_0222,8,憾,gớm,憾,GOLD,s1_inter_s2_direct,"[355, 808, 464, 945]",116,155,劍|劎|感|憾|𡃍|𡄎|𭌝,7,True,"Actually, the image shows a character that looks like """,0.669,,0,False,,False,False,False,False,True,False,True,False,True
M1_0104,gold/stt2_page_0162_c01_012.png,stt2,page_0162,1,兠,đâu,兠,GOLD,s1_inter_s2_direct,"[1456, 1708, 1566, 1832]",127,149,|||||𱏫|丟|丢|兜|兠|厾|叨|唗|篼|芇|蔸|銩|铥|頭|颩|饕|㿡|𠙧|𤾆|𤾇|𦄓|𦆘|𦋌|𨩁|𫤩|󰠲|󰠳|󰦓|凅,34,True,𫴮,0.578,𫴮,1,True,𫴮,False,False,False,True,True,False,False,False,False
M1_0105,gold/stt2_page_0200_c07_128.png,stt2,page_0200,7,扛,giăng,扛,GOLD,s1_inter_s2_direct,"[495, 1424, 592, 1550]",118,156,吲|張|扛|抗|拯|掆|揚|摃|江|綾|𢬥|𢭈|𢰌|𢴦|𣗵|𣲅|𤌋|𦝄|𪩮|󱢫|󱣺|󱫌,22,True,𫴮,0.578,𫴮,1,True,𫴮,False,False,False,True,True,False,False,False,False
M1_0106,gold/stt2_page_0120_c09_189.png,stt2,page_0120,9,黙,mặc,黙,GOLD,s1_inter_s2_direct,"[195, 2273, 304, 2401]",135,158,|万|冒|嘿|嚜|墨|帊|穆|纆|袙|運|默|黙|㱄|䘃|𢹇|𧞾|𩈘|𪐥|𪐩|𬉵|𬡶|󰍕|󰘚|󱀰,25,True,𫴮,0.686,𫴮,1,True,𫴮,False,False,False,True,True,False,False,False,False
M1_0107,gold/stt2_page_0190_c01_011.png,stt2,page_0190,1,眉,mày,眉,GOLD,s1_inter_s2_direct,"[1415, 1603, 1511, 1724]",85,149,眉|睂|睸|迈|𠃜|𠋥|𠪃|𠷯|𡮠|𣭒|𣮮|𥅉|𥅕|𥅦|𥅮|𥇮|𥻡|𪵟|𫃷|𫵇|󰜣|󰟎|󱩮|󱮪,24,True,𫴮,0.470,𫴮,1,True,𫴮,False,False,False,True,True,False,False,False,False
M1_0108,gold/stt2_page_0062_c07_138.png,stt2,page_0062,7,渇,khát,渇,GOLD,s1_inter_s2_direct,"[511, 1648, 644, 1776]",163,153,喝|嶱|愒|擖|渇|渴|竭|㵣|𣊅|𣊆|𣳔|𣹈|󰐩|虼,14,True,𫴮,0.741,𫴮,1,True,𫴮,False,False,False,True,True,False,False,False,False
M1_0109,gold/stt2_page_0156_c02_031.png,stt2,page_0156,2,吏,lại,吏,GOLD,s1_inter_s2_direct,"[1286, 1432, 1393, 1564]",127,151,使|來|俫|倈|勑|厉|厲|又|叓|右|叹|吏|嬾|尼|徕|徠|懒|懶|束|濑|瀨|瘌|癘|癞|癩|皮|籁|籟|耒|藾|襰|賚|賴|赉|赖|辣|頼|顂|類|㐌|㕝|㾢|䊪|𠘝|𠻇|𡯅|𢋷|𥛉|𧡽|𧶘|𧶛|𧷖|𩓃|𫣚|𬃻,55,True,𫴮,0.610,𫴮,1,True,𫴮,False,False,False,True,True,False,False,False,False
M1_0110,gold/stt2_page_0312_c01_018.png,stt2,page_0312,1,主,chúa,主,GOLD,s1_inter_s2_direct,"[1437, 2234, 1541, 2355]",94,146,主|炷,2,True,𫴮,0.511,𫴮,1,True,𫴮,False,False,False,True,True,False,False,False,False
M1_0111,gold/stt2_page_0212_c06_080.png,stt2,page_0212,6,寺,thì,寺,GOLD,s1_inter_s2_direct,"[693, 684, 799, 811]",119,156,𱢑|匙|埘|塒|寺|峕|常|提|时|旹|時|晨|曟|榯|氏|畤|秲|茄|莳|蒔|辰|鍉|鰣|鲥|㔭|㫑|㫭|㮛|䈕|䢈|𠨱|𠨷|𠩐|𠩟|𠱾|𡗶|𡺈|𡺞|𢁈|𣅱|𣈜|𥊘|𥫽|𦔌|𦱎|𦱗|𦸎|𨑃|𨑄|𨥌|𩶬|𪰛|𬀦|󰣡|󱞑|㖘,56,True,𠊚,0.584,𠊚,1,True,𠊚,False,False,False,True,True,False,False,False,False
M1_0112,gold/stt2_page_0014_c03_062.png,stt2,page_0014,3,意,ý,意,GOLD,s1_inter_s2_direct,"[1116, 2239, 1219, 2355]",110,142,亄|億|噫|悥|意|憶|懿|抑|曀|歖|薏|衣|鐿|镱|饐|鷧|鷾|㦉|㦤|㱅|𠶷|𡕆|𡤵|𡮕|𢡃|𢢶|𢤥|𦺳|𧘇|𩁈|󰀎|媿|季|悸|愧|歸|癔|癸|瞆|瞶|貴|贵|鯚,43,True,𫴮,0.648,𫴮,1,True,𫴮,False,False,False,True,True,False,False,False,False
M1_0113,gold/stt2_page_0130_c09_179.png,stt2,page_0130,9,魂,hồn,魂,GOLD,s1_inter_s2_direct,"[221, 862, 325, 984]",126,147,塊|愧|捆|楎|浑|混|渾|珲|琿|緷|諢|诨|隗|顐|餛|餫|馄|魂|魄|鼲|䊐|䰟|𠇌|𠺌|𧮘|𩲉|𭡏|󰄒,28,True,𠊚,0.926,𠊚,1,True,𠊚,False,False,False,True,True,False,False,False,False
M1_0114,gold/stt2_page_0060_c07_142.png,stt2,page_0060,7,衣,ấy,衣,GOLD,s1_inter_s2_direct,"[533, 1577, 634, 1689]",105,138,𱍸|乙|倚|噫|娎|帝|悥|意|憶|椅|衣|衤|𠂎|𠋣|𠶷|𢡃|𧘇|𪬫|𫢚|󰀎|󱦝|󱰁|啩|怪|掛|撌|癸|紙|𠶔|𢫞|𢯗|𥿗,32,True,𫴮,0.710,𫴮,1,True,𫴮,False,False,False,True,True,False,False,False,False
M1_0115,gold/stt2_page_0058_c04_079.png,stt2,page_0058,4,末,mất,末,GOLD,s1_inter_s2_direct,"[978, 1455, 1094, 1571]",142,142,堗|失|宊|宓|宻|密|末|秩|突|蔤|蜜|豒|䀄|𠅅|𠅍|𠅎|𠅐|𠅒|𠅼|𠖧|𠖪|𠫓|𠸂|𡊭|𡘮|𡙮|𡦾|𡧸|𡪖|𡶇|𢊭|𢛬|𢧤|𣔻|𤛬|𥤮|𥥛|𥥜|𦸞|𧉴|𧒧|𧓫|𧕵|𧖅|𧶡|𪶟|𬆞|𬇮,48,True,𠊚,0.986,𠊚,1,True,𠊚,False,False,False,True,True,False,False,False,False
M1_0116,gold/stt2_page_0250_c07_116.png,stt2,page_0250,7,朱,cho,朱,GOLD,s1_inter_s2_direct,"[570, 867, 678, 996]",107,159,|咮|埃|木|朱|株|沫|渚|濐|硃|陼|㵭,12,True,𠊚,0.897,𠊚,1,True,𠊚,False,False,False,True,True,False,False,False,False
M1_0117,gold/stt2_page_0256_c08_129.png,stt2,page_0256,8,役,việc,役,GOLD,s1_inter_s2_direct,"[383, 573, 501, 712]",124,158,||𱥺|伇|役|沒|𠈧|𠈿|𭛣|󰒴|󰜄|󱮓,12,True,𫴮,0.852,𫴮,1,True,𫴮,False,False,False,True,True,False,False,False,False
M1_0118,gold/stt2_page_0046_c06_113.png,stt2,page_0046,6,如,như,如,GOLD,s1_inter_s2_direct,"[686, 1133, 795, 1249]",122,141,伽|侞|如|娘|帤|洳|茄|茹|蕠|袽|銣|铷|鴽|䋈|𣹤|襦,16,True,𫴮,0.827,𫴮,1,True,𫴮,False,False,False,True,True,False,False,False,False
M1_0119,gold/stt2_page_0148_c08_158.png,stt2,page_0148,8,旦,đến,旦,GOLD,s1_inter_s2_direct,"[375, 1797, 484, 1922]",135,140,且|但|倎|典|彣|敟|旦|細|蛋|貝|㫜|䓦|𠔓|𠔩|𠔰|𢻅|𣅂|𥮏|𦤾|𦥃|𨀏,21,True,𠊚,0.788,𠊚,1,True,𠊚,False,False,False,True,True,False,False,False,False
M1_0120,gold/stt2_page_0080_c08_156.png,stt2,page_0080,8,道,đạo,道,GOLD,s1_inter_s2_direct,"[376, 2227, 485, 2343]",132,140,噵|导|導|敦|檤|盗|盜|稲|稻|纛|翿|衜|衟|蹈|道|醻|𠉭|𠐵|𠩼|𠪁|𡬹|𡭎|𡭑|𣜦|𤋆|𤑂|𥝔|𥶎|𧘄|𨂆|𨂻|𨔞|𨕥|𨖁|𨗓|𨗳|𨹇|𨹒|焘|燾,40,True,𠊚,0.876,𠊚,1,True,𠊚,False,False,False,True,True,False,False,False,False
M1_0121,gold/stt2_page_0082_c02_024.png,stt2,page_0082,2,浪,răng,浪,GOLD,s1_inter_s2_direct,"[1273, 662, 1383, 779]",131,145,|𲎩|凌|夌|浪|淩|齿|𦝄|𦢠|𪘵|𪤽|𫆢|𬹸|󰌻|󰛈|󱆋,16,True,𠊚,0.779,𠊚,1,True,𠊚,False,False,False,True,True,False,False,False,False
M1_0122,gold/stt2_page_0032_c09_183.png,stt2,page_0032,9,代,dạy,代,GOLD,s1_inter_s2_direct,"[210, 1403, 301, 1512]",99,135,|代|抴|拽|敎|教|曳|曵|㖂|𠰺|𠸕|𤕝|𦥙|󱙦,14,True,𠊚,0.757,𠊚,1,True,𠊚,False,False,False,True,True,False,False,False,False
M1_0123,gold/stt2_page_0048_c08_144.png,stt2,page_0048,8,之,gì,之,GOLD,s1_inter_s2_direct,"[380, 655, 479, 762]",110,131,𱍽|之|咦|夷|姨|洏|洟|為|芇|㞢|𠔇|𡳿|𫡛|𫩝|󰢔|󱙀,16,True,𫴮,0.689,𫴮,1,True,𫴮,False,False,False,True,True,False,False,False,False
M1_0124,gold/stt2_page_0272_c06_117.png,stt2,page_0272,6,於,ở,於,GOLD,s1_inter_s2_direct,"[710, 2119, 824, 2249]",118,156,唹|扵|於|正|烏|菸|默|𠾕|𣄒|𣱏|𤋬|𤕘|𫵦|󰛢|󱳍|過|𠵩|𡁎|𢷣|𧿨,20,True,𠊚,0.909,𠊚,1,True,𠊚,False,False,False,True,True,False,False,False,False
M1_0125,gold/stt2_page_0234_c07_137.png,stt2,page_0234,7,中,trong,中,GOLD,s1_inter_s2_direct,"[521, 2407, 637, 2530]",136,136,||中|仲|共|冲|塚|宫|宮|工|沖|滝|珕|瑇|番|盅|祌|衝|鐧|龍|㣉|𠁦|𠁧|𠁩|𠔈|𠔗|𠜝|𡖌|𡧲|𢀚|𢒄|𢒅|𤁘|𤄯|𥁵|𥪝|𥪞|𪚚|𫏽|𬈴|𬺘|𬺚|󰔲|󰜰|󰬆|󰮁|󰮂|󰮃|󱧪|󱰿|󱲍|󱲑,52,True,𫴮,0.819,𫴮,1,True,𫴮,False,False,False,True,True,False,False,False,False
M1_0126,gold/stt2_page_0232_c05_082.png,stt2,page_0232,5,悲,bấy,悲,GOLD,s1_inter_s2_direct,"[856, 961, 962, 1088]",104,147,卑|悲|曊|碑|罢|罷|貝|買|閇|閈|閉|闭|䠋|𠇍|𠐌|𠾚|𡭼|𡮁|𤰞|𥓓|𦋼|𧟽|𨳓|𨳯|𨳰|𨳲|𨵰|𪿨|󰋇|󰛠|󰭍|󱡋|󱤙|󱤣,34,True,𠊚,0.836,𠊚,1,True,𠊚,False,False,False,True,True,False,False,False,False
M1_0127,gold/stt2_page_0204_c03_054.png,stt2,page_0204,3,因,nhân,因,GOLD,s1_inter_s2_direct,"[1131, 2313, 1238, 2438]",124,155,人|亻|仁|儿|兒|凐|咽|囙|因|固|垔|堙|姻|婣|忈|忍|忎|我|歅|氤|洇|湮|潱|烟|禋|筃|紉|絪|緸|纫|胭|臙|茵|裀|諲|身|銦|铟|闉|陻|鞇|駰|骃|𠔽|𡰥|𣱜|𤯔|𦉫|𧹬|𩎪|鄄|韌,52,True,𠊛,0.833,𠊛,1,True,𠊛,False,False,False,True,True,False,False,False,False
M1_0128,gold/stt2_page_0050_c08_168.png,stt2,page_0050,8,垩,thánh,垩,GOLD,s1_inter_s2_direct,"[392, 1656, 501, 1757]",128,117,偺|咱|喒|圣|垩|堊|琞|聖|聽|請|㑑|㗂|䎴|𠄵|𡃑|𡉄|𡑺|𤦨|𤪈|𥅶|𦔻|𦕡|𧟿|𨉑|𨲉|𨲚|𨲢|𨲣|𨲿|𩫽|𬉊|呧|殍,33,True,ignou,0.755,,0,False,,False,False,False,False,True,False,True,False,True
M1_0129,gold/stt2_page_0094_c01_002.png,stt2,page_0094,1,命,mình,命,GOLD,s1_inter_s2_direct,"[1422, 630, 1541, 737]",147,130,命|明|春|珄|舍|𠇮|𠵴|𨉓|𨉟|󰇕|󰳁|󱝬,12,True,𠊛,0.899,𠊛,1,True,𠊛,False,False,False,True,True,False,False,False,False
M1_0130,gold/stt2_page_0034_c09_168.png,stt2,page_0034,9,重,chồng,重,GOLD,s1_inter_s2_direct,"[199, 460, 300, 570]",125,136,||夫|撞|緟|重|𠽚|𡍴|𡍺|𡒀|𡔅|𡔌|𥔧|𦌋|𧝎|𨤣|𨤯|𨤶|𫯰|𫯳|󰣆,21,True,𫴮,0.795,𫴮,1,True,𫴮,False,False,False,True,True,False,False,False,False
M1_0131,gold/stt2_page_0324_c02_028.png,stt2,page_0324,2,欣,hơn,欣,GOLD,s1_inter_s2_direct,"[1299, 1047, 1405, 1172]",104,155,俽|忻|惞|欣|訢|軒|餘|䜣|𪡗,9,True,𫴮,0.842,𫴮,1,True,𫴮,False,False,False,True,True,False,False,False,False
M1_0132,gold/stt2_page_0214_c06_118.png,stt2,page_0214,6,生,sinh,生,GOLD,s1_inter_s2_direct,"[710, 1758, 814, 1870]",98,138,坐|性|湦|牲|狌|狡|生|甥|笙|虛|鉎|鼪|㺒|㽒|䲼|𠤵|𠥱|𤟋|𤯓|𤯛|𤯳|𥑥|瞠,23,True,𫴮,0.677,𫴮,1,True,𫴮,False,False,False,True,True,False,False,False,False
M1_0133,gold/stt2_page_0180_c07_116.png,stt2,page_0180,7,塊,khỏi,塊,GOLD,s1_inter_s2_direct,"[507, 687, 616, 817]",117,154,|塊|瑰,3,True,𠊚,0.914,𠊚,1,True,𠊚,False,False,False,True,True,False,False,False,False
M1_0134,gold/stt2_page_0290_c02_027.png,stt2,page_0290,2,事,sự,事,GOLD,s1_inter_s2_direct,"[1258, 1298, 1371, 1425]",104,157,亊|事|剚|叓|殖|耡|锄|麆|㕝|𠁱|𠫺|𠭆|𠭏|𤔇|筛|篩,16,True,𠊚,0.770,𠊚,1,True,𠊚,False,False,False,True,True,False,False,False,False
M1_0135,gold/stt2_page_0126_c09_180.png,stt2,page_0126,9,寺,thì,寺,GOLD,s1_inter_s2_direct,"[245, 1054, 346, 1163]",108,131,𱢑|匙|埘|塒|寺|峕|常|提|时|旹|時|晨|曟|榯|氏|畤|秲|茄|莳|蒔|辰|鍉|鰣|鲥|㔭|㫑|㫭|㮛|䈕|䢈|𠨱|𠨷|𠩐|𠩟|𠱾|𡗶|𡺈|𡺞|𢁈|𣅱|𣈜|𥊘|𥫽|𦔌|𦱎|𦱗|𦸎|𨑃|𨑄|𨥌|𩶬|𪰛|𬀦|󰣡|󱞑|㖘,56,True,𫴮,0.749,𫴮,1,True,𫴮,False,False,False,True,True,False,False,False,False
M1_0136,gold/stt2_page_0096_c06_131.png,stt2,page_0096,6,共,cùng,共,GOLD,s1_inter_s2_direct,"[679, 1895, 783, 2004]",91,132,供|共|其|塘|廾|弯|強|拱|拲|珙|穷|穹|窮|竆|藭|蛩|蛬|邛|䓖|䠻|𠔏|𡀳|𡃕|𥧺|𥨪|𦱹|𧅉|𧅓|𧉨|𧊡|𧊮|𧋄|𧋯|𧋳|𧌪|𧎦|𧏒|𨉺|𩇿|󰠃|棩|筇|跫|銎,44,True,𠊛,0.568,𠊛,1,True,𠊛,False,False,False,True,True,False,False,False,False
M1_0137,gold/stt2_page_0294_c04_061.png,stt2,page_0294,4,恩,ơn,恩,GOLD,s1_inter_s2_direct,"[973, 481, 1076, 591]",102,128,恩|摁|㤙,3,True,𠊛,0.711,𠊛,1,True,𠊛,False,False,False,True,True,False,False,False,False
M1_0138,gold/stt2_page_0242_c06_105.png,stt2,page_0242,6,几,kẻ,几,GOLD,s1_inter_s2_direct,"[704, 2095, 815, 2226]",114,161,丗|仉|几|凡|古|峜|幾|掌|易|矯|計|𠀃|𠆰|𠏠|𠖠|𡇣|𧨻|𨤔|󰢿,19,True,𫴮,0.821,𫴮,1,True,𫴮,False,False,False,True,True,False,False,False,False
M1_0139,gold/stt2_page_0150_c07_136.png,stt2,page_0150,7,特,được,特,GOLD,s1_inter_s2_direct,"[529, 1537, 636, 1659]",103,150,待|得|持|時|特|犆|㝵|㝶|䗂|䙷|䙸|𠊚|𠭁|𢔨|𢔶|𤙫|𤙰|𤛀|𥩳|𧴫|󱡓,21,True,𫴮,0.873,𫴮,1,True,𫴮,False,False,False,True,True,False,False,False,False
M1_0140,gold/stt2_page_0104_c01_018.png,stt2,page_0104,1,命,mình,命,GOLD,s1_inter_s2_direct,"[1427, 2163, 1539, 2284]",138,149,命|明|春|珄|舍|𠇮|𠵴|𨉓|𨉟|󰇕|󰳁|󱝬,12,True,𠊚,0.852,𠊚,1,True,𠊚,False,False,False,True,True,False,False,False,False
M1_0141,gold/stt2_page_0226_c06_111.png,stt2,page_0226,6,仍,những,仍,GOLD,s1_inter_s2_direct,"[712, 1675, 815, 1800]",127,148,仍|仙|忍|韌|㣼|𠯹|󱙣|氄,8,True,𫴮,0.900,𫴮,1,True,𫴮,False,False,False,True,True,False,False,False,False
M1_0142,gold/stt2_page_0022_c05_091.png,stt2,page_0022,5,碎,tôi,碎,GOLD,s1_inter_s2_direct,"[822, 1086, 931, 1206]",134,145,倅|晬|淬|焠|熣|的|睟|砕|碎|㳃|𠗚|𣅢|𤏣|𤭢|𪝬|𫇈|𫬮,17,True,𫴮,0.833,𫴮,1,True,𫴮,False,False,False,True,True,False,False,False,False
M1_0143,gold/stt2_page_0042_c09_177.png,stt2,page_0042,9,其,kia,其,GOLD,s1_inter_s2_direct,"[224, 1004, 329, 1116]",121,135,其|箕|㠱|䇧|𠀠|𠀮|𠔋|𠔐|𠔛|𠔝|𠚙|𠥊|𠥩|𠴩|𠵶|𠷛|𡿸|𢌰|𤞻|𥫚|𥫶|𦋊|󰄪|󱡍|󱪪,25,True,𫴮,0.841,𫴮,1,True,𫴮,False,False,False,True,True,False,False,False,False
M1_0144,gold/stt2_page_0266_c04_072.png,stt2,page_0266,4,些,ta,些,GOLD,s1_inter_s2_direct,"[991, 2094, 1097, 2223]",89,159,些|仨|低|偺|傞|呰|咱|喒|嗟|埃|娑|差|挱|挲|昝|爹|獻|瘥|糌|罝|莎|莏|虘|謝|酇|醝|髿|鹺|鹾|㑑|㱔|䦈|𠺜|𡭟|𡭶|𢧲|𢬣|𣩈|𤻸|𦏱|𧨁|𧪘|𧪰|𧫯|𧬑|𨣩|𨲠|𨲻|𪉤|𪉬|𪉵|𪊁|𪊈|󱙐|嵯,55,True,𫴮,0.744,𫴮,1,True,𫴮,False,False,False,True,True,False,False,False,False
M1_0145,gold/stt2_page_0262_c03_045.png,stt2,page_0262,3,連,lên,連,GOLD,s1_inter_s2_direct,"[1123, 1180, 1234, 1308]",121,114,年|瑨|苓|蓮|連|𢧚|𨑗|𨕭|𨖲|𫧧|𬨠|𬨺|󰁯|󰓁,14,True,答案：桅,0.746,答案桅,3,False,答,False,False,False,True,True,False,False,True,False
M1_0146,gold/stt2_page_0258_c03_047.png,stt2,page_0258,3,下,hạ,下,GOLD,s1_inter_s2_direct,"[1138, 1434, 1247, 1567]",119,163,丅|下|仮|假|厦|叚|吓|唬|啊|嗄|噎|复|夏|廈|暇|煆|芐|荷|賀|贺|鍜|𠁒|𠄟|𠩴|𠷚|𢇗|𢌂|𢌉|𣣺|𤹉|吇|罅|葭,33,True,𫴮,0.974,𫴮,1,True,𫴮,False,False,False,True,True,False,False,False,False
M1_0147,gold/stt2_page_0196_c02_015.png,stt2,page_0196,2,旦,đến,旦,GOLD,s1_inter_s2_direct,"[1266, 1340, 1397, 1470]",141,156,且|但|倎|典|彣|敟|旦|細|蛋|貝|㫜|䓦|𠔓|𠔩|𠔰|𢻅|𣅂|𥮏|𦤾|𦥃|𨀏,21,True,𫴮,0.944,𫴮,1,True,𫴮,False,False,False,True,True,False,False,False,False
M1_0148,gold/stt2_page_0184_c06_094.png,stt2,page_0184,6,支,giê,支,GOLD,s1_inter_s2_direct,"[719, 782, 828, 907]",127,155,搘|支|枝|梔|肢|𠦙|𡽒|𢺶|𣏃,9,True,𠊚,0.974,𠊚,1,True,𠊚,False,False,False,True,True,False,False,False,False
M1_0149,gold/stt2_page_0202_c07_116.png,stt2,page_0202,7,語,ngỡ,語,GOLD,s1_inter_s2_direct,"[548, 498, 662, 621]",140,139,午|肦|語|𡂂|𢠇|𢣸|𪟽|󰎡,8,True,𠊚,0.809,𠊚,1,True,𠊚,False,False,False,True,True,False,False,False,False
M1_0150,gold/stt2_page_0300_c09_169.png,stt2,page_0300,9,連,liên,連,GOLD,s1_inter_s2_direct,"[259, 2170, 370, 2300]",99,160,嗹|噒|忴|怜|憐|梿|槤|涟|漣|瀾|璉|联|聨|聫|聮|聯|苓|莲|蓮|裢|褳|謰|连|連|鍊|鏈|链|鰱|鲢|㜕|㥕|㦭|䃛|䏈|𢣶|𦕱|𦖹|𦘈|𧐖|𨘑|𩽴|󱫻,42,True,𫴮,0.834,𫴮,1,True,𫴮,False,False,False,True,True,False,False,False,False
M1_0151,gold/stt2_page_0326_c05_087.png,stt2,page_0326,5,朱,cho,朱,GOLD,s1_inter_s2_direct,"[821, 1186, 937, 1314]",134,157,|咮|埃|木|朱|株|沫|渚|濐|硃|陼|㵭,12,True,𠊚,0.961,𠊚,1,True,𠊚,False,False,False,True,True,False,False,False,False
M1_0152,gold/stt2_page_0068_c09_178.png,stt2,page_0068,9,命,mình,命,GOLD,s1_inter_s2_direct,"[240, 1496, 329, 1605]",109,135,命|明|春|珄|舍|𠇮|𠵴|𨉓|𨉟|󰇕|󰳁|󱝬,12,True,𫴮,0.731,𫴮,1,True,𫴮,False,False,False,True,True,False,False,False,False
M1_0153,gold/stt2_page_0044_c04_066.png,stt2,page_0044,4,悲,bấy,悲,GOLD,s1_inter_s2_direct,"[960, 836, 1062, 946]",122,131,卑|悲|曊|碑|罢|罷|貝|買|閇|閈|閉|闭|䠋|𠇍|𠐌|𠾚|𡭼|𡮁|𤰞|𥓓|𦋼|𧟽|𨳓|𨳯|𨳰|𨳲|𨵰|𪿨|󰋇|󰛠|󰭍|󱡋|󱤙|󱤣,34,True,𫴮,0.788,𫴮,1,True,𫴮,False,False,False,True,True,False,False,False,False
M1_0154,gold/stt2_page_0112_c08_167.png,stt2,page_0112,8,朱,cho,朱,GOLD,s1_inter_s2_direct,"[381, 2231, 478, 2341]",98,122,|咮|埃|木|朱|株|沫|渚|濐|硃|陼|㵭,12,True,𠊚,0.638,𠊚,1,True,𠊚,False,False,False,True,True,False,False,False,False
M1_0155,gold/stt2_page_0310_c03_057.png,stt2,page_0310,3,㝵,người,㝵,GOLD,s1_inter_s2_direct,"[1142, 2187, 1253, 2313]",105,149,仉|倘|儻|勜|匕|命|圤|徜|昆|皚|躺|辞|㝵|𠊚|𠊛|𣈗|𣈜|𤽗|𫴮|󱫱,20,True,𫴮,0.814,𫴮,1,True,𫴮,True,True,False,True,True,False,False,False,False
M1_0156,gold/stt2_page_0280_c06_128.png,stt2,page_0280,6,女,nữa,女,GOLD,s1_inter_s2_direct,"[694, 2353, 806, 2471]",133,136,女|姅|汝|𠯆|𡛤,5,True,𠊚,0.799,𠊚,1,True,𠊚,False,False,False,True,True,False,False,False,False
M1_0157,gold/stt2_page_0090_c05_079.png,stt2,page_0090,5,於,ở,於,GOLD,s1_inter_s2_direct,"[812, 645, 921, 753]",116,132,唹|扵|於|正|烏|菸|默|𠾕|𣄒|𣱏|𤋬|𤕘|𫵦|󰛢|󱳍|過|𠵩|𡁎|𢷣|𧿨,20,True,𠊛,0.762,𠊛,1,True,𠊛,False,False,False,True,True,False,False,False,False
M1_0158,gold/stt2_page_0124_c02_022.png,stt2,page_0124,2,朱,cho,朱,GOLD,s1_inter_s2_direct,"[1284, 630, 1394, 739]",112,134,|咮|埃|木|朱|株|沫|渚|濐|硃|陼|㵭,12,True,𫴮,0.723,𫴮,1,True,𫴮,False,False,False,True,True,False,False,False,False
M1_0159,gold/stt2_page_0264_c01_018.png,stt2,page_0264,1,共,cùng,共,GOLD,s1_inter_s2_direct,"[1431, 2304, 1545, 2424]",129,145,供|共|其|塘|廾|弯|強|拱|拲|珙|穷|穹|窮|竆|藭|蛩|蛬|邛|䓖|䠻|𠔏|𡀳|𡃕|𥧺|𥨪|𦱹|𧅉|𧅓|𧉨|𧊡|𧊮|𧋄|𧋯|𧋳|𧌪|𧎦|𧏒|𨉺|𩇿|󰠃|棩|筇|跫|銎,44,True,𫴮,0.921,𫴮,1,True,𫴮,False,False,False,True,True,False,False,False,False
M1_0160,gold/stt2_page_0252_c08_130.png,stt2,page_0252,8,也,đã,也,GOLD,s1_inter_s2_direct,"[386, 2057, 496, 2193]",107,153,乑|也|卒|吏|吔|它|拖|易|胣|諸|陀|㐌|𠰹|𢒕|𣦁|𧭷,16,True,𫴮,0.780,𫴮,1,True,𫴮,False,False,False,True,True,False,False,False,False
M1_0161,gold/stt2_page_0308_c01_002.png,stt2,page_0308,1,年,sao,年,GOLD,s1_inter_s2_direct,"[1436, 688, 1543, 810]",81,150,之|削|劋|吵|哰|墝|年|弰|抄|挱|捎|揱|搞|摮|摷|敲|旓|杪|梢|槱|橚|毃|澃|炒|焣|焼|煼|燒|牢|硗|秒|稍|窂|笽|筲|箾|簫|耖|艄|萷|蕱|蛸|訬|鈔|钞|鞘|鞩|韒|髾|鮹|㪣|㶤|㶮|㷅|䅺|䈰|䔠|䯨|𡕘|𡘠|𡢐|𡫡|𢐨|𢐺|𢭂|𢷀|𢻤|𢾐|𢿣|𢿲|𣇟|𣋀|𣒲|𣫁|𤈓|𤈗|𤈨|𤊛|𤊝|𤌉|𤌖|𤌝|𤌸|𤌽|𤑡|𤑵|𤘰|𤚧|𤿨|𥤎|𥥑|𥳓|𧄣|𧺩|𩫈|𩰸|𩱂|𩱈|𩱦|𪱊|𫰴|𫳵|𬁖|󱙬|剿,105,True,𠊛,0.776,𠊛,1,True,𠊛,False,False,False,True,True,False,False,False,False
M1_0162,gold/stt2_page_0132_c09_170.png,stt2,page_0132,9,特,được,特,GOLD,s1_inter_s2_direct,"[196, 1376, 298, 1496]",104,141,待|得|持|時|特|犆|㝵|㝶|䗂|䙷|䙸|𠊚|𠭁|𢔨|𢔶|𤙫|𤙰|𤛀|𥩳|𧴫|󱡓,21,True,𫴮,0.704,𫴮,1,True,𫴮,False,False,False,True,True,False,False,False,False
M1_0163,gold/stt2_page_0072_c05_086.png,stt2,page_0072,5,時,ngày,時,GOLD,s1_inter_s2_direct,"[802, 1816, 907, 1937]",113,149,ヌ||匕|又|挧|時|㝵|𣈗|𣈜|𣦍|𬏝,11,True,𠊚,0.880,𠊚,1,True,𠊚,False,False,False,True,True,False,False,False,False
M1_0164,gold/stt2_page_0140_c08_147.png,stt2,page_0140,8,之,gì,之,GOLD,s1_inter_s2_direct,"[356, 2324, 458, 2440]",126,140,𱍽|之|咦|夷|姨|洏|洟|為|芇|㞢|𠔇|𡳿|𫡛|𫩝|󰢔|󱙀,16,True,𠊚,0.787,𠊚,1,True,𠊚,False,False,False,True,True,False,False,False,False
M1_0165,gold/stt2_page_0066_c06_118.png,stt2,page_0066,6,浪,rằng,浪,GOLD,s1_inter_s2_direct,"[687, 1548, 801, 1670]",133,140,哏|哴|喨|坺|娘|払|浪|㖫|𠳒|𠺘|𤎔|𪘵,12,True,𫴮,0.922,𫴮,1,True,𫴮,False,False,False,True,True,False,False,False,False
M1_0166,gold/stt2_page_0036_c06_106.png,stt2,page_0036,6,麻,mà,麻,GOLD,s1_inter_s2_direct,"[655, 2027, 778, 2145]",143,145,|傌|嘛|女|痳|罵|菻|蔴|調|駡|高|麻|默|𢠩|𢳀|𣻕|𦋻|𦓡|𦲬|󱰷|󱰹,21,True,𫴮,0.986,𫴮,1,True,𫴮,False,False,False,True,True,False,False,False,False
M1_0167,gold/stt2_page_0078_c02_033.png,stt2,page_0078,2,别,biết,别,GOLD,s1_inter_s2_direct,"[1321, 1628, 1425, 1740]",103,138,|別|别|咇|彆|憋|捌|撆|柲|瘪|癟|虌|蟞|襒|蹩|鱉|鳖|鼈|龞|㿜|䠥|𠔁|𠛰|𠮠|𤻋|𪔀|𪿍|󱤞|󱩲|拐,30,True,𠊚,0.687,𠊚,1,True,𠊚,False,False,False,True,True,False,False,False,False
M1_0168,gold/stt2_page_0114_c04_068.png,stt2,page_0114,4,代,đời,代,GOLD,s1_inter_s2_direct,"[986, 930, 1091, 1040]",116,133,世|代|匕|圅|𠁀|𫢫|󱏙,7,True,𠊚,0.767,𠊚,1,True,𠊚,False,False,False,True,True,False,False,False,False
M1_0169,gold/stt2_page_0170_c07_132.png,stt2,page_0170,7,星,tinh,星,GOLD,s1_inter_s2_direct,"[514, 2275, 633, 2408]",108,156,並|併|婧|并|幷|忪|惺|旌|旍|星|晟|晴|晶|曐|桯|楹|狌|猩|皨|睛|竝|竮|箐|精|胜|腥|菁|蜻|醒|騂|骍|鮏|鯹|鼱|㽮|䊒|𠀤|𠻖|𢆙|𢜫|𣃠|𣃢|𣄀|𣅨|𣇵|𤯢|𤽛|𤾪|𥩵|𦎬|𦑊|𦑖|𦜳|𦲵|𧚫|𩤵|󰒁|箵|鶄,59,True,𠊚,0.769,𠊚,1,True,𠊚,False,False,False,True,True,False,False,False,False
M1_0170,gold/stt2_page_0052_c02_023.png,stt2,page_0052,2,曰,viết,曰,GOLD,s1_inter_s2_direct,"[1259, 650, 1366, 762]",123,138,別|曰,2,True,"Actually, the image shows ""仄"" and """,1.032,仄,1,True,仄,False,False,False,True,True,False,True,False,False
M1_0171,gold/stt2_page_0166_c07_112.png,stt2,page_0166,7,曳,dái,曳,GOLD,s1_inter_s2_direct,"[538, 686, 647, 821]",135,166,悈|戒|抴|拽|曳|曵|𠰺|𢘽|𤲼|𦥙|󱤮|󱤯,12,True,𫴮,1.065,𫴮,1,True,𫴮,False,False,False,True,True,False,False,False,False
M1_0172,gold/stt2_page_0328_c08_151.png,stt2,page_0328,8,奴,nó,奴,GOLD,s1_inter_s2_direct,"[416, 2216, 535, 2341]",127,149,伮|佊|努|呶|奴|怒,6,True,𫴮,0.773,𫴮,1,True,𫴮,False,False,False,True,True,False,False,False,False
M1_0173,gold/stt2_page_0174_c03_061.png,stt2,page_0174,3,吏,lại,吏,GOLD,s1_inter_s2_direct,"[1146, 2313, 1248, 2427]",104,140,使|來|俫|倈|勑|厉|厲|又|叓|右|叹|吏|嬾|尼|徕|徠|懒|懶|束|濑|瀨|瘌|癘|癞|癩|皮|籁|籟|耒|藾|襰|賚|賴|赉|赖|辣|頼|顂|類|㐌|㕝|㾢|䊪|𠘝|𠻇|𡯅|𢋷|𥛉|𧡽|𧶘|𧶛|𧷖|𩓃|𫣚|𬃻,55,True,𫴮,0.760,𫴮,1,True,𫴮,False,False,False,True,True,False,False,False,False
M1_0174,gold/stt2_page_0092_c08_176.png,stt2,page_0092,8,吏,lại,吏,GOLD,s1_inter_s2_direct,"[370, 1670, 481, 1772]",122,126,使|來|俫|倈|勑|厉|厲|又|叓|右|叹|吏|嬾|尼|徕|徠|懒|懶|束|濑|瀨|瘌|癘|癞|癩|皮|籁|籟|耒|藾|襰|賚|賴|赉|赖|辣|頼|顂|類|㐌|㕝|㾢|䊪|𠘝|𠻇|𡯅|𢋷|𥛉|𧡽|𧶘|𧶛|𧷖|𩓃|𫣚|𬃻,55,True,𫴮,0.753,𫴮,1,True,𫴮,False,False,False,True,True,False,False,False,False
M1_0175,gold/stt2_page_0084_c06_115.png,stt2,page_0084,6,代,dạy,代,GOLD,s1_inter_s2_direct,"[679, 1130, 781, 1240]",96,136,|代|抴|拽|敎|教|曳|曵|㖂|𠰺|𠸕|𤕝|𦥙|󱙦,14,True,𫴮,0.743,𫴮,1,True,𫴮,False,False,False,True,True,False,False,False,False
M1_0176,gold/stt2_page_0236_c07_127.png,stt2,page_0236,7,体,thấy,体,GOLD,s1_inter_s2_direct,"[534, 1935, 641, 2055]",106,148,||体|獕|笨|躰|軆|透|骵|體|𧡊|𨉥|𨉦|𩪆|𫌠,15,True,𫴮,0.744,𫴮,1,True,𫴮,False,False,False,True,True,False,False,False,False
M1_0177,gold/stt2_page_0322_c03_042.png,stt2,page_0322,3,自,từ,自,GOLD,s1_inter_s2_direct,"[1138, 758, 1243, 879]",85,142,俆|兹|司|徐|慈|珁|瓷|甆|皮|磁|礠|祀|祠|粢|糍|自|茨|茲|詞|词|辝|辞|辤|辭|邪|鉏|鷀|鹚|㤵|䛐|䧻|𠊛|𤔧|𤔲|𤮀|𥃭|𥔵|𦈱|𦣹|𦣼|𦧦|𧥝|𨈻|𨐕|𨐲|𨑦|𨾱|𩉋|𩐍|呲|薋|酴,52,True,𠊚,0.726,𠊚,1,True,𠊚,False,False,False,True,True,False,False,False,False
M1_0178,gold/stt2_page_0276_c03_037.png,stt2,page_0276,3,几,kẻ,几,GOLD,s1_inter_s2_direct,"[1738, 680, 1860, 818]",114,163,丗|仉|几|凡|古|峜|幾|掌|易|矯|計|𠀃|𠆰|𠏠|𠖠|𡇣|𧨻|𨤔|󰢿,19,True,𠊛,0.846,𠊛,1,True,𠊛,False,False,False,True,True,False,False,False,False
M1_0179,gold/stt2_page_0284_c03_040.png,stt2,page_0284,3,古,của,古,GOLD,s1_inter_s2_direct,"[1135, 541, 1246, 674]",95,149,古|咕|晫|䀡|𧵑|𧶮|𨷯|𫔳,8,True,𫴮,0.804,𫴮,1,True,𫴮,False,False,False,True,True,False,False,False,False
M1_0180,gold/stt2_page_0246_c02_033.png,stt2,page_0246,2,㝵,người,㝵,GOLD,s1_inter_s2_direct,"[1285, 1717, 1397, 1838]",122,149,仉|倘|儻|勜|匕|命|圤|徜|昆|皚|躺|辞|㝵|𠊚|𠊛|𣈗|𣈜|𤽗|𫴮|󱫱,20,True,𫴮,0.780,𫴮,1,True,𫴮,True,True,False,True,True,False,False,False,False
M1_0181,gold/stt2_page_0016_c01_012.png,stt2,page_0016,1,迈,mươi,迈,GOLD,s1_inter_s2_direct,"[1412, 1528, 1522, 1638]",110,132,|辻|迈|邁|𠦩|𠦳|𨑮|𨒒|𪜚|𫡭|󰁰|󱜜|󱞥,13,True,𠊚,0.757,𠊚,1,True,𠊚,False,False,False,True,True,False,False,False,False
M1_0182,gold/stt2_page_0110_c03_043.png,stt2,page_0110,3,執,chấp,執,GOLD,s1_inter_s2_direct,"[1136, 872, 1242, 994]",130,150,卄|執|廿|慹|执|汁|秇|縶|蛰|褶|襵|馽|㡇|𠌷|𠽃|𡘺|𡙕|𢄭|𢦕|𢩾|𢴇|𤎒|𥝡|𧚻|𨄴|𪠺|𫌇|󰠑|廾|絷,30,True,𫴮,0.824,𫴮,1,True,𫴮,False,False,False,True,True,False,False,False,False
M1_0183,gold/stt2_page_0176_c06_109.png,stt2,page_0176,6,㝵,người,㝵,GOLD,s1_inter_s2_direct,"[663, 2188, 774, 2315]",128,141,仉|倘|儻|勜|匕|命|圤|徜|昆|皚|躺|辞|㝵|𠊚|𠊛|𣈗|𣈜|𤽗|𫴮|󱫱,20,True,𠊚,0.879,𠊚,1,True,𠊚,True,True,False,True,True,False,False,False,False
M1_0184,gold/stt2_page_0306_c02_021.png,stt2,page_0306,2,德,đức,德,GOLD,s1_inter_s2_direct,"[1285, 670, 1390, 787]",81,145,|𱐩|𱝮|徳|德|恴|悳|惪|㤫|㥀|㥁|䙷|𢛳|𢜖|𢠀|𢤊|𨗌|𨗤|𭲖|󰆙|󱉎,21,True,𠊛,0.584,𠊛,1,True,𠊛,False,False,False,True,True,False,False,False,False
M1_0185,gold/stt2_page_0146_c09_158.png,stt2,page_0146,9,奴,nó,奴,GOLD,s1_inter_s2_direct,"[243, 2091, 345, 2200]",126,135,伮|佊|努|呶|奴|怒,6,True,𠊚,0.870,𠊚,1,True,𠊚,False,False,False,True,True,False,False,False,False
M1_0186,gold/stt2_page_0316_c03_039.png,stt2,page_0316,3,也,đã,也,GOLD,s1_inter_s2_direct,"[1166, 468, 1273, 586]",91,125,乑|也|卒|吏|吔|它|拖|易|胣|諸|陀|㐌|𠰹|𢒕|𣦁|𧭷,16,True,𫴮,0.588,𫴮,1,True,𫴮,False,False,False,True,True,False,False,False,False
M1_0187,gold/stt2_page_0020_c03_042.png,stt2,page_0020,3,獅,sư,獅,GOLD,s1_inter_s2_direct,"[1102, 469, 1222, 587]",148,146,司|师|師|捈|摅|摢|摴|攄|樗|溮|狮|獅|筛|篩|簁|簛|籭|綀|蒒|蛳|螄|雎|魳|鰤|𠦵|𠵀|𢂖|𢃋|𤜳|𤞏|𧋬|𧏍|𨸲|𨸴|𩇱|𪝜|攎|浉,38,True,𠊚,1.001,𠊚,1,True,𠊚,False,False,False,True,True,False,False,False,False
M1_0188,gold/stt2_page_0106_c05_093.png,stt2,page_0106,5,代,dạy,代,GOLD,s1_inter_s2_direct,"[837, 2123, 947, 2242]",134,147,|代|抴|拽|敎|教|曳|曵|㖂|𠰺|𠸕|𤕝|𦥙|󱙦,14,True,𫴮,0.827,𫴮,1,True,𫴮,False,False,False,True,True,False,False,False,False
M1_0189,gold/stt2_page_0314_c07_140.png,stt2,page_0314,7,時,thì,時,GOLD,s1_inter_s2_direct,"[556, 2212, 666, 2331]",107,147,𱢑|匙|埘|塒|寺|峕|常|提|时|旹|時|晨|曟|榯|氏|畤|秲|茄|莳|蒔|辰|鍉|鰣|鲥|㔭|㫑|㫭|㮛|䈕|䢈|𠨱|𠨷|𠩐|𠩟|𠱾|𡗶|𡺈|𡺞|𢁈|𣅱|𣈜|𥊘|𥫽|𦔌|𦱎|𦱗|𦸎|𨑃|𨑄|𨥌|𩶬|𪰛|𬀦|󰣡|󱞑|㖘,56,True,𠊚,0.832,𠊚,1,True,𠊚,False,False,False,True,True,False,False,False,False
M1_0190,gold/stt2_page_0152_c03_047.png,stt2,page_0152,3,仍,những,仍,GOLD,s1_inter_s2_direct,"[1135, 872, 1243, 995]",112,151,仍|仙|忍|韌|㣼|𠯹|󱙣|氄,8,True,𫴮,0.798,𫴮,1,True,𫴮,False,False,False,True,True,False,False,False,False
M1_0191,gold/stt2_page_0178_c02_032.png,stt2,page_0178,2,悲,bấy,悲,GOLD,s1_inter_s2_direct,"[1289, 1945, 1391, 2080]",116,164,卑|悲|曊|碑|罢|罷|貝|買|閇|閈|閉|闭|䠋|𠇍|𠐌|𠾚|𡭼|𡮁|𤰞|𥓓|𦋼|𧟽|𨳓|𨳯|𨳰|𨳲|𨵰|𪿨|󰋇|󰛠|󰭍|󱡋|󱤙|󱤣,34,True,𫴮,0.928,𫴮,1,True,𫴮,False,False,False,True,True,False,False,False,False
M1_0192,gold/stt2_page_0074_c06_110.png,stt2,page_0074,6,主,chúa,主,GOLD,s1_inter_s2_direct,"[672, 1041, 779, 1157]",122,142,主|炷,2,True,𠊚,0.889,𠊚,1,True,𠊚,False,False,False,True,True,False,False,False,False
M1_0193,gold/stt2_page_0018_c04_076.png,stt2,page_0018,4,渚,chớ,渚,GOLD,s1_inter_s2_direct,"[975, 1441, 1080, 1555]",100,126,|咀|啫|渚|濐|籒|著|陼|㵭|䐗|𠤆|𠤌|𠹲|𣜾|𤀞|𤈪|著|󱉟|󱧥,19,True,𠊚,0.664,𠊚,1,True,𠊚,False,False,False,True,True,False,False,False,False
M1_0194,gold/stt2_page_0238_c04_061.png,stt2,page_0238,4,軍,quân,軍,GOLD,s1_inter_s2_direct,"[999, 808, 1104, 934]",111,156,亀|兵|军|勻|匀|君|均|峮|抣|旬|昀|汮|畇|皲|皸|皹|筠|莙|袀|軍|鈞|銁|銞|鋆|钧|鮶|鲪|麇|麏|麕|龜|龟|䠅|𠀹|𠁈|𠁴|𠃾|𠖉|𠣐|𠣞|𠣦|𠱩|𠱭|𠱰|𠺞|𡗺|𡗽|𡨏|𤕣|𥭀|𦉼|𧑴|𨥒|𪚦|𪚧|𪚨|𪚾|𪚿|󰄹|圴|捃|晕|暈|珺|鼲,65,True,𠊛,0.920,𠊛,1,True,𠊛,False,False,False,True,True,False,False,False,False
M1_0195,gold/stt2_page_0142_c04_066.png,stt2,page_0142,4,歇,hết,歇,GOLD,s1_inter_s2_direct,"[999, 1605, 1108, 1728]",113,149,侭|儘|別|哈|喝|尽|欱|歇|盡|竭|結|遏|䀆|𠿒|𡀽|𡁁|𣍊|𥁞|𥃞|𧗁|󰄘|󰤣|󱤰,23,True,𠊛,0.790,𠊛,1,True,𠊛,False,False,False,True,True,False,False,False,False
M1_0196,gold/stt2_page_0056_c04_077.png,stt2,page_0056,4,朱,cho,朱,GOLD,s1_inter_s2_direct,"[969, 1692, 1077, 1802]",113,135,|咮|埃|木|朱|株|沫|渚|濐|硃|陼|㵭,12,True,𠊛,0.777,𠊛,1,True,𠊛,False,False,False,True,True,False,False,False,False
M1_0197,gold/stt2_page_0302_c05_093.png,stt2,page_0302,5,窣,tốt,窣,GOLD,s1_inter_s2_direct,"[847, 1950, 987, 2079]",92,159,倅|卆|卒|岹|崒|崪|挨|捽|窣|茂|䘚|䘹|𠥾|𡄰|𡨧|𡸝|𢪄|𢬪|𣨛|𧍉|𨒳|𩫛|𬙼,23,True,𠊛,0.751,𠊛,1,True,𠊛,False,False,False,True,True,False,False,False,False
M1_0198,gold/stt2_page_0122_c04_068.png,stt2,page_0122,4,命,mình,命,GOLD,s1_inter_s2_direct,"[989, 780, 1095, 899]",127,142,命|明|春|珄|舍|𠇮|𠵴|𨉓|𨉟|󰇕|󰳁|󱝬,12,True,𫴮,0.894,𫴮,1,True,𫴮,False,False,False,True,True,False,False,False,False
M1_0199,gold/stt2_page_0028_c01_001.png,stt2,page_0028,1,欺,khi,欺,GOLD,s1_inter_s2_direct,"[1417, 554, 1521, 659]",110,122,倛|僛|吱|唭|娸|崎|徛|攲|敧|期|机|桤|榿|欹|欺|浪|猗|觭|諆|踦|陭|魌|㿲|𠔶|𡾵|𣣱|𤿯|𥀴|𨜅|緝|缉,31,True,𫴮,0.630,𫴮,1,True,𫴮,False,False,False,True,True,False,False,False,False
