sample_id,pred,col_pred,col_kinh,pos,align_op,col_lev,n_col_pred,sec
M3_0000,寻,查枝中麻打古旱欺饱么跋寻連恨浊麻,埋銕𦚂查枝巳中麻打古㝵欺色召殹㝵連浪油麻,15,sub,11,16,3.106
M3_0001,哥,奉挟儿騖微包庄特旦欺寻屯茶氦四哥勿連的窉時妓架,㪯挾几驕微包庄特旦欺㝵㐌茶易四㝵𭃡連而翩時汝樂,15,sub,13,23,1.167
M3_0002,骂,主枝秋欣罢南骂庄头等即熏和書改商司共需,蘇德主枝秋於黔有㝵在氏等郎重刄裔改肉司共實蹄,8,sub,15,19,1.259
M3_0003,罟,冬這剛庄固果之恶徐寻買笼衣朱罟橤欺,務似要務冬道洌庄固果之恶除㝵嗔危云衣朱㝵藥敗,19,sub,14,17,1.283
M3_0004,寻,翕聖表施何周呓分些而朱寻些因帶朱寻些占分,翁聖末施阿固咲分紫而朱㝵些閃繁朱㝵些声分,16,sub,11,20,1.476
M3_0005,暑,魔體體寄吆存混而丘毒奴而砾朱暑捕尼,欽求願建廣鬼体㝵咍存𣵀而左寺奴斫朱㝵補君,17,sub,17,17,1.313
M3_0006,号,朱几洛吏因爲号哸眉跪甥末麻双加腮倩嘚真,乃福朱几怪吏因麗㝵安眉跪瑰末麻双加腮債噀嗔,8,sub,10,19,1.499
M3_0007,旱,讀坤頃共行役久年壬旱歇陽固豑久厍協等,常𡧱膈坤項共佇役伐年丕㝵欺渚固𣺌入痒傷㝵,11,sub,15,18,1.329
M3_0008,,关加琵末导碐旦琶久連笆印翡是必福,齒㝵偃矣加毸末㝵殿旦腮氏連色即酎㝵置百福,1,del,15,16,1.420
M3_0009,导,庄平德主吧吏隈导空在師主奝不导代晃朝,支秋庄平徳主吒吏辰㝵𫞹庄沛主裔不㝵代晁朝,9,sub,12,18,1.428
M3_0010,寻,团徐軍仪嘹真符朱命寻連麻递玎賜团,曷㐌断团徐軍仪嗜真付朱命㝵連宜麻遄打賦圎,12,sub,11,16,1.418
M3_0011,暑,暑体安其麦先暑罘容衣不等年唆沉朱,形栢㝵体要共不盖先㝵罪藩衣不㝵共年雲沉朱,9,sub,13,16,1.365
M3_0012,暑,息而之暑戈品囚仍几於帝呼谟算斝射袍聚哞共俸祝,猪息而之㝵戈忌囚仍几於帝呌浪嗔𭔿𦔳祀衆碎共俸祝,4,sub,11,22,1.354
M3_0013,尋,尋群施固饒功公还等奴的欽節朱特寻連而,應鬼体㝵群祗因饒功𡖋丕等奴𡖋歇飭朱特㝵連与,3,sub,13,18,0.922
M3_0014,寄,帝之時寄笺固伎意产行寄富青凛生時存庄,帝之時㝵盆固没彥意户行昇富責廪生時在庄,3,sub,9,18,0.982
M3_0015,寻,永表寻哮金毗交寻返急応冉寻庄特歇喜哥廷龙霆林威,𣱵卷㝵呼蔓戰多尋应每尼冉尋庄特耿意𭔿㐌卷邁林歲,2,sub,19,23,0.920
M3_0016,哥,打哥慷哥召事似平弄罟徯於兀不困灵魂寻些,祻樻打㝵廩㝵𡰱事似平弄眉𫝕於几而困灵魂㝵些,3,sub,11,19,1.310
M3_0017,寻,女燒麻卢寻夤唐軍讨庄固敷涟吆虐寻礼檑麻打罪法罡,女燒麻户㝵並虗車时庄因欺遺冶意㝵礼櫺麻打眾法選,15,sub,15,23,1.116
M3_0018,寻,法逕計生則于空韓道皇祀人次遺封聅朱寻罷,以饒法遇計生掣𡖋犁翁皇𭮀分次遷封聀朱㝵罷,18,sub,13,19,1.157
M3_0019,仟,折娄歇患袍燭庶烛腠台弅么商仟景,時娄吏折娄歇遣祀燭腐煙勝咍𡬦人商乎㝵道,17,sub,14,15,1.477
M3_0020,是,朱奴安鸥双霄咏昆狯化恐对匝妻麻欺補是僘,檢朱奴安姻双㐫内唯活檢仪忍対㐌委麻歌𥙷㝵徵,19,sub,16,19,1.505
M3_0021,,耸莑枢榔寻固俺功業朱年特舀,髙师㝵罪婉𭔿華柩桐㝵固僥功𭪙朱年特舀,2,del,12,13,1.363
M3_0022,寻,寻羅馬穌義晃進士高理等寻必僥博意高掌,牙繪身羅𫠉穌移義𭩮進士髙理𫠓㝵心僥冉意髙甞,14,sub,13,18,0.959
M3_0023,寻,戍嚼卑户行寻奇伶待周旦仕科旦晤奪厢厩慷,双膏曳户行㝵寺𫝆待周旦仕料旦時巍君圖麻張悲,5,sub,14,19,1.526
M3_0024,,安牢特衣彻召停潜交许津在团涂周啃,㝵連縣辰𡚶瘁古特衣夜君碎潜要古浮神石闭除固哨,0,del,19,16,1.203
M3_0025,导,事导些庫导些恒林推丞特事紧,能号察事㝵些府庫㝵些将林推主特事厭,4,sub,9,13,1.479
M3_0026,寻,记体教罢寻麻喂拢师吭绣掇意庠议众交開涂,奴俸祝奴体教疑罢血㝵麻要𢭀怖吃撥楼意麻祖象多𨳩凃,9,sub,19,19,1.381
M3_0027,寻,傣法遻朱話似麻法一罘理寻勛寻些仔道歌,梅遂如僥法遥朱麁衣仍麻法一罪理㝵勧㝵些佇道歇,17,sub,14,18,1.453
M3_0028,景,如寻乜俗特戢重奇帶城旦永宜暑謠昏真共銇毁并景,如㝵乇伶特聀重奇眾城旦永直諶昏真共練緞半㝵,20,sub,12,22,1.431
M3_0029,寻,朱年弟庄朱侍泼徐建朱邑寻於啼老甬召,顧凛朱年宗庄朱侍汝涂連朱包㝵於席卷原召,13,sub,11,17,1.069
M3_0030,导,如几妥眉旦共寻真伯矌命朱堀百碎导連朱奴泊斟奴,如凡妥眉旦共㝵真泊贖命朱塊与碎㝵連朱奴泊断奴,15,sub,8,22,1.557
M3_0031,,用諼瑪先罘兩稄窗焉麻繇奉主垂,㝵芒各官周屐署瑪先罷所移爵焉麻稌奉好主丞,0,del,14,14,1.278
M3_0032,寻,女群祀旦呐庫並寻麻浪叁幼朱碎思的碎哮碎旦低把,女群祀旦呐庫共㝵麻浪恩条𭃡朱碎思而碎生碎旦低把,7,sub,7,22,0.922
M3_0033,寻,礼而諸聟因義吞則邪而憂朝天萤寻建那麻而,固至活氏礼而語曉固義吞蜀刑而𫈦朝天黄㝵連邦麻而,18,sub,14,19,1.352
M3_0034,寻,聒話寻浪雁貪鎗者信故等奴罘思庄怖寻此党,破边胠㝵浪樞淆翁渚信奴爲奴完思庄怖㝵𭂫覺,3,sub,14,19,1.032
M3_0035,哥,共体法逕哥公時補無事對庘燒事書記,支疎宜夜共体法遥㝵以寺補每事對詐麻燒事實仍,8,sub,13,16,0.927
M3_0036,寻,付朱翁真先罘瑪搓模共罘哥童中志官欺群拖析寻哮翁,付朱翁瓦先異瑪瘥模丑𧹒胷重中云官欺群拖折㝵時翁,20,sub,11,23,1.082
M3_0037,寻,叁耿寻佯顧思袍形昮餚旦恭寻叫終飛朱,依固弟吝取㝵洋願思礼形是𨺚旦茹㝵呌終觥朱,15,sub,15,17,1.386
M3_0038,寻,主府甚的法饒遜奢寻氕偒几軍因凡改朱寻及版犕浪,主厠丑而法饒遥駑㝵坐傷几庫因几改朱哥及叚捕浪凶,8,sub,14,22,1.073
M3_0039,导,拘梓麻贖罪砷旦尼导擒袄爂唐朱仍儿扒命斴吕,連拘梓麻贖罪碎旦尺㝵檢衣喂麻末仍几扒命数召,9,sub,12,20,1.557
M3_0040,學,時年召庫而正學之事以晛於連相採該仍刻,台滋觧時牢召庫而不㝵𠯁事人冶門於逹拘採該仍剡,9,sub,13,18,1.154
M3_0041,寻,信直寻匝戈代庄焊畜兴庄欺仃連逡尼拮壳,寺婆入信置㝵色戈代庄洋酎哭庄欺仃連逡尼挂帝,5,sub,11,18,1.459
M3_0042,景,体徵寻而过餂冬寻世間奇思累景麻真既,共官郎重体役景而过飭冬㝵世間寺品累㝵麻嗔所,17,sub,13,17,1.236
M3_0043,罟,导罟為本密告凛當往彼每罞麻庄形像士字如表,用燒㝵眾男木窖凜曽荘欣每罢麻庒𡿨形像孛奴君,2,sub,18,20,1.332
M3_0044,寻,王寻召鹿事庫輔欲吏只如麻灵诅廽朽連蚕,馬遭王㝵召僥事庫麺歌吏及㓜麻灵魂建我逢吞,3,sub,13,18,1.390
M3_0045,寻,悲徐宧戕不困寻蕭康床寻庄循事信奇特福,共品折女咫餘官代而困㝵靜凜麻㝵庄𥙷事信寺特福,14,sub,16,18,1.236
M3_0046,寻,特寻麻伐导民驶衣押不焉寻庄閑事訲重,令共賊左尋特㝵麻代㝵及耶衣押不爲㝵住閱事許重,16,sub,15,17,1.211
M3_0047,寻,受寻女保開饒調余足掌寻意建術本雸耿桧墨,寺渚多尋女保閉饒調麻退嘗㝵意連街麻㸔致扵竈,12,sub,16,19,0.977
M3_0048,寻,存失群鮃辜碎有吧罟寻要讨左海事庫,特放有麻疾群鮮窣碎㸔记罡㝵要対𡉄酒事庫,12,sub,14,16,0.782
M3_0049,暑,暑屯壏乞妻中城衣扒仍几餘奉万主蚕毒,旌陣麻樞㝵岳塊色妻中城衣孤仍几餘奉知主吞壽,4,sub,12,17,1.218
M3_0050,寻,而宋愧蘇百共烬而王寻叫双霄戌奇倫麻只,𧘻君而朱塊朦与共炤而不㝵呌双离民寺隂麻,11,sub,15,18,1.253
M3_0051,鹿,事主丞旦女店歡辫顏体鹿寻里主各里罘,尾麻吟事𭄞主丞曰女店欺再願体僥㝵垩共主各垩罟,15,sub,14,17,1.412
M3_0052,寻,寻色帝双离体巴寻然禊皿毫厄棱意森黍寻連謳,例府稔㝵色帝丑离体巴子然襖𠀍毫尼棧意在秀㝵連謳,20,sub,13,20,1.001
M3_0053,寻,事福德恪孝衍王奉犯功重奉双需寻南初寻些称体,堯事福徳恪寺銜主举把功連吞双爵㝵南𭃡㝵些被体,15,sub,14,21,1.297
M3_0054,寻,因几结存耿真事之困等庄朱也没意寻闼用浚松鴅,徴因几結麻政真事之用時庄朱一汝產意㝵悶用發拙鳳,17,sub,14,21,1.071
M3_0055,寻,存昂朱官及蜀官袖麻失寻德双雷黑体,連運陣廪付昆朱官衣罰官油麻夫㝵藥双爵罢体,14,sub,14,16,1.179
M3_0056,景,迩景迒然群待事之文麻寻痕碎辟打脚補滚而之呢,逐㝵述䏻群侍事之女麻㝵浪碎群好賦補家而之塊,1,sub,13,21,1.442
M3_0057,寻,谷以寻舜省柰其免命欺寿礼眉泳体杂,可如蔑荅比㝵濟省架其結命欺群曰礼眉炒体架,5,sub,13,16,1.330
M3_0058,导,导南中安茄命欺奴安甫等迤宓盤姿斴貢寻沼負,㝵庫中安茹命欺奴妥詩㝵迤古盤安𮋒毒㝵侣真,0,sub,13,20,1.566
M3_0059,寻,凛戍寻呐兵翁皇意浪呈荣寻些浪荣必滔命過理,實凜改㝵呐共翁𦤳意浪呈莘㝵燕履柴次消命過理,12,sub,13,20,0.957
M3_0060,寻,在沛寻些固智坤高几傅道仪者庄朱寻,朦遇在沛㝵些固智坤髙几傳道衣寺禁庄朱㝵,4,sub,9,16,1.318
M3_0061,寻,府麻渡巷阎市寻坤莳只法蚕嗖除奉如潘,吟悉夜麻宸悲固乕㝵坤詩及法蚤卑除奉如,8,sub,13,17,1.237
M3_0062,寻,怖思觑怖言曰百該圭寻罝哥待虎寺寻明慷,性塊献梅飯呌𭔿曰𬻝該圭㝵眉尋特虎寺景明廪,11,sub,14,18,1.660
M3_0063,可,过代旦曙蕣可其紶永体匝生寿延,帝特教醉首过代旦得静㝵其𰬈𣱵体任生寺運,10,sub,13,14,1.403
M3_0064,義,多義寻義森打凛隰歇菊溟麻奴,陣凜代䆒多幾㝵幾茹麻打廪𣵀歇衲契麻奴,6,sub,13,13,1.360
M3_0065,寻,耳重罘唐即寻吃罘唐虎团徐响低戍事进,年收边麾年重夅罪為泖㝵吹芒馮虎团餘呐低茂事𭩮,10,sub,17,17,1.229
M3_0066,寻,寻麻罂王宱其然坦賖庄朱於双寄民庄,朗罢㝵麻𭩮不官其玄結但賖庄朱於双𭐖民庄,2,sub,10,16,1.341
M3_0067,导,仍祠其仔起上讨朱导察誓事僥凛心恪皋庄特麻罴哥,仍殉共仍產之付朱㝵察稽事僥凜几恪蔡庄特弈罢冐,8,sub,14,22,1.102
M3_0068,寻,如武寻真稱因先哭敬芦橇嶆麻曙群羽共,道僥如茂㝵真魏困先罷歌芦抚晋麻得粹祠共,4,sub,13,17,1.483
M3_0069,暑,寻与罘左笆哝罘所之連嘌麻庄宜旦敷体暑咽,取体㝵旦与畀虚色吮罡砌之連果麻注宜旦欺体㝵呐,20,sub,15,19,1.369
M3_0070,寻,寻哭庄朱山曰無女双离翁因寄共妻丕几庄用寄翁,樞㝵兜庄朱而曰𬻝女𠬧离翁園宻其毒丕几庄用寄翁,1,sub,10,21,1.015
M3_0071,寻,命收戈中腓吏礼先丰师昆衷乃弄暑呯团絲寻溪咀,百常命收戊中肆吏礼先丰斾昆末乃弄尋䍐用徐㝵漢且,20,sub,13,21,1.416
M3_0072,寻,朱年固委体迈哆形思月哦牵仔者寻孔所封故,凜朱年固義吝体返吹形鬼刄𢧐𠇭将寺㝵孔斫时烦,16,sub,15,19,1.131
M3_0073,寻,沛事之庄建朱驭寻騎麻奴赦寻文箕珙周,㝵意固沛事之庄建朱奴馭㝵𮪍麻奴赦㝵女箕拱固必,16,sub,12,17,1.218
M3_0074,寻,共豐駼伤主吞傈毒坦諘仪接寻不曰無圭命欺仅,瘁涅其敬蜍飭主吞椉詩坦裙伐摂㝵不曰無圭命欺依,14,sub,13,20,1.367
M3_0075,寻,朱丑虎都瑓釘連枸稗寿寻只鹿事帑扒酣桨命,觥城朱丑虎都揀釘蓮杓禪詩㝵𡰱僥事業孤新架命,12,sub,14,19,1.533
M3_0076,等,陈俾仗女連結連嫫烬悲徐等而跘构梓筑,調衣除陣攸女連遣䏻蓮熯奴怨除㝵而弭杓捽於,14,sub,17,17,1.421
M3_0077,导,事而不連差或宸四固道仍府体强折燒导時,拳省事而丕連差多官罸几固道仍麻体强折燒㝵時,19,sub,9,18,1.230
M3_0078,寻,浪笑珐寻壕宱該浯蔺泮麻社唐寻,𫠉道麻浪突䏻尋壊官兹淚苑蘭郎麻袩清㝵,17,sub,16,14,1.267
M3_0079,寻,寻也佯除女旦曙薭体勒吉毋於召耶禁事,鹿扵矯㝵些洋餘女旦時輝体勑舌好於君𦔳葉奪,3,sub,16,17,1.382
M3_0080,导,导接寻奴虏兎右朱及凿媠体导臍潭時曳歇古如座干,早趍尋奴庻丸古朱双离婚体㝵曠凜時曳歇古茹庫干,12,sub,14,22,1.383
M3_0081,,曰示本道痕埃乃及几等道者拘吏尼稱怎体志在油麻,代㝵曰示孔本道浪俟及几𭓇道詩判支尼拜烏体示油麻,1,del,14,22,1.494
M3_0082,,倭麻印形像召团徐圣押暑麻遺而礼,㝵預斾連陵麻印形豫𮎛用除冬垩押㝵梁麻遣而礼,15,del,14,15,1.333
M3_0083,寻,奴救僻如赦鹿寻初启戎早妇生罷寺醉鴏哥,碎庄夭奴赦𥓓如赦僥㝵𭃡尼戎平奴庄艮寺碎結尋,9,sub,16,18,1.212
M3_0084,,召聅尼蜀固遤匙得吕道,些迍召聀尼買固邁罰㝵召道团除洋团燒㝵防固道荀身,9,del,19,10,1.043
M3_0085,导,庄平德主吧吏隈导空在師主奝不导代晃朝,支秋庄平徳主吒吏辰㝵𫞹庄沛主裔不㝵代晁朝,16,sub,12,18,1.428
M3_0086,處,送中适常透江固處寻信懶佣准訲重,代弇垩波那迕中活葩溘沙固磊㝵而官懶用准郎重,13,sub,16,15,1.146
M3_0087,寻,守姜炎寻建宜如不双霄茸具明央渚解源朱亳酌,固僥与晝次㝵建宜如丕双离架真明共渚觧罪朱磊勧,5,sub,15,20,1.368
M3_0088,,麻体仍狮寸共独猖狂拯共鹿媒悠於举屠奇噬,㝵於麻体仍獅寸共猛猖狂德共僥據怊於舉屬寺䏻,0,del,12,19,1.242
M3_0089,寻,辰寻右冷峪其音禹贞主圣剬淹瓷祐周年征,沙林麻𫝕㝵君泠呱其寿犀好主吞别𡘤疾祗固年仕,4,sub,18,18,1.129
M3_0090,罟,姚由噆白英君劬罟麻餘兮堇嘟連星帝,華葩乙烏姚由𦝫而茹君㓜㝵麻餘斧垩啼連星帝,11,sub,12,16,1.339
M3_0091,寻,旦長習特膧盃無穷寻謁不王趫寻些啦,秋共庫欺旦尼甫置時暱盃無妄㝵渴𡖋左趫㝵些怍,13,sub,16,16,1.167
M3_0092,寻,旦劍時柒連罷遠奴術奇体熟禊卒冷寻連,致想旦創哷某連密遣奴術寺体黔禋卒洽㝵連,17,sub,12,17,1.190
M3_0093,导,女各导人踈浪奏壽节澱碎固別商之麻扒,朗庒洋攺理女各㝵人踈浪奏希吊衆碎固別裔之麻扒,7,sub,10,17,1.334
M3_0094,寻,帝心仔辛体寻閑的丘時濤其樞送寻寶崖功業,兹凡真已帝兀好辛体㝵閑而不時弄兵樞益㝵𮅕爲功𭪙,18,sub,16,19,0.919
M3_0095,导,計特罤磊导她堇厶蜀尼趝朱万垩葩沼罪歇官哥,計特眾朂㝵把垂人𧹒𭂫燬朱万垩葩落罪歇官哥,4,sub,10,20,1.283
M3_0096,三,世間的軍礼事庫必須特冠層尊三卷之作本,圖世閻而庫礼事庫以数時買特鬼爲事意㝵体事庫倒,17,sub,17,18,0.870
M3_0097,寻,她垂何竭些麻嗂後调淮眉咒挨寻绿浪拥准碎妨,連豫妃垩何将些麻海浪用准眉芒咲㝵妹浪用准碎仍,15,sub,15,20,1.305
M3_0098,骨,可怎真哭大歇命骨於盃牺安愈殛寻匹卢,本道城妄司烏其哭六歇民命㝵於盃柘安慰冠㝵陞户,12,sub,16,17,1.065
M3_0099,,衣体景周委共命屯生麻拜沛炽解逻奇升里石喳,陲固蔑衣体㝵夏固𠵊兵命也生麻群沛炤觧罪寿弇垩仁嗔,5,del,18,20,1.182
M3_0100,导,事打庄不导能收事众旦骋色断生毒在图,矯消事折庄丕㝵能汝事久旦得辦色則生寺庄因,6,sub,13,17,1.318
M3_0101,导,导中膳奇堪麻退寻百福认体百否占繁,古佯幾㝵中艧寺塊麻退㝵百福入体事丕占禦,3,sub,12,16,1.067
M3_0102,导,几奸頓导钟唐折蔚罟誏恳叁圣,喀信𫝕几奸頓㝵抑唐麻折詩置涿恩各圣,6,sub,11,13,1.434
M3_0103,哥,徐柴遠奴鈷城涸林哥連而書戏委谖具先淫,邦同除柒遣奴䏻城波林㝵連而書代蔑婆良先,10,sub,13,18,1.233
M3_0104,寻,後祕妦切居衅朱困共祕襮麻鈯晁末寻,涅果色每改祁姓切君㪷朱困共礼履麻烱昆末㝵,19,sub,14,16,1.415
M3_0105,等,弁壬曾修行死為道傳礼等爲足箱佈反我,徔廷撼并垩淳虚修行死為道傳礼㝵署廷粧偽廷我,14,sub,13,17,1.322
M3_0106,景,赦碎景庄踈誷之舜容女其頁尔压麻庄拷,好主五秋真赦碎㝵庄踈朝之舞衣女共嗔而丕麻庄特,7,sub,14,17,1.176
M3_0107,,和寄坦樟襁灌诗皿咒如几固疾動鸯麻履,㝵敦烽我𭔃坦𦾔操灌浡四岷如几固疾動奮麻辰,0,del,12,17,1.191
M3_0108,,晁先異敬逞礼寻而架燒刻寻,判共晁先異移𰙔移每礼㝵百染常燒初㝵,10,del,12,12,1.255
M3_0109,寻,餘批噆昮府庄賖寺庄寻练潅奏吊,樞㝵些㑹浪銕批𦝫昜局庒餘季庄㝵煉浪奏局,14,sub,16,14,1.187
M3_0110,旱,希沿泼噶瑒先思亚黎山後行堇龜朱巴仅持壳旱,課人希沿法鲁瑪先思至黎山稜后垩葩丶來巴奴拮壳㝵,22,sub,15,20,1.180
M3_0111,导,計稄加吏諵宋焼导郎重共凸燒法迸助几列,買佇役垩衣計移加吏𣼛宋焼㝵郎重共内燒法造𦔳几列,12,sub,11,18,1.339
M3_0112,导,林時导瀏欲高麻庄補示反围罤謕護其庄尚事溜邪正,由悲林時㝵漸敢髙麻庒補不段困常謙譲其庒消事𨺻師丕,4,sub,18,22,1.258
M3_0113,者,体儿奸特委寻童真麻笼紶周意倩者曳,固蔑曷体几奸扒特壽㝵童百麻卷䏻固意倩寺㝵曳,19,sub,13,16,1.065
M3_0114,寻,馬劯藔寻固几浪翁堇后共石曰無成汕倦接何,法遥庙功業㝵固几浪翁垩君共白曰無城沙捷移何,5,sub,13,19,1.135
M3_0115,為,天堂為色等生時丕在堄包楼导帘列麻,無色敗䏷嶃天堂爲㝵色等生時丕庒塊巳楼早冲列麻,8,sub,12,16,1.098
M3_0116,等,等連倦敬礼隅嵌详多寿闻下陽修社,打特眀㝵連庵殆麻礼當庚𭘾多寺師凡後修折,3,sub,15,15,1.131
M3_0117,寻,帚比胡母寻弟兄宾粉强楼强困各官皆刮,事断希哦胡母常命㝵曵尺戛糁强楼强困各官者刻,8,sub,13,17,1.165
M3_0118,寻,打奴别奴香作骂体吊人寻依政如辞佐不因,末外麻打奴耆別奴鳶怍𫠦体希久㝵𬒳奴如碎佐丕因,14,sub,15,18,1.026
M3_0119,寻,晁恫穒信新私切苛聋吆寻浚罘桨符水吆罘几黏,思徒晁阙喬信断術切守寗冷㝵没罕柒符水名罪几祜,12,sub,16,20,1.007
M3_0120,寻,彀沚卵罘陂幻折寻唐道万,奴香困代柩𠗆誓樷沚泖䍐叚連㓜折㝵為道行,15,sub,16,11,1.206
M3_0121,喜,直宥術共故風商喜年遙愁戲体研思建包涠公羽皇,童貞韋借共奴政病㝵年遍捲𫞓体竹思連包用翁𦤳,8,sub,17,21,1.383
M3_0122,學,爭互翁堊尼匝固燒功常不福朱燒學時行主辰朱瑰闪落,旱丕翁垩尼色固燒功常𡖋福朱燒㝵時行主尽朱塊囚落,14,sub,9,23,1.333
M3_0123,寻,道行主吞凛麻寻喣連嗨耸固徃之低寻球滚,兹城依結道知主吞廪麻㝵典連晦𭔿固役之低㝵疎浪,10,sub,14,18,1.208
M3_0124,寻,特創閔麻祕事中弄寻巷別几囫姜共僊主衞心庄困欺儿,特創朗麻𬒳事中弄㝵些創几國隻丑德主爾兀庄因數几,8,sub,14,23,1.033
M3_0125,寻,庄懷之倭勁等延意破喫床寻礼事常朱年互,代枉生怜之隻勁時遷急伎突仍在㝵礼事爷朱年亘,14,sub,15,18,0.934
M3_0126,导,几列岫依奏事危女為事遷欺导伶生莆固姜,色几列哂低麥事尼女為異事選欺㝵伶生甫固夏,14,sub,10,18,1.224
M3_0127,,召灸双霄在補祐霜冬道麻百呓池高理,仁𭐖㝵召多双爵在補在補本道麻百嗟油髙理,2,del,11,16,1.359
M3_0128,寻,寻浪碎祭礼几称喂罘思的库年欺祀皇众律思儿,昭而牢㝵𫝕碎𥙊礼几称呢罷思而牢年欺記皇后律思几,3,sub,13,20,0.879
M3_0129,寻,先咒移橈写差几逾寻脎李寻庄召事仪走昮,瑪先飛移梯烏差几逐㝵際孛㝵在召事伐吏易,9,sub,13,18,1.104
M3_0130,,衣罘倘戮先併拈共谣甥朱寻奇寻公值,述嗔㝵衣𠾖传晟吝侘併枯共居䍐朱㝵詩㝵合直,2,del,16,16,1.166
M3_0131,导,特巴聘欺么分堑施了共各本道旦帝明导時沁,旱洋雜特巴時欺人厉垩葩之共各本道且帝明㝵時祀,19,sub,12,19,1.109
M3_0132,,理哥寐宔宜連麦几婲麻扤团徐寻啄事父,事请理断㝵諫官庄直連差几燒麻打团徐㝵嘛喝事代,4,del,15,17,1.716
M3_0133,,沛事之庄建朱驭寻騎麻奴赦寻文箕珙周,㝵意固沛事之庄建朱奴馭㝵𮪍麻奴赦㝵女箕拱固必,0,del,12,17,1.218
M3_0134,寻,王愈五麻咽浪芦之蚕蚕心朱眉瑰雅尼麻诸寻訟,如干爺丕麻咽浪事之蚤戞小朱眉塊淮尼麻渚㝵於,19,sub,13,20,1.310
M3_0135,寻,敢群祂诸周而曰無城悲接瑪固几体寻外連焉如垂,𭔿垩尼欺群祀渚固而曰無城應移瑪固几体㝵外建耨如璽,18,sub,13,21,1.201
M3_0136,寻,些砌朱摞朱如愧我寻恣徐她垂乖富阿郡,運㝵些㓜朱衆朱奴隗𨢄㝵悲除妃垩柩爵何那,10,sub,16,17,1.378
M3_0137,寻,德主術時年如花挂中交必朱年軍与扒寻等適奔,意因道德主爾寺年加花挂中芝丕朱年軍与扒㝵爲道麻,19,sub,12,20,0.953
M3_0138,寻,像结寻時祖成夂霄作牡鹿寻别塘,寺破散形像衣兹㝵時祗相城匆因代杜僥㝵别塘,7,sub,16,14,1.447
M3_0139,导,飭朱昆宜奴中用燒旱女固婆导男昆其,下府而歇飭朱昆宜奴中用燒旱女固夢㝵母見其腐,16,sub,9,16,1.169
M3_0140,寻,只庫屠碎婤响心底曳末功毒代笼寻狱域潺玛,主支耿乇𡰱庫爲碎姻体呵而不麻曳末功寺代危㝵繈城署瑪,20,sub,19,19,1.236
M3_0141,旱,年緀朱旱些犯罪磊連祂矯割牛歇欺思奴丑濘左,年姨糾朱㝵些犯罪蠡連礼矯割牛歇歟畧奴丑凜夲,4,sub,9,20,1.279
M3_0142,,真感绊牛羽鵟寻基妆外麻脊庄玉帚代疠疸积沛南绊重因,夀㝵真底斗中𫀃鴛㝵些祐皮外麻㸔庄丕希代疚疸如斾南斜連因,1,del,19,24,1.098
M3_0143,,淏朱文朱特將命正仕靠碑召福焉碑繪,燕与四辰碎泔碶朱㝵女朱特好命正仕韋碎𡰱福𫠓碎餘,8,del,16,16,0.785
M3_0144,寻,專此淹寻先罷欽悲双麻故書安魅本道泣奚忘盂雲仍,其壬奄㝵先無𰙔悲双麻改書妥慰本道泣每吞兵傳仍,3,sub,13,22,0.995
M3_0145,寻,寻釮末涎恩德主支飲等每事種丘涅哥寧凛零時,哇㝵釣末涿恩徳主支秋爲每事極所否涅㝵寧廩畧時,1,sub,13,20,0.973
M3_0146,匙,召聅尼蜀固遤匙得吕道,些迍召聀尼買固邁罰㝵召道团除洋团燒㝵防固道荀身,17,sub,19,10,1.043
M3_0147,寻,衣罘倘戮先併拈共谣甥朱寻奇寻公值,述嗔㝵衣𠾖传晟吝侘併枯共居䍐朱㝵詩㝵合直,17,sub,16,16,1.166
M3_0148,导,事导些庫导些恒林推丞特事紧,能号察事㝵些府庫㝵些将林推主特事厭,8,sub,9,13,1.479
M3_0149,寻,祂乳昮噪些牢殷吠撩仍寻女衣趣祂銀鏿归竘,婆共祀乳易樂些不牢叚代撩仍㝵女衣魑祗霠鑠呌萊,13,sub,15,19,1.329
M3_0150,导,理時特遲必葩之販导焊該垂夜計稄如図曰無迂免,别燒理時特漸𡖋葩之欺㝵岸該垩衣計梭加固曰𭴾其先,10,sub,15,21,1.321
M3_0151,寻,於鈞焐我寵帝烥泣边情朋固寻勋贯思聼欲怨巴,年嚴於則炤我竈帝煙没边情期固㝵𦔳置媿肆歇眾巴,14,sub,15,20,0.988
M3_0152,寻,從几因道仍曰無其寻即重麻玄多流車如釜,述扒僥几因道仍曰𭴾共㝵郎重麻苔多落車如弇至,10,sub,11,18,1.159
M3_0153,,儿园罪驸责混分主尽神儿庄付邻府架烊膳儿,㝵駐救几固罪時責浪行主丞補儿庒付命麻柴洋勝儿,0,del,17,19,1.283
M3_0154,导,导此事戕於天下唐直連天廑双离分盟导,隔能勧㝵些事泯杜天下唐直連天虗双离分盈㝵,19,sub,10,17,1.002
M3_0155,,寻也咸坤欣佬寻辕,下餘奉㝵祀乙歳坤欣僥㝵豬,3,del,10,8,0.709
M3_0156,导,拘梓末啟門导仍几傷寻時浪等貲冷固洹那,紛連拘掉畧末当門㝵仍几傷㝵時浪𫠉貫冷固𣵀那,8,sub,10,18,1.371
M3_0157,寻,古峯析欲寻些中认双离德主辱朱导兰惕,歇古常折歇㝵些中㐲双爵徳主屠朱㝵竺塊,5,sub,12,17,1.190
M3_0158,早,朱特杜昆信事常艘人固早先骂姚,骨時庒别理弟朱特杜昆信事渉孛欺人固㝵先畀姚,17,sub,11,14,1.148
M3_0159,寻,罢庄別仔時寻庄热德主支狱朱刿莹藚經意进,願罢庄别仔時㝵庄燕德主支秋我朱别韋讀𦀇意共,6,sub,11,19,0.839
M3_0160,寻,求共主圣美弄朱寻劉朗麻琮主立歌淫,詩求共知主吞羙弄朱㝵創朗麻除行主支秋昇,9,sub,11,16,1.298
M3_0161,导,色楼帚連付导朱宦其麻判痕奴庄祭礼亭荀犁,約洶色楼希連付㝵牛官其麻判寝奴庒𥙊礼孛茍打,7,sub,12,19,1.200
M3_0162,寻,打聘导沛包救人油麻寻於中几走卒湼聘拱停,趍打賦時㝵沛包𭣣人油麻㝵於中几庒夲湼時拱佇,11,sub,10,19,1.219
M3_0163,导,天庮依朱攘奴咽噪丕及窗欺幻嘿导聘仍跡共艘,斗朝天腐隊朱搬奴咽楽丕双离欺㓜囉㝵時仍帥共使,16,sub,14,20,1.281
M3_0164,寻,毒谷曰经城尼寻連宜毒冷又曰任耳麻喛赦,内实寿苓共曰每城君㝵連直者心冷共曰任其麻真赦,9,sub,14,18,1.527
M3_0165,寻,昆团徐晁袍事反所蚕固响賓庄帢筵寻建,与毳乳昆缶团除昻祀事衣而呌蚕固呐實庄内随㝵建,20,sub,15,17,1.181
M3_0166,等,等足係恳占主吞初碎固亂咄麻晋玉稗,𬒳体豔㝵庭隊恩右主蚕𥘉碎固衆啣麻㸔主碎,3,sub,15,16,1.363
M3_0167,导,朱天巴苑蟓壳导回泼解公娱其兜晁詖汞墓旱罢,朱夲包姦蜍覺㝵回没靜人嫫其𭂫昆竣𣱵凰杲罢,6,sub,16,20,1.248
M3_0168,,創朗保浪明旭昆中胚奇時麰年曰臣,㝵体幾㝵創朗保浪明妃是中肱寺時舞年曰丑,0,del,10,15,1.083
M3_0169,景,王層吏朱瓩詔欺棘女庄仍景涎几庫中,丕詩徳生層吏朱恥弦欺葬肆女庄仍㝵海几牽中,15,sub,11,16,1.335
M3_0170,寻,心庄國約沏事之時祕事少的餘仍事轄寻不平,㝵踈𫝕儿庄因约㓜事之寺礼事古餘仍事華㝵死平,18,sub,14,19,0.954
M3_0171,是,禊罘竫撩連团除民干假斧庄沛是,凜作㑹襖䍐㸦誄撩連团除民干浪仐尼庄沛㝵,18,sub,11,14,1.053
M3_0172,留,改東留詩涅郡凛補每寺世間燒,主吞孔改來命寺㝵狩涅那凛麻補毎李世間燒,7,sub,12,13,1.061
M3_0173,寻,困僻初忍玷感社背鹿寻重凛沛殆,詩奴呌浪困磾𭃡君死感社特庚㝵重凜沛新𥓓,13,sub,14,14,1.219
M3_0174,寻,寻正主闩物朱寻鬼億掂止未怨烩女麻尊,獅子運奴炳㝵丕主門物朱𭔿媿獄棱甚末媿炫女府𭔿,5,sub,18,17,0.910
M3_0175,寻,因牮翹讹珲尋買剐信婦共罨匹行中厨者别寻懂,呂囚矜韵班店㝵眉别信婦其昆乇打中厨畨别㝵傳,19,sub,16,20,1.246
M3_0176,导,关加琵末导碐旦琶久連笆印翡是必福,齒㝵偃矣加毸末㝵殿旦腮氏連色即酎㝵置百福,7,sub,15,16,1.420
M3_0177,哥,等准虎寻寔補帯渡旦欺必哥衣体矣群,洞收公㝵各官光虎㝵竈補帯度旦欺吸㝵衣体矣群丑,16,sub,13,16,1.265
M3_0178,寻,帶邑寻於帝政得爺禔汲得灸倌交裞麻体寻群無聋,補包㝵於帝反得篇鬼没得各官多被麻体身群最偉,2,sub,14,21,0.961
M3_0179,寻,子麻寻就必垂饮取群心寉重菠戎社共熟禩序,𭕭泠子麻㝵於憂虚欣敗肆名官重𭣵民社兵黙視庫,4,sub,17,19,1.347
M3_0180,暑,暑特麻的歇術朱暑把術示痕斷之白歪閤,𡰱麻尋毒眉時麻以歇防朱㝵把術如浪并而之而丕閣,11,sub,16,17,1.120
M3_0181,寻,事其都唁异寻中囚欺必固孫妃誘先古娶,朱特只毎事其都官代玲㝵中囚欺衣固幾妃耗兔古安,10,sub,13,17,1.138
M3_0182,,些奴花欽埋安鮮卒旦軩爜吏好庄休卒女歪表滞,売㝵些如花欽埋妄鮮卒旦帖農吏好庒休卒女丕希涉,1,del,10,20,1.527
M3_0183,寻,命王旦欺奴打商人毒寻吓菎救庄朱罰女毒,各官命丕旦欺奴打志入静㝵哦岂赦庒朱罰女爵,11,sub,12,18,1.374
M3_0184,导,早麻細朱官祭宦仏体导當輵遆美固潱才,天連扒早麻細朱官察官人体㝵當朝孟美固燒才䏻,12,sub,11,17,1.390
M3_0185,意,固淵貢刧袍戕該各曰無特昭爯辭朱年奴唆打导麻早図意,固固淜意其刧把聀該各曰𭴾特唱𭁡辭朱年奴唆打㝵麻㝵,23,sub,13,24,1.979
M3_0186,寻,固術知旦店火巴体寻罢乔麻竜挥把淘久皮,将庄固術如旦店次巴体㝵罢乔麻𫝰捽把淘衣皮,10,sub,8,18,1.047
M3_0187,导,年丷导腐者改朱寻丶黄沟付朱寻支咒朱,旦朱年𠂊㝵虜者攺朱㝵丿黄約付朱㝵支𬼘朱,4,sub,11,17,1.315
M3_0188,寻,旦時輔欺寻五而福朱天下隞晴天,朱昆𠇭沛旦時静欺㝵在而福朱天下叚甫建天,8,sub,10,14,1.053
M3_0189,寻,虎叁宠街旦腴寻礼多戈積沛墩,㐌漸翁批鲁輙虎各至䆒術旦歇㝵礼多戈稜沛歇,13,sub,14,13,1.063
M3_0190,寻,庄來含蔎断信体衷功青戕先寻交如斡其,灵魂在來翁該𭄿官体末功寺代光㝵多㓜并其濟,14,sub,16,17,1.190
M3_0191,哥,宰令没腰歐燒如没弄没意共燒庄仍哥男仔涅的正圭图,而宰令收腰欿燒加度弄度意共凴在仍㝵男𬽣涅而近甚國,16,sub,14,23,0.927
M3_0192,导,役在朱平周戛店歇导佯戮麻顏体至天神,𬽣役卷朱年固蔑店欺㝵洋聀麻願体至天神,9,sub,10,17,1.134
M3_0193,寻,朱体事偒車中地獄困鎸各朱体灵憇足群厤麻寻訓命团,欺朱体事傷庫中地獄國僥吝朱体灵𢙣尼觧眾在㝵罰命用,20,sub,14,23,1.043
M3_0194,寻,翁星尼生霓於城嘿鴮那寻幻軍碉抨誓日香罷聋看赘,翁皇尼生囉王於城噁瑪那㝵和軍爾侔鲁毒噐韋看趍,11,sub,15,22,1.132
M3_0195,寻,俘役所灵魂寻此举耳双宿在特敝文者,麻吏丹殚停役斫灵魂㝵些本耳双帝在特收文寺,9,sub,12,16,1.075
M3_0196,吆,奴毒四結麻吆寻鈣在恣湛頫思体群卞而,唯制要奴詩玄四結麻吰㝵䏻君怪堪獵凜思体群卞而,10,sub,13,17,1.395
M3_0197,寻,主枝秋常朱寻尽事用断宠交同略礼殁森,徳主枝秋常來㝵尽事困断鹿多外月略礼廢麻,6,sub,10,17,1.127
M3_0198,寻,仏之毒寻陳復中壽碎圓先極仏舜道心之特,𫝕呌先氏之寺㝵練浪中弄碎固先極伐碎消小之特,6,sub,14,18,1.249
M3_0199,,之宦扣委時教嚯疾俌渚改女呣寻皇時争折而,始㝵而之官扒妻時数確丶失街渚改女昭㝵至時爭少折白,1,del,17,19,0.987
M3_0200,号,团虍号衣鐚沛斺皮顊奇体闭鹿号摇展歇,馮𦔳𦀇用澆㝵衣矯沖町皮願断詩体周澆㝵按題歇,5,sub,17,17,1.298
M3_0201,寻,寘寻求朱灵命寻体显意建拎思奴庠娞浪眉閟於低卫蚕,寘㝵求朱冕命㝵体昆意連矜思奴麻要浪眉悶於低壬蚕,1,sub,10,23,1.018
M3_0202,寻,朱塊双离沛吕丕麻热嘲旦茹婿体寻固脆脖与事文賽朱,朱塊双离沛召丕麻於朗旦茹嬌体㝵固胎時与事之債朱,14,sub,9,23,1.315
M3_0203,寻,扒砷也丞亚高乓援干在朱叁庶欺意寻驾弄於,機吏閹扒辟似而丕政扇乇張干在朱多庻欺意㝵𫠉弄於,19,sub,15,19,1.360
M3_0204,哥,朱几結事意年辰郎重思末天下為庄周法帝還麻哥庄口固,朱几结事意年郎重畧末矢下爲庄因法弟遥麻㝵庄白因,19,sub,11,24,0.909
M3_0205,等,奔浪柴意的誓事只戮咒祉法思庄德百王寰与建基岩等,冶在浪樂意而𮃛事𠰥㦯完祧法思庄徳皇𭮀分連差度㝵,22,sub,18,23,0.928
M3_0206,寄,冉司主至馬亀寄周婦在周戰重之罢大要寿年壬,凄冉交主吞馬舜㝵固媚庄固戰重之罢夭要寿年垩,7,sub,11,20,1.412
M3_0207,寻,妃里及首衣随寻連玷歇仍跘於命共,新編妃垩衣首省衣改㝵連㐌歇仍呌跡於𠇭兵,9,sub,12,15,1.114
M3_0208,导,分她固泳烧几沛弄脶导过理如曼昆真蛰寻寻烧吝,慓垂𭄞妃固永燒几沛寺朋㝵过理如曵昆𰥍趍尋㝵燒吝,11,sub,15,21,1.265
M3_0209,寻,朱特敲庄唂歙時甚帋岔奭跪体寻屯伶我理,理朱特敖庄唯歇時甚布彼英唵体㝵㐌伶我理,14,sub,10,18,0.957
M3_0210,寻,鹿寻些要耐庄只将事侨庫馬道庄丕寻袖印迈采,曳僥㝵些要府庄只持事仵庫廌道庄丕㝵油祀年返采,2,sub,12,20,1.076
M3_0211,寻,朱孷庠生哮麻寻些拱鮮寻意女思休福哥竽小砰朱我固文,朱辱麻生時麻㝵些撫餘身意女思体福㝵時以碎朱我固度,6,sub,13,24,1.011
M3_0212,繁,体本功秘挺殴辅麻打寄繁阶导曼降攒仍几號,特把人体末功祀挑股捕麻打寄案命㝵箋和長隂楼仍几被,15,sub,17,19,1.674
M3_0213,寻,本因巴寻墨召折居道德主蚕黲歇尽絮闻劣,中后甘本因巴㝵垩召新為道徳主吞羅歌冬柴挺知,6,sub,15,18,1.098
M3_0214,罞,寓也邪几甤先東朱閭蚕罞鈢群抨煟些雅,批魯現衰礼形几乾䆒來來固幾㝵䏻羅矜燭些推,13,sub,18,17,1.216
M3_0215,寻,体蔼久者变模麻政朱寻音导吏丰弁具吏摸导体,几施体禧入𡸁吏模麻攺朱㝵寺㝵吏丰并具吏模㝵体,11,sub,13,20,1.210
M3_0216,暑,周旦在作众靶綽麻褪暑亭韭批潛庄朱褪麻痕綿,麻欺满固旦君官伐䍐綽麻祖㝵𭔿垩批署庄來祖麻宸綿,12,sub,16,20,1.290
M3_0217,,衣蓖解而福朱天下雲虎共灵謂唐泌謁備理,寺㝵只聀衣僥解而福朱天下索虎安灵隗髙咄謁僥理,1,del,11,18,1.171
M3_0218,寻,道行主吞凛麻寻喣連嗨耸固徃之低寻球滚,兹城依結道知主吞廪麻㝵典連晦𭔿固役之低㝵疎浪,19,sub,14,18,1.208
M3_0219,寻,突橽稄虹巴罘文鮴沲杖默寻伶生時贝痕度壳否渃,移烏昭突槎移奴巴垩女穌厎奴欺㝵伶生時貝辰底壳丘諸,14,sub,18,21,1.065
M3_0220,旱,世間清搱毫事之虛女旦川得旱作丰積米泊石福,𬒳於世閻𡸁渚拜竜亊之盈女旦州得㝵代半禎恭日万福,15,sub,17,20,1.153
M3_0221,寻,麻礃罘彷卒閱中聞寻青哞閟禦连潾晉,泖证䍐麻碎罡碎佐卒悶中用㝵寺碎阴凜在莾省,12,sub,17,16,1.166
M3_0222,寻,主支欼判浪晁咲委旦将虞蚕仕朱晁特福重時寻置,主支秋判浪冕失多三好唐蚕仕朱屍特福重時㝵置,19,sub,9,21,0.939
M3_0223,,等准虎寻寔補帯渡旦欺必哥衣体矣群,洞收公㝵各官光虎㝵竈補帯度旦欺吸㝵衣体矣群丑,3,del,13,16,1.265
M3_0224,导,特中弄察百之特导能多永几刻乾,察度外静特中弄察万之特㝵配多永几烈執,11,sub,9,14,1.203
M3_0225,导,事冷麻厅主承立法書朱元下特別功業导體体術,沛垤為事冷麻厅主斥白法毒巳朱天下特别功荼㝵体弟𭃡,20,sub,14,20,1.151
M3_0226,扒,瑪破紳衣詖冊柰奴扒寻唐,朱旦羽署瑪兹臟破例衣设司紊阿奴机㝵馮卄,16,sub,15,11,1.290
M3_0227,寻,求作罟特既衣仍麻寻连吱滚压而宧诸,僥職結求官㸔特聀仪仍麻㝵述岐浪珏而官诸,11,sub,13,16,1.316
M3_0228,导,导此事戕於天下唐直連天廑双离分盟导,隔能勧㝵些事泯杜天下唐直連天虗双离分盈㝵,3,sub,10,17,1.002
M3_0229,寻,共奇睾武罘迈耘寻周凑皆事必正曳救,侣罪共奇案数𭩮举返耘㝵洞凑省事而左曳赦,10,sub,13,16,1.291
M3_0230,导,事而福而分其併几庳罘福一导固欺施歇古厍禩點拱,事百福可分其併几庫異福一㝵固欺施歇古拜襖黙摂,12,sub,9,22,1.547
M3_0231,暑,故宸我補妑垂衣包鑊滋煨双寄暑就君,去信竝叚官代補妃季衣包鑊𭰖飧双离㝵於君,16,sub,13,16,1.195
M3_0232,寻,寻的笨哆時俺妈仏生時要偽俺潭下麻不礼眉泌来朱,欺㝵白柴𦊰時崦奶巜生時要傷掩凜麻白礼眉沙求朱,1,sub,15,22,1.258
M3_0233,等,先爲蘇段又爲几特先佗公役等可為徵欺,昇垩尼先罔為蘇移隻再几持先尼公侵㝵而為徵欺,16,sub,13,17,1.219
M3_0234,寻,功無弱闭徐寻孟末慷感具厉主否庄固敷订旦更韶,把功無宕内徐㝵盃末屧感㤙万主蚕庄固欺灯旦更朝,6,sub,12,21,1.221
M3_0235,哥,侍無劣奔渚走欲没誊意固凡功德朱饒为哮哥,主爾攓侍𬻝穷冉渚生密没呌意固几功徳朱饒为時㝵,21,sub,13,19,0.914
M3_0236,寻,女燒麻卢寻夤唐軍讨庄固敷涟吆虐寻礼檑麻打罪法罡,女燒麻户㝵並虗車时庄因欺遺冶意㝵礼櫺麻打眾法選,4,sub,15,23,1.116
M3_0237,寻,壮儿涪剐娥迎天莹想舜晤寻礼姑缄支由汕砾,厅伐丑代唯几諸别擬連天盡塊氏時㝵礼結城支由沙林,15,sub,19,19,1.163
M3_0238,寻,債的本時寻威几仔本道公位命庠參忌謂欺,别意債而丕時㝵底几佇本遁后位命麻多尼謂欺,6,sub,12,18,0.893
M3_0239,景,体事石不萌明潦俸祝固景即重旦懷因,悲除㝵体事云丕寺明凜俸祝固㝵郎重旦愜因丆,13,sub,11,16,1.377
M3_0240,早,思正祕仍衡当麻打早歇寺歇餂朱年励庄岸混叁霖,馀思丕祕仍衝与麻打㝵歇寺歇飭朱年命庒洋鳬飬麻,9,sub,12,21,1.217
M3_0241,,朱葉弄德主奇至未弄嗣世間為事人,㝵歹斫尼朱葉弄徳主奇案主末弄朝世間為亊入,0,del,11,15,1.063
M3_0242,暑,曰無然暑色旦后祕体坦罝安懸佬朵喰,弇垩曰無𦀇尋㝵色旦君𬒳体菌坦置安慰陪菜有,6,sub,13,16,1.425
M3_0243,,官重浸壳寻麻歇凛欺意固必忘堕於連斧拿言,官重浸壳㝵麻敬廩歇意因似忘黄於蓮壳㝵白証事重,17,del,14,19,0.896
M3_0244,寻,寻如斧侦綿庄敢呐庫考几庄沛猛姚双窝闳主恶,拱罡㝵如弃𭃡綿注敢呐庫芳几庄怖樞姚双膏𦋺知主吞,2,sub,13,20,1.066
M3_0245,,把边夏猿把边女朱碎只为德主,麻㝵走把边夏委羸把边卷女朱碎召為德主,1,del,8,13,1.117
M3_0246,等,摩双膏等在团姑記其庄之旦疾斟勫哥些,街鲁摩双雷爲㝵庄因出私兵庄𡖋之旦族断勧㝵些,6,sub,15,17,0.832
M3_0247,寻,麻喂仍麻寻弄娹启峪嬏寻些寻特女庄吆窿,血户行麻𭩮仍麻㝵善然君𨺚矯㝵些尋時女庄吹廟犯,13,sub,16,18,1.412
M3_0248,,初迧共年堊唐師秘事寻而朱特佃遷命罘,㝵代𭃡固罪共年垩店沛𬒳事㝵而朱特佃遝命異,0,del,12,17,1.392
M3_0249,翠,朱崇寺主尽破巢寻翠些時庄曳孙奴固袋孵奴违,召朱葉寺与主尽攷葉手㝵些時庒曳斫奴因戔時奴迤,10,sub,13,20,1.194
M3_0250,寻,其主修幸祝匠氏年艍言麻寻些阮,㝵礼匿𭰖嗔共与主喬辛祀既氏年醋言麻㝵些陈,17,sub,14,14,1.086
M3_0251,景,奉物困心悲涂羽淖凛連判兆孤景姑逸,商餘奉物困𡖋在悲除羽陣漂運刾代孤㝵䏻茂,16,sub,13,16,1.205
M3_0252,导,导咽行寻俸祝施奴連爅仍餗沛女某走魂罟孵麻,仍責㝵呬行㝵俸祝祀奴連嘿仍蛛邙共某庒塊買䏷麻,2,sub,14,20,1.162
M3_0253,寻,体寻厄冤鐛麻垂天神奄朱官運明寻麻,囚落南体㝵犯耽殊歸麻垩天神乇𫠉朱官運明㝵麻,19,sub,12,16,1.155
M3_0254,,瑪軍志祕檑持麻打內廉木鸦罘託祕墁共,傷㝵城署瑪軍与祕橊持麻打丑匈廉木羽䍐断祀海共,1,del,13,17,1.412
M3_0255,哥,理之耻特奴連鈷练官履哥立付朱碑狞特岳徜奇百,群理之壮特奴建針殊官辰㝵女付朱𥓓存特舞倘詩𥄂,11,sub,14,21,1.261
M3_0256,旱,勔旱些焼共麻牢庄朱寻些鰟可実時走市理流,坦吏𭄿㝵些燒共麻宇庒朱㝵些鱠事实時庒沛理𡨚,3,sub,14,19,1.204
M3_0257,寻,主寮乔坦闢物初毫世閭石寻庫巾雜天下,無虜昇主實乔坦門物𥘉世閻而㝵庫中報天,13,sub,13,17,1.148
M3_0258,,朱用除因几呐甚导朱别事众惦呈枈几髀尊欺,㝵摂吏朱用除因几内甚㝵朱别亊氏浪呈柒几曄真欺,0,del,11,19,1.219
M3_0259,寻,翁皇尼先宾尼椰些義晃屯特夸寻特仍几的繚適心翁,翁至尼先要尼櫛些義乇㐌持𢘻㝵特仍几以顛道丕翁,13,sub,12,22,0.954
M3_0260,學,事之毒學所無役因奏得外石麻庄体埃旦,吿事之寺㝵所每役因戛得外可丕麻庒体侯旦,4,sub,9,17,1.119
M3_0261,哥,商呃敢祂商其朱漂寿哥双窗旭堇何得些不,僥吞取祀夜呪聚袍夜其亦朱漂弄㝵双云㐫把垩預将些而,14,sub,19,18,1.042
M3_0262,寻,尽按教習女罢寻勉方主承時庄已具些蜍魔恩府不歇,尽拱赦眉女罢㝵勉方主乔時庒及母些餘魔鬼府人歇,6,sub,11,22,1.212
M3_0263,寻,体義事遅尼罢麻廘正体彲儀寻女,歳寺体幾事逕尼罢裔麻麾石体幾形𰂸㝵女,16,sub,11,14,1.110
M3_0264,,本道得也四年蜀朱官庄年吩公泼,本邁等也固年置朱包生年時渴冕石特以尤庄㝵殊仍例坤,19,del,19,14,0.745
M3_0265,暑,禎需何固露暑垂先咒何猾此生哭於缄顔雷接,中居樓槎离何固憂㝵垂先要何𢖍些生㘴於城頗离積,8,sub,15,19,1.147
M3_0266,寻,等惰行旦哹麳曰母群生莆天下押寻私羽本,润冬李脩行旦時葬曰丑難生詩天下押㝵仏相本,16,sub,12,18,1.091
M3_0267,等,主奉建呼後主奉於周渃年街賓宮赦等,奸主吞建呌禳主吞𭔿君除固法任劳真官赦㝵,18,sub,15,16,1.298
M3_0268,,閭双需器末德主乔关浑鞋碎喗柒保碎朱特,㝵世間双賣𨐫末徳主乔笑洋莊碎真染保碎朱時,0,del,12,18,1.400
M3_0269,寻,罢南哥辈凌背洞屹召累桨少丘歇寻仔衣椿稔東圃米,罢南母韋房㸔祠物石累老与不欺㝵仔衣稽移車困米,14,sub,16,22,0.975
M3_0270,寻,仅固丳吞歌供诸今麻乜旦徐各柒嗖毒寻建,朗如超衣固莭𠫭聚併渚今麻西旦除各柒要寺㝵建,19,sub,14,18,1.396
M3_0271,呻,侍呻寻滚寺初罘几固罪石硕佬除奴办之,餘孛岫㝵踈浪孛𭃡罡几固罪石磊僥餘奴而之,3,sub,13,17,1.159
M3_0272,旱,阿庯二酥畜佞仄弇歪計狻姑狻昌明旱潫,㑹㝵卄阿浦蘇离侯食弇垩計移姑移烏明㝵原,17,sub,15,17,1.254
M3_0273,导,命仕召蜀欣几烙导延垂末麻踈浪弇四罚碎挤,别幾命仕弓罰欣几恪㝵運蟊末麻踈浪弇罰碎格,9,sub,11,19,1.377
M3_0274,寻,寻包涸翁是边稣床馏命凛止勉德主函欽弄欷飭朱年谷,㝵包用翁皇边殊麻𨺻命𫝗共勉德主爾欽弄歇飭朱年各,0,sub,11,23,1.007
M3_0275,寻,建我役官該拎寻中敵設碉我而步玩麻扒公捐歪王意,益廩連代歿官該扲㝵中殿故爾烕而庫𠁅麻扒公翁𦤳意,8,sub,16,22,1.033
M3_0276,寻,俐示歡仍古卒共鬫中搪哩旦低仕俘事惙寻直,浪瓮侑遍黙仍古卒兵𮪍一中槽理旦低仕保坌事條㝵直,21,sub,14,19,1.177
M3_0277,寻,朱楼亭各桐别寻圆才時用龍文天下寐辱助二心,尾朱樓爲各例別㝵國才時用執仗矢下麻冐勧巴代,7,sub,15,20,0.824
M3_0278,导,特寻麻伐导民驶衣押不焉寻庄閑事訲重,令共賊左尋特㝵麻代㝵及耶衣押不爲㝵住閱事許重,9,sub,15,17,1.211
M3_0279,導,李婁固啃仁方予体功葉導時接的曰無油麻寻庄閣,斈共柴固皆仁短天下体功華㝵時撰白曰𭴾油麻㝵庄閑,12,sub,14,21,1.262
M3_0280,寻,奇共巴慕軍發折谷寻信道公正双雷官共開鹿哥軍体,奇共巴奡軍發折各㝵信道公正双离官共闘曉㝵軍体,8,sub,7,22,1.189
M3_0281,寻,年裔坦叁閃物氖寻罘德支歌衆俨默渚兆眾罘天,鄧年爾坦壬閃𢪱昆㝵要德丈啾衆倅敗渚犯服宗天,8,sub,14,20,1.030
M3_0282,意,可待政咋里有朱石意閱朱是此保旱石,墓架歹传改唯署朱𫠦悉㝵悶朱㝵些保呈呈,10,sub,15,16,1.109
M3_0283,詩,斟寻史衔囚周嚣寻文袍印麻祐泖罢詩,庫馬道冷衛㝵逆術囚固鄂㝵女祀巾麻福泖罢㪷㝵,20,sub,17,16,1.255
M3_0284,导,為爲召死爲道歇困滓咱旦岊昆导號孚施,古𥙊礼皮連爲烝召死爲道歇困泽吶旦以昆㝵曳𤰞苑,18,sub,13,17,1.153
M3_0285,寻,尼閑埋年迊送些诸朱圣夺边意女双斋吃寻庄宜得輂变,尼爾埋年運共些渚朱多李边意女双看乇㝵在直得輝交,17,sub,13,23,0.937
M3_0286,哥,主丞朱年召打馬道麻庇壬哥些貝双窉事五主丞蜀九,主吞朱年召町馬道麻庄天㝵些貝双嚼事好主忝罰,11,sub,10,22,1.275
M3_0287,导,导質芌行主斥川朗無穷為功業她垂歂些移即朱,時忌㝵𮅕共勿主斥州朗無穷爲功荼妃至𰙔些移那朱,2,sub,13,20,1.212
M3_0288,,道奇折左道宸旦欽倒昕歪,吒逐𥙷道寿㝵朝折生赤補道疾旦欺朝折昆采,5,del,15,11,1.072
M3_0289,,其主修幸祝匠氏年艍言麻寻些阮,㝵礼匿𭰖嗔共与主喬辛祀既氏年醋言麻㝵些陈,0,del,14,14,1.086
M3_0290,,敛局歇仍先几庫中垴特罢斝龠百豚导毒,平㝵百效局歇仍先几庫甲中城特罢屏献森㝵赶,1,del,12,17,1.417
M3_0291,导,巴翁堊尼代秦点沛事庫漿麻岧导畧吕劭涣寻娄,為𭴾巴翁垩巳代希与沛事庫凜麻心㝵畧召别曵㝵委,15,sub,14,20,1.330
M3_0292,寻,庄悲徐舜寻女家包招吆昆甥寻佯乳連哭共呺禔,君固農庄悲餘昇㝵女象色炤出昆甥㝵洋乳連哭共呌屐,15,sub,14,20,1.278
M3_0293,哥,凛等哥饭禎命朱故旦哦雲瑪於秋奉垊,庫巾黙襖死民廪寺㝵版襖命朱故旦𢦙百瑪於外宰振,8,sub,16,16,0.905
M3_0294,寻,停除寻新連拘稗意麻除侍無群穷在呛,𭄿悲停餘㝵折運拘禪意麻餘孛無𭁡穷在吻,4,sub,11,16,1.194
M3_0295,寻,生罷叔卿在姑骨移陋寻除奉歹主支秋潓,妃垩在生䍐於城君姑眉移随㝵餘奉知主支秋凜,12,sub,13,17,1.050
M3_0296,寻,仕朱旦歌希共含遷有五仍偈庫餐飭寻些么庄情,命死仕朱旦歇希共含遭南不仍傍庫冬飭㝵些云庄特,17,sub,11,20,0.889
M3_0297,导,事占吏朱塂几奸女歇导菇旦熟巴导相畤庄,附愧事与吏朱塊几奸女欺㝵䏻旦㢤巴㝵胡聘庄,11,sub,11,18,1.346
M3_0298,寻,壕師寺双齊庄剐府芥朱特奇徍朱戮寻魏周瓢晃姬,連序弄双离庄别刷带朱特寺付末幾㝵蕤固駈昆巧,15,sub,17,21,1.349
M3_0299,寻,閱徐翁呈虫洞觋毫麻走朱寻包涸谷寻女童自敷意,閉涂翁𦤳由因現竈麻遣朱㝵包用各冐女童貞數意,11,sub,14,21,0.930
